Date,"Imp Vol","1D IV Chg","IV Rank","IV Pctl","P/C Vol","Options Vol","P/C OI","Total OI",Last,"Call Volume","Put Volume","Call OI","Put OI"
2026-03-16,50.83%,-0.10%,18.89%,28%,0.2423046566693,37776,0.63203371069753,1871063,23.565,30408,7368,1146461,724602
2026-03-13,50.92%,-0.23%,19.00%,29%,0.23291115340088,248132,0.6098373824788,1967928,23.53,201257,46875,1222439,745489
2026-03-12,51.16%,-0.05%,19.27%,30%,0.15364304422977,108792,0.61630525081394,1947546,24.43,94303,14489,1204937,742609
2026-03-11,51.21%,-2.22%,19.33%,30%,0.16869662877834,120710,0.61824583437997,1932671,24.46,103286,17424,1194300,738371
2026-03-10,53.43%,+0.18%,21.88%,38%,0.19385617629192,113987,0.62182654350699,1907148,24.37,95478,18509,1175926,731222
2026-03-09,53.25%,-1.03%,21.68%,37%,0.17499068572661,179763,0.63325310368992,1855222,24.8,152991,26772,1135906,719316
2026-03-06,54.28%,+3.66%,22.86%,40%,0.20332127302533,248108,0.594314842118,1950759,24.37,206186,41922,1223572,727187
2026-03-05,50.62%,-0.80%,18.65%,27%,0.18503566032525,145885,0.60136508423073,1922458,23.88,123106,22779,1200512,721946
2026-03-04,51.42%,-0.10%,19.57%,30%,0.11174379091827,84736,0.6081865374165,1905849,23.87,76219,8517,1185092,720757
2026-03-03,51.52%,-0.24%,19.69%,30%,0.21062729488042,109793,0.60977651357754,1878907,23.82,90691,19102,1167185,711722
2026-03-02,51.76%,-0.37%,19.96%,31%,0.23770936921954,145869,0.61160377317234,1842603,24.2,117854,28015,1143335,699268
2026-02-27,52.13%,+1.85%,20.39%,32%,0.15051532661257,224599,0.58154594550292,1968245,24.03,195216,29383,1244507,723738
2026-02-26,50.28%,-0.28%,18.25%,26%,0.25153292959879,132262,0.58513746964585,1945249,24.1,105680,26582,1227180,718069
2026-02-25,50.56%,+0.10%,18.57%,26%,0.18555638043389,114980,0.5898211802007,1913442,24.22,96984,17996,1203558,709884
2026-02-24,50.46%,-2.14%,18.46%,26%,0.22033451527597,143515,0.59421816519044,1882676,23.77,117603,25912,1180940,701736
2026-02-23,52.60%,+5.57%,20.93%,31%,0.1779232436456,161412,0.60964907233396,1818361,23.64,137031,24381,1129663,688698
2026-02-20,47.02%,-1.75%,14.50%,20%,0.19140922297466,214462,0.56804173932689,1998891,23.43,180007,34455,1274769,724122
2026-02-19,48.78%,+0.73%,16.52%,23%,0.31219013699739,129689,0.57517950719188,1969773,23.9,98834,30855,1250507,719266
2026-02-18,48.05%,+1.55%,15.68%,21%,0.18104641974235,162910,0.58299910407706,1931213,23.87,137937,24973,1219971,711242
2026-02-17,46.49%,-4.60%,13.89%,18%,0.20549364254566,144300,0.58498368802508,1909815,23.26,119702,24598,1204943,704872
2026-02-13,51.10%,-1.84%,19.20%,26%,0.17938260887121,175248,0.55626698006655,2039270,23.57,148593,26655,1310360,728910
2026-02-12,52.94%,+1.54%,21.32%,30%,0.12384180675594,220146,0.5620581496264,2010461,23.52,195887,24259,1287059,723402
2026-02-11,51.40%,-1.62%,19.55%,27%,0.21399498746867,121096,0.56729972231358,1987300,24.21,99750,21346,1267977,719323
2026-02-10,53.02%,+0.28%,21.42%,30%,0.14146270076464,155998,0.57716251532555,1955303,24.82,136665,19333,1239760,715543
2026-02-09,52.75%,-1.52%,21.10%,29%,0.24528765013077,147127,0.57818994475856,1920119,24.64,118147,28980,1216659,703460
2026-02-06,54.27%,-2.63%,22.85%,32%,0.1522948593003,300318,0.54806651579258,2061023,24.98,260626,39692,1331353,729670
2026-02-05,56.90%,-1.42%,25.88%,42%,0.21279708420866,239582,0.5541825908173,2034941,24.69,197545,42037,1309332,725609
2026-02-04,58.32%,-1.04%,27.52%,44%,0.15166001036554,188878,0.55694475104859,2017106,24.98,164005,24873,1295554,721552
2026-02-03,59.36%,-2.24%,28.72%,44%,0.20371261547686,305158,0.56298524921844,1966820,24.52,253514,51644,1258374,708446
2026-02-02,61.60%,+9.59%,31.30%,51%,0.14546135650007,544282,0.57981341849966,1842113,25.85,475164,69118,1166032,676081
2026-01-30,52.01%,+6.18%,20.25%,28%,0.11017005972607,413948,0.53361070738003,2012200,23.88,372869,41079,1312067,700133
2026-01-29,45.83%,-7.84%,13.12%,14%,0.10687992225248,241457,0.53675940246927,1992155,22.81,218142,23315,1296335,695820
2026-01-28,53.67%,-3.59%,22.16%,31%,0.11541064006227,219244,0.54054073066642,1970937,23.64,196559,22685,1279380,691557
2026-01-27,57.26%,+0.74%,26.30%,41%,0.11619210006913,311604,0.55428043611362,1911552,24.21,279167,32437,1229863,681689
2026-01-26,56.52%,+11.52%,25.45%,39%,0.10603954812014,768755,0.60534458303077,1753131,24.01,695052,73703,1092059,661072
2026-01-23,45.00%,-1.07%,12.17%,14%,0.13671244773953,358618,0.58545756016252,1814859,22.99,315487,43131,1144691,670168
2026-01-22,46.07%,+6.77%,13.41%,15%,0.12274777020664,506668,0.6181274089226,1708694,23.14,451275,55393,1055970,652724
2026-01-21,39.30%,+2.05%,5.60%,7%,0.11165945475569,186512,0.64063771218237,1661651,21.69,167778,18734,1012808,648843
2026-01-20,37.25%,+2.81%,3.24%,3%,0.15425531914894,158844,0.66032386524371,1602264,21.1,137616,21228,965031,637233
2026-01-16,34.44%,-2.83%,0.00%,2%,0.1187468524425,266575,0.53074179671702,2289829,21.1,238280,28295,1495895,793934
2026-01-15,37.27%,-1.40%,1.08%,3%,0.36966621086217,156257,0.53336909515599,2266778,21.36,114084,42173,1478299,788479
2026-01-14,38.67%,-1.21%,2.73%,4%,0.12555975652267,83951,0.53690001664252,2253286,21.02,74586,9365,1466124,787162
2026-01-13,39.88%,-0.81%,4.16%,6%,0.24453348163503,98465,0.53804679321018,2231609,21.02,79118,19347,1450937,780672
2026-01-12,40.69%,+0.62%,5.11%,8%,0.2383163007619,115234,0.53835294744988,2192536,20.98,93057,22177,1425249,767287
2026-01-09,40.07%,+2.01%,4.38%,6%,0.1194723181961,203154,0.52465495600074,2261725,21.23,181473,21681,1483434,778291
2026-01-08,38.06%,-4.13%,2.01%,3%,0.10560960214806,110352,0.5285368231568,2245121,21.42,99811,10541,1468804,776317
2026-01-07,42.19%,+0.73%,6.87%,8%,0.14209975553944,263029,0.54182405311009,2188684,21.29,230303,32726,1419542,769142
2026-01-06,41.45%,+0.27%,6.01%,8%,0.088892561376448,118600,0.55337466311173,2149855,20.66,108918,9682,1383990,765865
2026-01-05,41.18%,+0.47%,5.69%,7%,0.16700385606336,134978,0.56523468635459,2093348,20.72,115662,19316,1337402,755946
2026-01-02,40.71%,+0.28%,5.13%,7%,0.24023002806232,179434,0.54865389459977,2145454,20.62,144678,34756,1385367,760087
2025-12-31,40.43%,+1.89%,4.81%,6%,0.19191281350291,160441,0.55575745856109,2107874,20.08,134608,25833,1354886,752988
2025-12-30,38.54%,-0.64%,2.57%,3%,0.17024913767815,115692,0.55812666903908,2084144,20.5,98861,16831,1337596,746548
2025-12-29,39.18%,+0.50%,3.33%,4%,0.17729666978549,135893,0.5644221074822,2048204,20.53,115428,20465,1309240,738964
2025-12-26,38.68%,+0.01%,2.74%,3%,0.23727574276848,138758,0.53990903048843,2133912,21.09,112148,26610,1385739,748173
2025-12-24,38.67%,+2.27%,2.73%,3%,0.14449705445136,41575,0.54334289603883,2123379,21.53,36326,5249,1375831,747548
2025-12-23,36.40%,-2.57%,0.06%,2%,0.24499863908547,146372,0.5355809379104,2085970,21.38,117568,28804,1358424,727546
2025-12-22,38.97%,-1.21%,3.08%,2%,0.21186940165467,166546,0.5356156632216,2038086,21.74,137429,29117,1327211,710875
2025-12-19,40.18%,-0.40%,4.51%,3%,0.16883295603889,169870,0.51066970710365,2198106,22.51,145333,24537,1455054,743052
2025-12-18,40.59%,-1.82%,4.99%,3%,0.1914175856065,131380,0.51162440389007,2177631,22.56,110272,21108,1440590,737041
2025-12-17,42.41%,+0.17%,7.13%,4%,0.19590566798531,219475,0.51376260017194,2146420,23.03,183522,35953,1417937,728483
2025-12-16,42.24%,-0.66%,6.89%,4%,0.18267671933902,121099,0.52209232254353,2119165,22.28,102394,18705,1392271,726894
2025-12-15,42.90%,+3.33%,7.66%,4%,0.12778038812401,254425,0.54355178335714,2051050,22.09,225598,28827,1328786,722264
2025-12-12,39.57%,+3.21%,3.76%,2%,0.28207032901729,224370,0.52370592288939,2195613,21.23,175006,49364,1440969,754644
2025-12-11,36.36%,-7.04%,0.00%,2%,0.14288121860314,176318,0.53782200841512,2172475,21.86,154275,22043,1412696,759779
2025-12-10,43.39%,-17.35%,4.16%,3%,0.21865318279835,326086,0.54331823820802,2134761,22.12,267579,58507,1383228,751533
2025-12-09,60.74%,-0.64%,25.38%,34%,0.29112416288102,203782,0.54577133148952,2066265,23.11,157833,45949,1336721,729544
2025-12-08,61.38%,-0.96%,26.16%,36%,0.20044567938595,130905,0.55219036196201,2021447,23.35,109047,21858,1302319,719128
2025-12-05,62.34%,-0.27%,27.34%,38%,0.096997574851924,262811,0.53218786696176,2105934,23,239573,23238,1374462,731472
2025-12-04,62.61%,+0.45%,27.67%,38%,0.20977148011209,175706,0.53253190278673,2065735,22.95,145239,30467,1347923,717812
2025-12-03,62.16%,+2.55%,27.12%,37%,0.18904893544789,171619,0.53566322621899,2036572,23.21,144333,27286,1326184,710388
2025-12-02,59.61%,+59.61%,24.00%,30%,0.1116378346315,228635,0.54629516698763,1990470,22.81,205674,22961,1287251,703219
2025-12-01,0.00%,-63.35%,0.00%,0%,0,0,0.55701280678926,1943289,0,0,0,1248088,695201
2025-11-28,63.35%,+3.16%,28.57%,40%,0.07632109986383,328025,0.55948819168387,1972882,22.53,304765,23260,1265083,707799
2025-11-26,60.19%,-0.66%,24.61%,31%,0.17858831044395,184508,0.56544576427323,1932153,21.63,156550,27958,1234251,697902
2025-11-25,60.85%,-3.93%,23.89%,33%,0.15980128737943,180000,0.57425428442949,1890459,21.06,155199,24801,1200860,689599
2025-11-24,64.78%,-5.74%,27.33%,42%,0.23570189152507,143853,0.5899592297016,1832905,20.49,116414,27439,1152800,680105
2025-11-21,70.52%,+1.81%,33.65%,56%,0.37363774269919,216418,0.55275419032842,2031577,20.14,157551,58867,1308370,723207
2025-11-20,68.70%,+3.29%,31.65%,54%,0.26495909081199,177642,0.56127775147092,2007964,19.94,140433,37209,1286103,721861
2025-11-19,65.41%,-0.28%,28.03%,47%,0.17609948522829,84077,0.56881886392382,1993233,20.42,71488,12589,1270531,722702
2025-11-18,65.70%,+0.83%,28.34%,47%,0.16427794910479,104955,0.57591683784067,1969428,20.5,90146,14809,1249703,719725
2025-11-17,64.87%,+0.50%,27.43%,42%,0.20601663818941,129168,0.58641743762449,1937003,20.5,107103,22065,1220992,716011
2025-11-14,64.37%,+0.28%,21.63%,41%,0.24522282834083,156136,0.55193672679942,2041281,20.66,125388,30748,1315312,725969
2025-11-13,64.10%,+3.19%,21.39%,40%,0.2250147288165,176739,0.55885975283348,2023891,20.96,144275,32464,1298315,725576
2025-11-12,60.91%,-4.27%,18.56%,33%,0.16825955480041,115514,0.56350691208541,1998129,21.36,98877,16637,1277979,720150
2025-11-11,65.19%,+4.78%,22.35%,42%,0.14831970783355,137091,0.56819253461626,1965549,21.45,119384,17707,1253385,712164
2025-11-10,60.41%,+0.31%,18.11%,32%,0.10962650030293,135532,0.57914559090411,1929997,21.49,122142,13390,1222178,707819
2025-11-07,60.10%,+1.92%,17.84%,30%,0.38429410649991,182623,0.5577469020481,2022010,21.5,131925,50698,1298035,723975
2025-11-06,58.18%,+2.92%,16.14%,29%,0.078004604933206,189151,0.55993154394402,2016224,21.35,175464,13687,1292508,723716
2025-11-05,55.26%,-0.46%,13.54%,22%,0.20953210125714,91691,0.5652414378248,1992388,22.01,75807,15884,1272895,719493
2025-11-04,55.71%,+2.52%,13.95%,23%,0.19302130924563,136830,0.57191333729333,1952986,21.98,114692,22138,1242426,710560
2025-11-03,53.20%,-1.80%,11.71%,16%,0.19049275866568,136865,0.58848840355252,1896428,22.11,114965,21900,1193857,702571
2025-10-31,54.99%,+1.48%,13.31%,21%,0.31373244707095,236975,0.54517774010593,2025317,22.29,180383,56592,1310734,714583
2025-10-30,53.51%,-5.83%,12.00%,17%,0.16248868150783,142506,0.54494094662313,2008570,22.58,122587,19919,1300095,708475
2025-10-29,59.35%,+5.70%,17.17%,27%,0.115075927661,126153,0.55415606406024,1971534,23.38,113134,13019,1268556,702978
2025-10-28,53.64%,-1.25%,12.11%,17%,0.28647471288466,110449,0.55074752680728,1935305,23.3,85854,24595,1247982,687323
2025-10-27,54.89%,-0.10%,13.22%,19%,0.13040318907772,220900,0.56886783019764,1867130,23.53,195417,25483,1190113,677017
2025-10-24,54.99%,-0.31%,13.31%,19%,0.12968104735963,257138,0.55152712111237,1944335,23.3,227620,29518,1253175,691160
2025-10-23,55.30%,+5.18%,13.58%,20%,0.10216906844557,376372,0.59224225997407,1851644,23.63,341483,34889,1162916,688728
2025-10-22,50.12%,+8.84%,8.98%,10%,0.18371336804517,237344,0.60610510506716,1779497,22.49,200508,36836,1107958,671539
2025-10-21,41.28%,+1.28%,1.14%,2%,0.12120831764361,160788,0.64358415033709,1696049,22.8,143406,17382,1031921,664128
2025-10-20,40.00%,-6.67%,0.00%,2%,0.21877447572448,138493,0.65974864064806,1632152,23.37,113633,24860,983373,648779
2025-10-17,46.67%,-1.64%,0.72%,4%,0.2848217477495,158141,0.56118255852115,2045477,23.07,123084,35057,1310210,735267
2025-10-16,48.31%,+1.53%,2.26%,7%,0.15647074602843,155203,0.57319904449527,2015924,22.95,134204,20999,1281417,734507
2025-10-15,46.78%,-0.49%,0.83%,4%,0.24702405765686,134615,0.57828044333237,1963575,23.38,107949,26666,1244123,719452
2025-10-14,47.28%,+0.83%,1.29%,5%,0.2421120037257,106685,0.58214580134097,1944155,23.21,85890,20795,1228809,715346
2025-10-13,46.44%,-5.12%,0.51%,3%,0.17054767665369,122403,0.59718935544555,1902663,23.59,104569,17834,1191257,711406
2025-10-10,51.57%,+5.11%,5.31%,11%,0.30585782182564,154688,0.58231841876594,1953899,23.3,118457,36231,1234833,719066
2025-10-09,46.46%,+46.46%,0.52%,3%,0.22796715997556,138651,0.59027778912337,1946764,24.07,112911,25740,1224166,722598
2025-10-08,0.00%,unch,0.00%,0%,0.2381867229417,124387,0.60245938356046,1860231,24.41,100459,23928,1160860,699371
2025-10-07,0.00%,unch,0.00%,0%,0.32905561793891,115992,0.6115497399848,1826213,24.35,87274,28718,1133203,693010
2025-10-06,0.00%,unch,0.00%,0%,0.26419020958415,137286,0.69944663249862,3162004,25.05,108596,28690,1860608,1301396
2025-10-03,0.00%,-54.65%,0.00%,0%,0.49145858970796,112714,0.59153784357,1959312,25.38,75573,37141,1231081,728231
2025-10-02,54.65%,-0.15%,8.19%,13%,0.24662136308677,325802,0.58774319405157,1913483,27.22,261348,64454,1205159,708324
2025-10-01,54.80%,-1.37%,8.33%,13%,0.18547904610137,212017,0.58678357959383,1902663,27.69,178845,33172,1199069,703594
2025-09-30,56.16%,-1.78%,9.61%,15%,0.21727374854814,127860,0.58733654484827,1892702,27.28,105038,22822,1192376,700326
2025-09-29,57.94%,+1.43%,11.28%,20%,0.25675928557072,181329,0.5993716618997,1846433,27.21,144283,37046,1154474,691959
2025-09-26,56.51%,+2.94%,9.94%,16%,0.23466595957526,307317,0.57752035718234,1983216,26.42,248907,58410,1257173,726043
2025-09-25,53.57%,+3.31%,7.18%,11%,0.28301214125849,194334,0.57393081348937,1957833,25.27,151467,42867,1243913,713920
2025-09-24,50.26%,-5.84%,4.08%,6%,0.20463644126887,153761,0.57749160720065,1930326,26.25,127641,26120,1223668,706658
2025-09-23,56.10%,-0.23%,9.55%,14%,0.18275384932434,200873,0.58493958173914,1884826,26.8,169835,31038,1189210,695616
2025-09-22,56.33%,+5.35%,9.77%,14%,0.21601181749195,330101,0.60132790020196,1791982,26.78,271462,58639,1119060,672922
2025-09-19,50.98%,-1.08%,4.76%,8%,0.16682884339221,297385,0.56979715968837,2007904,26.08,254866,42519,1279085,728819
2025-09-18,52.06%,-1.34%,5.77%,9%,0.21123471866235,180520,0.57191712104689,1981991,25.88,149038,31482,1260875,721116
2025-09-17,53.40%,-1.03%,7.03%,10%,0.21004755818254,186501,0.57374260784326,1952234,26.1,154127,32374,1240504,711730
2025-09-16,54.43%,+3.49%,7.99%,10%,0.1906351548578,295318,0.59421483611329,1881258,26.34,248034,47284,1180053,701205
2025-09-15,50.94%,+5.05%,4.73%,7%,0.20180121509182,280498,0.61445396202918,1809748,25.53,233398,47100,1120966,688782
2025-09-12,45.90%,-0.04%,0.00%,0%,0.21675892097085,298735,0.61698432610875,2028827,24.93,245517,53218,1254698,774129
2025-09-11,45.94%,-14.51%,0.00%,0%,0.3810938398378,273835,0.63753940913184,1995029,24.85,198274,75561,1218309,776720
2025-09-10,60.45%,-6.09%,13.40%,17%,0.49934771601322,755094,0.60896132904857,1921095,0,503615,251479,1193997,727098
2025-09-09,66.54%,+0.77%,19.12%,34%,0.45350430967077,316018,0.61640911977037,1789651,0,217418,98600,1107177,682474
2025-09-08,65.78%,-1.50%,18.40%,31%,0.45921216921982,217373,0.61147253509318,1700985,0,148966,68407,1055547,645438
2025-09-05,67.28%,+1.47%,19.81%,34%,0.27235283132405,245274,0.57468211799681,1777624,0,192772,52502,1128878,648746
2025-09-04,65.81%,+0.42%,18.43%,31%,0.30024213075061,131565,0.57756621880998,1746563,0,101185,30380,1107125,639438
2025-09-03,65.39%,-4.12%,18.04%,30%,0.28974764300964,204790,0.57993696622548,1685867,0,158783,46007,1067047,618820
2025-09-02,69.51%,+8.42%,21.90%,38%,0.31171923922533,286974,0.59764502604498,1571883,0,218777,68197,983875,588008
2025-08-29,61.09%,-4.20%,13.99%,18%,0.29442492631993,210379,0.57933010703984,1656204,22.41,162527,47852,1048675,607529
2025-08-28,65.29%,-0.12%,17.94%,27%,0.1571637748005,158057,0.60470550454873,1609035,22.79,136590,21467,1002698,606337
2025-08-27,65.41%,+0.02%,18.05%,29%,0.2111294756548,143623,0.61565484526393,1560931,22.5,118586,25037,966129,594802
2025-08-26,65.38%,+1.24%,18.02%,28%,1.0599995764237,194534,0.59247488001234,1486131,22.3,94434,100100,933221,552910
2025-08-25,64.14%,-2.33%,16.86%,24%,0.27080434700861,135178,0.5987433583631,1437371,22.68,106372,28806,899063,538308
2025-08-22,66.47%,+0.76%,19.05%,30%,0.31640655564049,218717,0.55040478570863,1508902,22.89,166147,52570,973231,535671
2025-08-21,65.71%,+0.80%,18.33%,28%,0.18205083172341,94226,0.55664387204302,1486900,22.56,79714,14512,955196,531704
2025-08-20,64.91%,+2.15%,17.58%,26%,1.0240460376566,173398,0.53753683892292,1434179,22.63,85669,87729,932777,501402
2025-08-19,62.76%,+2.41%,15.56%,21%,0.1896713504891,101429,0.54912530839374,1398335,22.82,85258,16171,902661,495674
2025-08-18,60.35%,-2.50%,13.30%,16%,0.2096143669233,141716,0.56471764001247,1340201,23.11,117158,24558,856513,483688
2025-08-15,62.84%,+2.39%,15.64%,21%,0.19252052295531,215721,0.5053592133158,1551506,22.94,180895,34826,1030655,520851
2025-08-14,60.46%,-0.47%,13.40%,16%,0.22397747139432,116918,0.51257396669162,1529359,22.89,95523,21395,1011097,518262
2025-08-13,60.92%,-2.01%,13.84%,17%,0.30248041069981,120512,0.51819492192104,1507229,23.02,92525,27987,992777,514452
2025-08-12,62.93%,+6.04%,15.72%,20%,0.19548218090826,122305,0.53035118993457,1480021,22.93,102306,19999,967112,512909
2025-08-11,56.89%,+5.57%,10.05%,13%,0.2337084384478,130572,0.54550348291101,1438380,22.41,105837,24735,930687,507693
2025-08-08,51.32%,+5.14%,4.82%,6%,0.23670908821025,158300,0.51479395998594,1546591,22.27,128001,30299,1020991,525600
2025-08-07,46.18%,-1.60%,0.00%,0%,0.20296360652573,99692,0.51918598021962,1532213,22.65,82872,16820,1008575,523638
2025-08-06,47.78%,+1.55%,1.46%,2%,0.20322834553165,102420,0.52931149349642,1508129,22.81,85121,17299,986149,521980
2025-08-05,46.23%,-2.06%,0.00%,0%,0.17333025951785,106881,0.54214748759144,1482050,22.81,91092,15789,961030,521020
2025-08-04,48.29%,-0.84%,1.56%,2%,0.13976922810781,131771,0.55820694479184,1439068,22.63,115612,16159,923541,515527
2025-08-01,49.13%,+0.10%,2.36%,2%,0.28834159693088,229701,0.5240622405141,1561955,22.1,178292,51409,1024863,537092
2025-07-31,49.03%,+1.56%,2.26%,2%,0.37494481321694,177515,0.51276738515245,1514973,22.45,129107,48408,1001458,513515
2025-07-30,47.47%,-4.14%,0.79%,1%,0.27810363418767,107863,0.51723940341514,1482792,22.45,84393,23470,977296,505496
2025-07-29,51.62%,+4.46%,4.70%,4%,0.23693281876428,132050,0.52281508768715,1446018,22.55,106756,25294,949569,496449
2025-07-28,47.16%,-3.70%,0.49%,1%,0.2245697544138,175967,0.52893435212331,1393483,22.98,143697,32270,911408,482075
2025-07-25,50.86%,-1.71%,3.98%,2%,0.23734854331771,197195,0.4675575432387,1557375,23.33,159369,37826,1061202,496173
2025-07-24,52.56%,-4.69%,5.59%,3%,0.23003811901228,145853,0.46507219750745,1532697,23.53,118576,27277,1046158,486539
2025-07-23,57.25%,+1.49%,10.02%,8%,0.15466160626534,186800,0.47301874746296,1495061,23.96,161779,25021,1014964,480097
2025-07-22,55.77%,+4.06%,8.61%,5%,0.12486577231961,223125,0.48442176842932,1452097,24.26,198357,24768,978224,473873
2025-07-21,51.71%,+5.07%,4.78%,3%,0.098757868172104,451929,0.53324089598478,1321416,24.2,411309,40620,861845,459571
2025-07-18,46.63%,-1.71%,0.00%,0%,0.21319737271061,227005,0.46829404586667,1644852,23.28,187113,39892,1120247,524605
2025-07-17,48.35%,-1.66%,1.43%,0%,0.16093581005059,159934,0.48221669357974,1612757,23.4,137763,22171,1088071,524686
2025-07-16,50.01%,+3.17%,3.00%,0%,0.13493714389075,163137,0.49681692043584,1575545,23.68,143741,19396,1052597,522948
2025-07-15,46.83%,-3.44%,0.00%,0%,0.20956255483116,140631,0.50509200521537,1543368,23.22,116266,24365,1025431,517937
2025-07-14,50.27%,-0.61%,0.00%,0%,0.2473593473035,154110,0.5138453956175,1492809,23.7,123549,30561,986104,506705
2025-07-11,50.88%,+0.20%,0.20%,0%,0.21853517717985,334310,0.48665581600636,1606678,23.33,274354,59956,1080733,525945
2025-07-10,50.68%,-2.20%,0.00%,0%,0.19089204530861,139095,0.49849313274665,1579175,23.1,116799,22296,1053842,525333
2025-07-09,52.88%,-1.35%,0.00%,0%,0.1634500364363,253852,0.51582231836253,1522019,23.19,218189,35663,1004088,517931
2025-07-08,54.23%,-1.91%,0.00%,0%,0.18394193694715,167040,0.52090819794152,1495725,22.75,141088,25952,983442,512283
2025-07-07,56.15%,+1.79%,1.82%,2%,0.31212862635442,213978,0.53348934660291,1452104,22.62,163077,50901,946928,505176
2025-07-03,54.36%,-1.06%,0.00%,0%,0.18408405185265,198578,0.51742300322023,1568677,23.59,167706,30872,1033777,534900
2025-07-02,55.41%,-0.40%,0.39%,0%,0.18134715025907,140676,0.52781091567179,1543225,23.95,119081,21595,1010089,533136
2025-07-01,55.81%,-0.52%,0.79%,0%,0.32701203477994,138272,0.53231777168787,1514169,23.68,104198,34074,988156,526013
2025-06-30,56.33%,-0.17%,1.33%,0%,0.1749598904554,199930,0.55385493881515,1455830,24.39,170159,29771,936915,518915
2025-06-27,56.51%,-0.16%,1.51%,0%,0.24011727517485,238136,0.51971975063211,1574764,23.59,192027,46109,1036220,538544
2025-06-26,56.67%,-0.60%,1.67%,0%,0.30465788186376,170691,0.52856091429654,1549331,23.88,130832,39859,1013588,535743
2025-06-25,57.27%,+2.23%,2.29%,1%,0.28206062446232,126674,0.53265067942595,1527291,23.55,98805,27869,996503,530788
2025-06-24,55.04%,-5.07%,0.00%,0%,0.2119368773693,164964,0.55747356007,1473831,23.29,136116,28848,946296,527535
2025-06-23,60.11%,-4.69%,3.41%,2%,0.21522838679478,186924,0.58427531636079,1426350,22.82,153818,33106,900317,526033
2025-06-20,64.79%,+1.28%,8.30%,9%,0.30321491073661,255421,0.45335472357914,2015694,23.46,195993,59428,1386925,628769
2025-06-18,63.52%,-2.65%,6.97%,8%,0.27833875037061,228512,0.45593333035866,1990405,23.44,178757,49755,1367099,623306
2025-06-17,66.17%,-2.69%,9.74%,11%,0.51172002263413,264486,0.43738068221741,1922948,22.99,174957,89529,1337814,585134
2025-06-16,68.86%,-8.02%,12.38%,15%,0.27850721916079,332238,0.4430677009152,1834888,23.32,259864,72374,1271519,563369
2025-06-13,76.88%,-17.90%,13.91%,36%,0.39550820302154,537413,0.42925740339221,2051396,22.14,385102,152311,1435288,616108
2025-06-12,94.78%,+32.98%,19.82%,66%,0.60195195345359,1441627,0.39002862218438,1495308,22.14,899919,541708,1075739,419569
2025-06-11,61.80%,-23.11%,2.59%,4%,0.24177545380914,417018,0.38906101878408,1496059,28.55,335824,81194,1077029,419030
2025-06-10,84.91%,+0.91%,11.69%,55%,0.37430983809864,242688,0.3838579423363,1406520,30.15,176589,66099,1016376,390144
2025-06-09,84.00%,+7.10%,11.31%,54%,0.21709055521948,185100,0.39425919516985,1337524,30.34,152084,33016,959308,378216
2025-06-06,76.90%,+1.07%,8.35%,36%,0.23552545767156,187554,0.38324863312194,1471161,29.58,151801,35753,1063555,407606
2025-06-05,75.83%,-4.93%,6.79%,34%,0.2273423180593,170754,0.38336834549587,1445447,29.45,139125,31629,1044875,400572
2025-06-04,80.76%,-1.37%,8.55%,43%,0.24102343179307,198771,0.38256476353061,1418087,29.95,160167,38604,1025693,392394
2025-06-03,82.13%,-2.99%,9.04%,48%,0.209964386073,161039,0.3804595921705,1391056,30.1,133094,27945,1007676,383380
2025-06-02,85.12%,+0.80%,10.10%,54%,0.27463011850478,196511,0.39205130085816,1328532,30.64,154171,42340,954370,374162
2025-05-30,84.32%,-0.81%,9.82%,52%,0.2954254692366,307819,0.37280598846314,1579751,29.8,237620,70199,1150746,429005
2025-05-29,85.13%,-15.68%,10.11%,53%,0.20369420614199,464703,0.36439543563154,1577836,29.57,386064,78639,1156436,421400
2025-05-28,100.80%,-20.40%,15.71%,68%,0.27773661246979,632854,0.34473154488757,1535830,31.21,495293,137561,1142109,393721
2025-05-27,121.20%,+9.74%,22.99%,84%,0.25068366018801,656295,0.32512118026727,1439609,35.01,524749,131546,1086398,353211
2025-05-23,111.46%,+13.03%,19.51%,78%,0.20107271132894,999857,0.36299079993164,1419574,33.03,832470,167387,1041514,378060
2025-05-22,98.44%,+20.97%,14.86%,66%,0.23175728201548,621121,0.35987903854996,1307249,30.86,504256,116865,961298,345951
2025-05-21,77.46%,+2.56%,7.37%,38%,0.305777731004,223335,0.35989732907893,1270480,28.05,171036,52299,934247,336233
2025-05-20,74.90%,+0.77%,6.45%,32%,0.22313394411435,149659,0.36576327763317,1237275,28.51,122357,27302,905922,331353
2025-05-19,74.13%,-7.17%,6.18%,27%,0.27493831775701,170523,0.3660130567296,1177409,27.89,133750,36773,861931,315478
2025-05-16,81.31%,-1.08%,8.74%,44%,0.13829655505012,349325,0.33232718329921,1436739,28.45,306884,42441,1078368,358371
2025-05-15,82.39%,+4.68%,9.13%,48%,0.28890820074676,255102,0.34077986425923,1402803,28.63,197921,57181,1046259,356544
2025-05-14,77.71%,-0.20%,7.46%,37%,0.22134692401824,351318,0.32879132370533,1341856,28.73,287648,63670,1009832,332024
2025-05-13,77.91%,-0.52%,6.87%,37%,0.39899953782998,257297,0.29857100980471,1266956,28.39,183915,73382,975654,291302
2025-05-12,78.43%,+3.79%,7.04%,38%,0.22540153697159,194856,0.29274057006839,1220881,28.05,159014,35842,944413,276468
2025-05-09,74.65%,+9.58%,5.80%,30%,0.14287740658107,386744,0.30194399038412,1275965,27.54,338395,48349,980046,295919
2025-05-08,65.07%,+1.75%,2.68%,8%,0.15277410249625,196035,0.31752220750807,1232683,26.78,170055,25980,935607,297076
2025-05-07,63.32%,+2.19%,2.11%,6%,0.18472879304654,96912,0.32246018707365,1200208,26.01,81801,15111,907557,292651
2025-05-06,61.13%,-3.58%,1.40%,3%,0.23757723516713,132995,0.32477352758721,1161731,26.04,107464,25531,876928,284803
2025-05-05,64.71%,-2.15%,2.57%,7%,0.23374790719923,154749,0.3216502619887,1114623,26.6,125430,29319,843357,271266
2025-05-02,66.86%,+4.76%,3.27%,10%,0.27988288334974,246979,0.32005515098128,1206339,27.48,192970,54009,913855,292484
2025-05-01,62.10%,-10.04%,1.72%,4%,0.27686678654178,142732,0.31615352610776,1189429,27.43,111783,30949,903716,285713
2025-04-30,72.14%,+9.87%,4.99%,19%,0.17870384350831,140518,0.32112955300519,1156785,27.86,119214,21304,875603,281182
2025-04-29,62.27%,-3.10%,1.77%,4%,0.26451656290831,131621,0.31872590171764,1126606,27.26,104088,27533,854314,272292
2025-04-28,65.38%,-3.63%,2.78%,7%,0.20459064580271,139335,0.32482633700684,1086139,27.59,115670,23665,819835,266304
2025-04-25,69.00%,-1.19%,3.96%,12%,0.21644245142003,256347,0.31434075845065,1231419,27.46,210735,45612,936910,294509
2025-04-24,70.19%,+1.59%,4.35%,13%,0.26450218327984,174911,0.31866536982721,1214773,27.08,138324,36587,921214,293559
2025-04-23,68.60%,-8.21%,3.83%,11%,0.23898808991843,207953,0.31332480008563,1177900,27.12,167841,40112,896884,281016
2025-04-22,76.80%,-0.28%,6.51%,29%,0.18151168831169,227441,0.321760600932,1140230,27.8,192500,34941,862660,277570
2025-04-21,77.08%,-0.22%,6.60%,30%,0.25048327233363,194065,0.32178247778014,1092173,26.77,155192,38873,826288,265885
2025-04-17,77.30%,-2.57%,6.67%,32%,0.31666252793643,318132,0.32236733863183,1390460,26.78,241620,76512,1051493,338967
2025-04-16,79.88%,-2.63%,7.51%,35%,0.24957855800133,206068,0.32649812815623,1370900,26.25,164910,41158,1033473,337427
2025-04-15,82.51%,-5.32%,8.36%,42%,0.21893965756212,206670,0.32418003124641,1326451,26.7,169549,37121,1001715,324736
2025-04-14,87.83%,-5.30%,10.10%,49%,0.21834664963077,289880,0.32232814946052,1269558,26.98,237929,51951,960093,309465
2025-04-11,93.13%,+11.53%,11.82%,53%,0.25207196778444,508360,0.32619294087777,1420781,26.4,406015,102345,1071323,349458
2025-04-10,81.60%,+8.34%,8.07%,40%,0.20364805514111,400946,0.3372250397993,1356568,25.02,333109,67837,1014465,342103
2025-04-09,73.26%,-9.21%,5.35%,22%,0.50399268008651,361620,0.33859154815215,1318850,25.4,240440,121180,985252,333598
2025-04-08,82.47%,-7.51%,8.35%,43%,0.28547888653676,219214,0.3367845328815,1290743,23.39,170531,48683,965558,325185
2025-04-07,89.98%,-4.06%,10.80%,51%,0.22513105766537,306148,0.33689308807903,1221689,24.29,249890,56258,913827,307862
2025-04-04,94.03%,+22.97%,12.12%,55%,0.22125060330932,536427,0.32841501669258,1383519,23.49,439244,97183,1041481,342038
2025-04-03,71.06%,-3.49%,4.64%,18%,0.24983233969298,236682,0.34298065948034,1356624,21.1,189371,47311,1010159,346465
2025-04-02,74.55%,-1.82%,5.77%,27%,0.2014688101742,160980,0.34889877870183,1327253,22.69,133986,26994,983953,343300
2025-04-01,76.37%,-4.63%,6.36%,31%,0.28497948332659,200106,0.35707195133098,1276850,22.61,155727,44379,940886,335964
2025-03-31,81.00%,-0.73%,7.87%,39%,0.30876006336494,281725,0.36668081780618,1194341,22.32,215261,66464,873899,320442
2025-03-28,81.73%,-14.62%,8.11%,41%,0.4240471244515,488095,0.38506628606659,1469252,21.73,342752,145343,1060781,408471
2025-03-27,96.36%,+25.74%,12.88%,57%,0.686652351209,1205695,0.34325166728953,1045935,22.09,714845,490850,778659,267276
2025-03-26,70.62%,-4.03%,4.49%,16%,0.41968092112104,819207,0.3036515008091,900685,28.36,577036,242171,690894,209791
2025-03-25,74.65%,+0.49%,5.80%,28%,0.35837363286644,211511,0.29218959689845,831922,25.4,155709,55802,643808,188114
2025-03-24,74.16%,-0.58%,5.64%,26%,0.29820172492337,168134,0.28640791374156,765953,25.61,129513,38621,595420,170533
2025-03-21,74.73%,+1.17%,5.83%,28%,0.30052245067955,212335,0.27766340784542,885017,24.75,163269,49066,692684,192333
2025-03-20,73.56%,-3.46%,5.45%,25%,0.37415464382326,97532,0.27835873332664,865996,23.51,70976,26556,677428,188568
2025-03-19,77.02%,+1.48%,6.58%,32%,0.18444549934446,104795,0.2829146095511,843483,23.71,88476,16319,657474,186009
2025-03-18,75.53%,-1.30%,6.09%,29%,0.17822209706186,62758,0.28743920136383,822402,23.3,53265,9493,638789,183613
2025-03-17,76.83%,-4.44%,6.51%,31%,0.19121007599511,112075,0.29364378543221,788168,23.5,94085,17990,609262,178906
2025-03-14,81.27%,+1.72%,7.96%,38%,0.18417623555668,164488,0.29064858335426,863320,23.05,138905,25583,668904,194416
2025-03-13,79.55%,-1.57%,7.40%,34%,0.20634689393112,99368,0.29416932216788,838249,21.95,82371,16997,647712,190537
2025-03-12,81.13%,-5.32%,7.91%,37%,0.19816439246264,73759,0.29584914465169,821961,21.99,61560,12199,634303,187658
2025-03-11,86.45%,-6.29%,9.65%,45%,0.26028111037295,96748,0.3011815629387,800820,22.61,76767,19981,615456,185364
2025-03-10,92.74%,+4.82%,11.70%,49%,0.21670448826059,137793,0.31106747315215,749102,22.42,113251,24542,571368,177734
2025-03-07,87.92%,-1.97%,10.13%,46%,0.23159066217971,139437,0.2918233927855,840397,24,113217,26220,650551,189846
2025-03-06,89.89%,+3.26%,10.77%,47%,0.25264532984977,105479,0.29806110561006,816705,24.2,84205,21274,629173,187532
2025-03-05,86.63%,+4.62%,9.71%,45%,0.23582345774726,89266,0.30201684794866,790888,25.07,72232,17034,607433,183455
2025-03-04,82.01%,-2.44%,8.20%,38%,0.22164207526076,99438,0.30604335282253,767307,24.3,81397,18041,587505,179802
2025-03-03,84.45%,-0.25%,9.00%,42%,0.1939554820601,109746,0.30862390133232,728507,24.4,91918,17828,556697,171810
2025-02-28,84.70%,-0.84%,9.08%,41%,0.17877085208455,134895,0.29964865754571,844873,25.04,114437,20458,650078,194795
2025-02-27,85.55%,-0.72%,9.35%,43%,0.17671818480763,125244,0.31266276174705,802965,24.48,106435,18809,611707,191258
2025-02-26,86.27%,-1.77%,9.59%,43%,0.13361513542156,94132,0.32181376893604,775524,24.61,83037,11095,586712,188812
2025-02-25,88.04%,+6.47%,10.16%,43%,0.2260806131238,139501,0.33063482777062,741459,24.42,113778,25723,557222,184237
2025-02-24,81.56%,+1.83%,8.06%,37%,0.29966860843868,137657,0.33410256169918,711657,25,105917,31740,533435,178222
2025-02-21,79.74%,+7.57%,7.46%,35%,0.28516578854379,243679,0.3019384254521,889194,26.42,189609,54070,682977,206217
2025-02-20,72.17%,+7.63%,4.99%,20%,0.20018524526683,229353,0.31156754898591,839377,27.04,191098,38255,639980,199397
2025-02-19,64.53%,-1.78%,2.51%,6%,0.25846884196507,117171,0.31136690601431,819464,26,93106,24065,624893,194571
2025-02-18,66.32%,-0.03%,3.09%,7%,0.18105939004815,154518,0.31966945046646,782820,26.97,130830,23688,593194,189626
2025-02-14,66.35%,+1.21%,3.10%,7%,0.27918505702482,362278,0.31177815125033,867168,27,283210,79068,661063,206105
2025-02-13,65.14%,+2.32%,2.71%,6%,0.23329902213073,95852,0.31052278355048,849435,26.34,77720,18132,648165,201270
2025-02-12,62.82%,-2.57%,1.95%,4%,0.20661331320554,108705,0.31519367050058,833479,25.99,90091,18614,633731,199748
2025-02-11,65.39%,-5.52%,2.79%,6%,0.29862664516465,149781,0.30953116552097,813816,26.56,115338,34443,621456,192360
2025-02-10,70.92%,+11.14%,4.59%,15%,0.15760773819012,275976,0.33856201657178,723893,27.12,238402,37574,540799,183094
2025-02-07,59.78%,-0.96%,0.96%,2%,0.18206064620722,135619,0.30242407415645,849075,24.73,114731,20888,651919,197156
2025-02-06,60.74%,-2.73%,1.27%,2%,0.20685299676154,127078,0.31084922487255,819442,24.8,105297,21781,625123,194319
2025-02-05,63.47%,+0.06%,2.16%,4%,0.20571045319536,125840,0.31430553107223,797769,24.93,104370,21470,606989,190780
2025-02-04,63.41%,+0.68%,2.14%,4%,0.17645169165928,91555,0.32555017180309,775024,25.9,77823,13732,584681,190343
2025-02-03,62.74%,+0.53%,1.92%,3%,0.26189793695383,154079,0.32176900284673,727577,25.89,122101,31978,550457,177120
2025-01-31,62.21%,-3.08%,1.84%,4%,0.25134562061654,214816,0.29083014889386,870501,26.9,171668,43148,674373,196128
2025-01-30,65.29%,-4.14%,2.84%,4%,0.14722616789798,144570,0.29605298142034,853053,27.99,126017,18553,658193,194860
2025-01-29,69.43%,+0.91%,4.19%,11%,0.1835983152881,107350,0.29631827779236,834361,27.51,90698,16652,643639,190722
2025-01-28,68.52%,-1.84%,3.89%,9%,0.15667254293103,129257,0.30493776034689,803535,27.46,111749,17508,615765,187770
2025-01-27,70.36%,+3.34%,4.49%,12%,0.19704692464172,157116,0.31015698148081,754222,26.97,131253,25863,575673,178549
2025-01-24,67.02%,-3.61%,3.41%,7%,0.25287195292799,187803,0.28421645863631,863633,27.77,149898,37905,672498,191135
2025-01-23,70.63%,+2.25%,4.58%,14%,0.12388295686455,322714,0.30392465037999,796445,28.33,287142,35572,610806,185639
2025-01-22,68.39%,-2.13%,3.85%,10%,0.17064843963373,162877,0.31688023468094,755963,27.65,139134,23743,574056,181907
2025-01-21,70.52%,-10.50%,4.54%,14%,0.19418698401487,179220,0.32971574548741,695932,27.47,150077,29143,523369,172563
2025-01-17,81.02%,+2.28%,7.96%,35%,0.2372700007572,375822,0.31302875634007,1312237,27.51,303751,72071,999397,312840
2025-01-16,78.74%,-4.94%,7.22%,32%,0.2273660725604,145233,0.31780503244999,1280241,27.72,118329,26904,971495,308746
2025-01-15,83.68%,-8.12%,8.83%,40%,0.18158375894053,212613,0.31447538022554,1250258,27.96,179939,32674,951146,299112
2025-01-14,91.79%,-12.24%,11.47%,43%,0.198928051755,343590,0.31197554706677,1203117,27.88,286581,57009,917027,286090
2025-01-13,104.03%,-4.62%,15.45%,54%,0.19911498562514,181016,0.31284991453765,1159811,31.02,150958,30058,883430,276381
2025-01-10,108.65%,-5.47%,17.37%,61%,0.15315861233146,296868,0.30913682162289,1254085,32.31,257439,39429,957948,296137
2025-01-08,114.13%,+4.53%,19.14%,66%,0.12002441000605,218407,0.30751262182644,1228076,32.96,195002,23405,939246,288830
2025-01-07,109.60%,+1.75%,17.67%,63%,0.1740772590906,240289,0.3098112450247,1174809,33.37,204662,35627,896930,277879
2025-01-06,107.85%,+8.98%,17.11%,62%,0.15217991932364,291914,0.31987353915399,1093799,32.82,253358,38556,828715,265084
2025-01-03,98.87%,-1.77%,14.20%,52%,0.16729038456127,290395,0.3254442830632,1169914,31.65,248777,41618,882658,287256
2025-01-02,100.64%,-5.99%,14.77%,54%,0.16044997039668,211680,0.32707397427889,1132298,30.66,182412,29268,853229,279069
2024-12-31,106.63%,-6.21%,16.71%,59%,0.10455912797813,193141,0.32590294061993,1107121,31.34,174858,18283,834994,272127
2024-12-30,112.85%,-3.17%,18.73%,65%,0.1776344867254,194504,0.33111482570241,1039208,32.01,165165,29339,780705,258503
2024-12-27,116.02%,+3.14%,19.75%,66%,0.22713772396938,303265,0.31446213211073,1173189,32.2,247132,56133,892524,280665
2024-12-26,112.88%,+6.34%,18.74%,65%,0.18655924848749,381461,0.31589832185177,1101399,32.99,321485,59976,836994,264405
2024-12-24,106.54%,-1.86%,16.68%,60%,0.11831710577845,165625,0.31116388693978,1093137,31.14,148102,17523,833715,259422
2024-12-23,108.39%,+3.44%,17.28%,63%,0.15225349358581,253384,0.33280415374846,999054,30.9,219903,33481,749588,249466
2024-12-20,104.95%,+1.02%,16.17%,59%,0.22531603168501,321904,0.34294859306491,1171865,29.82,262711,59193,872606,299259
2024-12-19,103.93%,+1.36%,15.84%,58%,0.16396427117824,211625,0.34173138257362,1153944,29,181814,29811,860041,293903
2024-12-18,102.57%,-19.16%,15.40%,58%,0.19484150857065,282028,0.34059886456726,1125910,28.55,236038,45990,839856,286054
2024-12-17,121.73%,+11.85%,21.60%,71%,0.12734341907785,431157,0.33965677640457,1092963,31.26,382454,48703,815853,277110
2024-12-16,109.88%,+20.68%,17.76%,64%,0.13357102133571,282334,0.37793883056171,970040,29.44,249066,33268,703979,266061
2024-12-13,89.20%,-2.77%,11.07%,48%,0.26539375265267,229569,0.38346154782482,1136569,27.99,181421,48148,821540,315029
2024-12-12,91.96%,-3.78%,11.96%,48%,0.26656131716031,202779,0.40015311725393,1115607,28.75,160102,42677,796775,318832
2024-12-11,95.74%,-6.35%,13.19%,52%,0.30582278973043,403131,0.42063657947061,1060312,28.97,308718,94413,746364,313948
2024-12-10,102.09%,-4.99%,15.24%,57%,0.62260206747989,254596,0.39332322383886,988652,26.93,156906,97690,709564,279088
2024-12-09,107.08%,-13.19%,16.86%,61%,0.3060371099024,169282,0.38895445862778,943814,27.93,129615,39667,679514,264300
2024-12-06,120.27%,+3.08%,21.13%,69%,0.21834824414561,329696,0.37157815252957,1089856,29.06,270609,59087,794600,295256
2024-12-05,117.18%,+16.59%,20.13%,65%,0.18373856778825,586707,0.3924322652849,981655,28.63,495639,91068,704993,276662
2024-12-04,100.59%,+3.96%,14.76%,57%,0.21617873339812,120139,0.39070595574347,963075,27.03,98784,21355,692508,270567
2024-12-03,96.63%,-5.88%,13.47%,54%,0.19273852250311,137252,0.39795113324779,939124,27.44,115073,22179,671786,267338
2024-12-02,102.51%,-8.33%,15.38%,58%,0.22485435966001,256509,0.40471519048015,879200,27.27,209420,47089,625892,253308
2024-11-29,110.84%,-11.19%,18.08%,64%,0.23430085449697,289762,0.38373043665831,1039212,29.05,234758,55004,751022,288190
2024-11-27,122.03%,-5.28%,21.70%,70%,0.21942868368984,260698,0.37394518995752,1011269,30.89,213787,46911,736033,275236
2024-11-26,127.31%,-3.38%,23.41%,71%,0.20231626692163,412457,0.36913146301076,950028,30.33,343052,69405,693891,256137
2024-11-25,130.69%,+8.92%,24.51%,75%,0.14078008629651,240327,0.38633124000878,896704,29.67,210669,29658,646818,249886
2024-11-22,121.78%,+1.22%,21.62%,70%,0.1624631570235,252809,0.37144508437443,1020362,27.9,217477,35332,744005,276357
2024-11-21,120.56%,-7.62%,21.22%,70%,0.15743429668856,223592,0.37524854131363,992532,27.82,193179,30413,721711,270821
2024-11-20,128.17%,+6.71%,23.69%,71%,0.15061426047856,401233,0.38011135697853,943647,28.45,348712,52521,683747,259900
2024-11-19,121.46%,+1.56%,21.52%,71%,0.22173574041864,183330,0.38859328743177,907143,27.57,150057,33273,653282,253861
2024-11-18,119.90%,-32.79%,21.01%,70%,0.22109783661608,189087,0.3922065096852,859959,26.44,154850,34237,617695,242264
2024-11-15,152.69%,+7.19%,31.63%,85%,0.19751264617539,365991,0.36815752344377,1053090,26.59,305626,60365,769714,283376
2024-11-14,145.50%,+0.63%,29.30%,84%,0.1406647955613,316190,0.37349134787238,1007482,27.37,277198,38992,733519,273963
2024-11-13,144.87%,+3.15%,29.10%,83%,0.10736592756562,328169,0.37384147427438,979663,26.46,296351,31818,713083,266580
2024-11-12,141.73%,+5.65%,28.08%,83%,0.13809663465063,341495,0.37523670922882,931749,26.84,300058,41437,677519,254230
2024-11-11,136.08%,+29.14%,26.25%,80%,0.18376929990157,497891,0.37003043615351,838597,27.26,420598,77293,612101,226496
2024-11-08,106.94%,+20.64%,16.81%,64%,0.1181074793806,475833,0.35300712519994,930463,24.88,425570,50263,687700,242763
2024-11-07,86.30%,+6.28%,10.13%,52%,0.17273681726066,144093,0.3587843905932,903256,23.45,122869,21224,664753,238503
2024-11-06,80.02%,+3.50%,8.09%,44%,0.1678278548096,153372,0.36542032080204,872195,23.1,131331,22041,638774,233421
2024-11-05,76.52%,+7.62%,6.96%,39%,0.10682366594253,156413,0.39239657694906,820375,22.99,141317,15096,589182,231193
2024-11-04,68.89%,-4.41%,4.49%,19%,0.20135338345865,95868,0.39702190547664,787430,22.33,79800,16068,563649,223781
2024-11-01,73.31%,+1.46%,5.92%,31%,0.21240409372614,187411,0.36386269984674,914830,22.41,154578,32833,670764,244066
2024-10-31,71.85%,-11.27%,5.45%,25%,0.16256558775837,164181,0.36350420671985,900420,22.18,141223,22958,660372,240048
2024-10-30,83.11%,+6.01%,9.10%,50%,0.12899056860244,269936,0.36403151317577,878675,23.28,239095,30841,644175,234500
2024-10-29,77.11%,-8.05%,7.15%,39%,0.17736667408986,222049,0.36412577784767,850115,22.68,188598,33451,623194,226921
2024-10-28,85.16%,+26.57%,9.76%,50%,0.15037309726801,359051,0.41343347036695,744707,22.73,312117,46934,526878,217829
2024-10-25,58.59%,+1.28%,1.15%,4%,0.16085103131328,212683,0.39681926038182,812953,20.57,183213,29470,582003,230950
2024-10-24,57.31%,-0.15%,0.74%,2%,0.15055481693598,90001,0.41103989987268,784668,20.63,78224,11777,556092,228576
2024-10-23,57.46%,-0.92%,0.79%,2%,0.20893449092344,76586,0.41777269571609,763774,20.54,63350,13236,538714,225060
2024-10-22,58.38%,+1.55%,1.09%,3%,0.18866933841967,110929,0.42858575963933,726273,20.93,93322,17607,508386,217887
2024-10-21,56.83%,-3.69%,0.59%,1%,0.17022853166822,129501,0.45595563273962,667346,20.7,110663,18838,458356,208990
2024-10-18,60.53%,-5.63%,1.78%,4%,0.18151127252267,184786,0.39203763814569,1055397,21.22,156398,28388,758167,297230
2024-10-17,66.16%,-1.94%,3.61%,11%,0.20589315893894,98466,0.39146791491852,1046363,21.41,81654,16812,751985,294378
2024-10-16,68.10%,+0.40%,4.23%,16%,0.15786996636892,118090,0.39753924250665,1032952,21.66,101989,16101,739122,293830
2024-10-15,67.69%,-2.71%,4.10%,14%,0.12452267041215,102480,0.40726636706894,1003319,21.27,91132,11348,712956,290363
2024-10-14,70.40%,+3.80%,4.98%,18%,0.16955260430073,168115,0.43164093177232,947941,21.33,143743,24372,662136,285805
2024-10-11,66.61%,-2.28%,3.75%,12%,0.24678150932266,156405,0.40971422960906,1033766,20.83,125447,30958,733316,300450
2024-10-10,68.89%,-0.16%,4.49%,15%,0.16567796610169,101787,0.41835990369736,1009173,20.91,87320,14467,711507,297666
2024-10-09,69.04%,-4.10%,4.54%,15%,0.22180565969619,87992,0.4250256194731,990085,20.5,72018,15974,694784,295301
2024-10-08,73.14%,-0.98%,5.87%,25%,0.16559668533443,102400,0.42431094952702,976274,20.71,87852,14548,685436,290838
2024-10-07,74.12%,-3.17%,6.18%,26%,0.18025638437468,116928,0.43671613889119,934535,20.9,99070,17858,650466,284069
2024-10-04,77.29%,-2.44%,7.21%,36%,0.22938098219877,164919,0.40341707525318,1053628,21.4,134148,30771,750759,302869
2024-10-03,79.73%,-2.62%,8.00%,38%,0.19320748937474,93489,0.41034118155148,1041733,21.2,78351,15138,738639,303094
2024-10-02,82.35%,+2.25%,8.85%,43%,0.32278920181071,120100,0.4002246848438,1019547,21.49,90793,29307,728131,291416
2024-10-01,80.10%,-2.53%,8.12%,39%,0.21192161429429,133212,0.39758667045294,999083,21.97,109918,23294,714863,284220
2024-09-30,82.63%,+8.06%,8.94%,43%,0.16483026312968,271586,0.41567524838131,929463,22.93,233155,38431,656551,272912
2024-09-27,74.58%,-0.56%,6.33%,29%,0.13947036569987,275598,0.40999738744231,1020033,22.48,241865,33733,723429,296604
2024-09-26,75.14%,+0.99%,6.51%,32%,0.16014142730868,129937,0.41637125362552,1002060,22.29,112001,17936,707484,294576
2024-09-25,74.15%,-3.09%,6.19%,28%,0.18638764557392,111855,0.41575065852267,987874,22.18,94282,17573,697774,290100
2024-09-24,77.24%,+3.09%,7.19%,35%,0.25260983184884,183104,0.41757698999275,955746,22.63,146178,36926,674211,281535
2024-09-23,74.15%,-7.86%,6.19%,28%,0.22036034785827,211054,0.42846509590572,900073,22.31,172944,38110,630098,269975
2024-09-20,82.00%,+20.54%,8.74%,40%,0.20898126257375,624382,0.43268032721215,1037166,21.85,516453,107929,723934,313232
2024-09-19,61.46%,-6.51%,2.08%,5%,0.27386534918774,152125,0.44598182022349,1004405,19.51,119420,32705,694618,309787
2024-09-18,67.98%,-2.77%,4.19%,15%,0.26728052244071,140108,0.44887489146271,984496,19.65,110558,29550,679490,305006
2024-09-17,70.75%,-1.51%,5.09%,18%,0.15510942751481,102762,0.45907643722316,962846,20.16,88963,13799,659901,302945
2024-09-16,72.26%,-2.93%,5.58%,21%,0.22061158279837,123781,0.46730516396186,925199,20.09,101409,22372,630543,294656
2024-09-13,75.19%,-5.75%,6.53%,30%,0.28699390275739,221843,0.49480111099546,1091438,20.65,172373,49470,730156,361282
2024-09-12,80.94%,-1.89%,8.39%,36%,0.4529145732844,173802,0.49935012926157,1052061,20.4,119623,54179,701678,350383
2024-09-11,82.82%,-21.51%,9.00%,40%,0.45388785729733,389924,0.52565625343593,985191,20.64,268194,121730,645749,339442
2024-09-10,104.33%,-4.38%,15.97%,54%,0.67347103037508,270289,0.47418159677691,910372,23.45,161514,108775,617544,292828
2024-09-09,108.70%,-11.13%,17.38%,58%,0.31159729128191,221576,0.46927691949018,876002,24.25,168936,52640,596213,279789
2024-09-06,119.84%,+15.68%,20.99%,63%,0.1658856671082,514025,0.45745670386282,936996,23.92,440888,73137,642898,294098
2024-09-05,104.16%,+12.42%,15.91%,54%,0.20126855027162,118749,0.46365220271824,919036,22.39,98853,19896,627906,291130
2024-09-04,91.74%,-8.85%,11.89%,43%,0.26057146029572,136235,0.46205277862798,893266,22.12,108074,28161,610967,282299
2024-09-03,100.59%,+0.02%,14.76%,52%,0.16612340850051,236119,0.48139673110802,829954,23.14,202482,33637,560251,269703
2024-08-30,100.56%,+4.49%,14.75%,52%,0.17294175597249,371473,0.47454125966225,915842,23.42,316702,54771,621103,294739
2024-08-29,96.07%,+23.27%,13.29%,49%,0.22418968153588,259396,0.50025225775021,865332,21.51,211892,47504,576791,288541
2024-08-28,72.80%,+2.36%,5.76%,26%,0.27768209219055,112758,0.49351142577904,857289,19.9,88252,24506,574009,283280
2024-08-27,70.44%,-3.09%,4.99%,19%,0.30931316979677,112034,0.4946427634329,825965,20.74,85567,26467,552617,273348
2024-08-26,73.53%,+1.96%,5.99%,27%,0.20237771276958,141390,0.52008266672959,773035,21.36,117592,23798,508548,264487
2024-08-23,71.57%,-0.89%,5.36%,21%,0.18848779127039,136335,0.4897247636156,855829,22.21,114713,21622,574488,281341
2024-08-22,72.47%,-2.33%,5.65%,23%,0.22895118783897,80441,0.48658816063181,843282,22.12,65455,14986,567260,276022
2024-08-21,74.80%,+2.06%,6.40%,27%,0.27336559445868,80520,0.48969338965321,823142,22.55,63234,17286,552558,270584
2024-08-20,72.74%,-2.87%,5.74%,24%,0.19051362683438,104489,0.49560257831733,795855,22.28,87768,16721,532130,263725
2024-08-19,75.61%,-5.28%,6.67%,29%,0.173588844978,141651,0.52801546252784,736806,22.66,120699,20952,482198,254608
2024-08-16,80.89%,-0.88%,8.38%,35%,0.25117470411588,141658,0.47083762988285,1099735,22.4,113220,28438,747693,352042
2024-08-15,81.77%,-0.57%,8.66%,36%,0.28050339861363,133189,0.47469507901949,1089139,22.53,104013,29176,738552,350587
2024-08-14,82.34%,-6.10%,8.85%,37%,0.24875724937862,102493,0.48206000337898,1061441,21.99,82076,20417,716193,345248
2024-08-13,88.43%,-4.58%,10.82%,39%,0.24873330262552,103018,0.49098422940407,1037977,22.27,82498,20520,696169,341808
2024-08-12,93.02%,-4.24%,12.30%,41%,0.23088906795595,114565,0.50406777130915,1007575,21.88,93075,21490,669900,337675
2024-08-09,97.25%,+2.43%,13.68%,45%,0.26250770269081,172100,0.49104589937347,1115441,21.93,136316,35784,748093,367348
2024-08-08,94.82%,+1.62%,12.89%,43%,0.2048643932233,132564,0.50577297034516,1090276,21.75,110024,22540,724064,366212
2024-08-07,93.20%,-0.68%,12.36%,42%,0.46501950245901,112304,0.51236260252859,1073478,20.83,76657,35647,709802,363676
2024-08-06,93.88%,-1.20%,12.58%,42%,0.32635631192545,126102,0.5296635530704,1045291,21.28,95074,31028,683347,361944
2024-08-05,95.08%,+12.99%,12.97%,43%,0.33537659364766,210008,0.56064286633483,982317,20.65,157265,52743,629431,352886
2024-08-02,82.09%,+3.69%,8.76%,38%,0.49609119787325,265628,0.53970717925042,1113895,21.07,177548,88080,723446,390449
2024-08-01,78.40%,+4.01%,7.57%,35%,0.34163205951033,191899,0.55363296648795,1090119,21.71,143034,48865,701658,388461
2024-07-31,74.39%,+1.76%,6.27%,28%,0.34032998500068,147443,0.55299462885284,1050722,22.67,110005,37438,676578,374144
2024-07-30,72.63%,+0.28%,5.70%,26%,0.45473963225549,226116,0.57710243897915,1020308,22.4,155434,70682,646951,373357
2024-07-29,72.35%,-2.52%,5.61%,25%,0.29040009410025,153586,0.59543673428897,964968,23.6,119022,34564,604830,360138
2024-07-26,74.87%,-10.19%,6.43%,28%,0.31927070457355,213458,0.54876755844145,1161348,24.13,161800,51658,749853,411495
2024-07-25,85.06%,-0.18%,9.73%,37%,0.2883589913536,171058,0.56205148462703,1138848,23.95,132772,38286,729072,409776
2024-07-24,85.24%,-13.80%,9.78%,38%,0.42105263157895,237114,0.55173310715295,1097696,24.01,166858,70256,707400,390296
2024-07-23,99.03%,-5.08%,14.25%,42%,0.22690662714376,144867,0.55623933601319,1076264,25.5,118075,26792,691580,384684
2024-07-22,104.11%,-2.65%,15.90%,44%,0.23391692791539,246391,0.59575919878495,993925,25.22,199682,46709,622854,371071
2024-07-19,106.77%,-13.27%,16.76%,45%,0.33189891189891,379458,0.55075834145789,1560387,24.97,284900,94558,1006209,554178
2024-07-18,120.04%,-21.15%,21.05%,55%,0.28141266005611,461347,0.54701636305997,1522524,25.88,360030,101317,984168,538356
2024-07-17,141.18%,-2.19%,27.90%,72%,0.21766118508591,379780,0.55394334315183,1476630,27.98,311893,67887,950247,526383
2024-07-16,143.37%,+13.35%,28.61%,73%,0.26029061672485,433574,0.55872251360579,1389651,28.54,344027,89547,891532,498119
2024-07-15,130.02%,+20.01%,24.29%,60%,0.2286931259005,312120,0.58801780590096,1294965,27,254026,58094,815460,479505
2024-07-12,110.01%,+3.80%,17.81%,50%,0.32326316440492,406521,0.57483379134994,1440680,26.05,307211,99310,914814,525866
2024-07-11,106.21%,-0.79%,16.58%,46%,0.38212892635268,261854,0.56349753409793,1406316,25.57,189457,72397,899468,506848
2024-07-10,107.00%,+10.32%,16.83%,47%,0.27462046194163,402246,0.57915605187044,1319088,24.97,315581,86665,835312,483776
2024-07-09,96.67%,-14.26%,13.49%,43%,0.38538469356642,204462,0.58762244000393,1276069,24.6,147585,56877,803761,472308
2024-07-08,110.93%,-7.23%,18.11%,50%,0.35449543607629,235349,0.60838191284057,1207623,24.45,173754,61595,750831,456792
2024-07-05,118.16%,-7.17%,20.45%,52%,0.3144190832319,314250,0.58829658780913,1420636,24.18,239079,75171,894440,526196
2024-07-03,125.34%,+5.75%,22.77%,55%,0.2366107967688,208500,0.61009908442753,1373268,24.37,168606,39894,852909,520359
2024-07-02,119.59%,-8.90%,20.91%,54%,0.31671266411852,228052,0.63211515823004,1319885,23.98,173198,54854,808696,511189
2024-07-01,128.49%,+8.39%,23.79%,55%,0.44845771840246,414172,0.64445297632496,1186435,23.33,285940,128232,721477,464958
2024-06-28,120.10%,-15.86%,21.07%,55%,0.32988770751289,454537,0.56837929806513,1585506,24.69,341786,112751,1010920,574586
2024-06-27,135.96%,+5.72%,26.21%,66%,0.2697930261062,511785,0.59182309986542,1493883,25.09,403046,108739,938473,555410
2024-06-26,130.24%,-14.95%,24.36%,57%,0.26119789247369,285090,0.61005819368958,1424309,24.2,226047,59043,884632,539677
2024-06-25,145.20%,+26.41%,29.20%,70%,0.31757413446794,366030,0.63903896704369,1339975,24.93,277806,88224,817537,522438
2024-06-24,118.79%,-12.55%,20.65%,56%,0.35953286257469,350406,0.68061316696225,1244247,23.65,257740,92666,740353,503894
2024-06-21,131.34%,-16.60%,24.71%,61%,0.39942221795815,656378,0.59551311379552,2207461,23.93,469035,187343,1383543,823918
2024-06-20,147.93%,+12.90%,30.09%,72%,0.32480945721434,614803,0.6274291922092,2097268,25.59,464069,150734,1288700,808568
2024-06-18,135.04%,-18.98%,25.91%,65%,0.45085389471566,576845,0.64315219405387,2030711,24.7,397590,179255,1235863,794848
2024-06-17,154.02%,-46.91%,32.06%,72%,0.53132063085171,979693,0.6513869960557,1832128,25.22,639770,339923,1109448,722680
2024-06-14,200.93%,-47.33%,47.25%,82%,0.39139881267645,1208441,0.66025505373193,2447807,28.7,868508,339933,1474356,973451
2024-06-13,248.26%,+11.74%,62.58%,90%,0.50494797789795,1024087,0.63622896013925,2310586,29.12,680480,343607,1412141,898445
2024-06-12,236.52%,-60.43%,58.78%,88%,0.58362682071688,1205083,0.59399618583926,2215787,25.46,760964,444119,1390083,825704
2024-06-11,296.95%,+35.27%,78.35%,96%,0.43320884038562,861509,0.6096136885089,2051311,30.49,601105,260404,1274412,776899
2024-06-10,261.67%,-16.48%,66.92%,95%,0.73843417262519,1039867,0.61179917279412,1683492,24.83,598163,441704,1044480,639012
2024-06-07,278.15%,-58.64%,72.26%,95%,0.60125060060593,2389455,0.59693902424971,1801566,28.22,1492243,897212,1128137,673429
2024-06-06,336.79%,+91.25%,91.25%,98%,0.42405549620503,1528950,0.54184884231507,1562579,46.55,1073659,455291,1013445,549134
2024-06-05,245.54%,+13.11%,61.70%,94%,0.47046392539581,606759,0.55301295579004,1453426,31.57,412631,194128,935875,517551
2024-06-04,232.43%,-21.36%,57.45%,92%,0.5047924178359,449483,0.57251930557975,1354175,26.5,298701,150782,861150,493025
2024-06-03,253.79%,+69.78%,64.37%,95%,0.61151541020386,913668,0.51862297718651,1061276,28,566962,346706,698841,362435
2024-05-31,184.01%,+4.28%,41.77%,85%,0.30306605733278,313648,0.51485608329768,1327582,23.14,240700,72948,876375,451207
2024-05-30,179.72%,-12.35%,40.38%,84%,0.33904176652151,287195,0.53834740982111,1268069,22.61,214478,72717,824306,443763
2024-05-29,192.08%,-29.26%,44.39%,86%,0.44583689754802,241702,0.54657667898925,1209474,21.24,167171,74531,782033,427441
2024-05-28,221.33%,+13.98%,53.86%,92%,0.51877316828627,595312,0.55783716071447,1052090,23.78,391969,203343,675353,376737
2024-05-24,207.36%,+11.52%,49.33%,92%,0.40299127544661,442387,0.5727766226025,1356210,19,315317,127070,862303,493907
2024-05-23,195.83%,-58.32%,45.60%,90%,0.44098914827426,352953,0.59626555761316,1297293,18.32,244938,108015,812705,484588
2024-05-22,254.16%,+52.81%,64.49%,96%,0.35476596377254,428335,0.66148082855884,1130970,21.12,316169,112166,680700,450270
2024-05-21,201.34%,-38.97%,47.39%,92%,0.39532669802785,325386,0.72814200406938,1042989,22.12,233197,92189,603532,439457
2024-05-20,240.31%,+7.33%,60.01%,95%,0.53787999175015,454848,0.79257760634798,909959,23.14,295763,159085,507626,402333
2024-05-17,232.98%,-18.57%,57.63%,95%,0.7387711530559,1125517,0.87301532874143,1310974,22.21,647306,478211,699927,611047
2024-05-16,251.56%,-74.88%,63.65%,96%,0.64917202465202,779496,0.87330024974663,1214380,27.67,472659,306837,648257,566123
2024-05-15,326.44%,-37.36%,87.90%,98%,0.68186626406273,863344,0.80122560230158,1059335,39.55,513325,350019,588119,471216
2024-05-14,363.80%,+74.43%,100.00%,99%,1.0987957426851,818948,0.54316774088974,847321,48.75,390199,428749,549079,298242
2024-05-13,289.37%,+122.96%,100.00%,99%,0.73322312162259,698248,0.32286513357378,663147,30.45,402861,295387,501296,161851
2024-05-10,166.41%,-18.72%,73.79%,93%,0.36141198764835,399441,0.32283302590083,778097,17.46,293402,106039,588205,189892
2024-05-09,185.14%,+7.64%,86.19%,97%,0.24111812034046,218582,0.31216801634163,739366,18.01,176117,42465,563469,175897
2024-05-08,177.49%,-4.25%,81.13%,96%,0.36732909843231,164234,0.30104962185465,702572,15.92,120113,44121,540004,162568
2024-05-07,181.75%,-10.80%,83.95%,97%,0.30064261932801,178919,0.29264828020735,677031,16.31,137562,41357,523755,153276
2024-05-06,192.55%,-13.42%,91.11%,98%,0.31871549401962,335832,0.27362056428632,583266,16.31,254666,81166,457959,125307
2024-05-03,205.97%,+40.73%,100.00%,99%,0.188993925452,430027,0.25445358072142,590105,16.47,361673,68354,470408,119697
2024-05-02,165.24%,+56.03%,100.00%,99%,0.14989489598327,222093,0.25632611531312,521060,12.76,193142,28951,414749,106311
2024-05-01,109.21%,+1.45%,58.71%,75%,0.15357659945024,54976,0.25517296436929,503116,10.91,47657,7319,400834,102282
2024-04-30,107.76%,+5.29%,57.13%,75%,0.18992875647668,66141,0.25225986224337,471427,11.09,55584,10557,376461,94966
2024-04-29,102.47%,-11.45%,51.40%,72%,0.18327193017206,89608,0.24663249291497,441642,11.29,75729,13879,354268,87374
2024-04-26,113.92%,+19.27%,63.81%,75%,0.093269288668819,236027,0.29232060911367,426365,11.9,215891,20136,329922,96443
2024-04-25,94.66%,+11.91%,42.94%,69%,0.096535192852473,120768,0.31587397902832,386009,11.21,110136,10632,293348,92661
2024-04-24,82.74%,+7.66%,30.03%,65%,0.087806911367444,135705,0.37421728911839,320418,10.93,124751,10954,233164,87254
2024-04-23,75.09%,+5.72%,21.73%,53%,0.12919476090832,29140,0.38845111321883,308879,10.16,25806,3334,222463,86416
2024-04-22,69.36%,-3.84%,15.53%,36%,0.18679822194815,46189,0.40948994496658,286593,10.01,38919,7270,203331,83262
2024-04-19,73.20%,-1.26%,19.69%,49%,0.42884295557139,60140,0.43468496568933,471459,10.42,42090,18050,328615,142844
2024-04-18,74.46%,-2.75%,21.06%,49%,0.22743886355929,32575,0.44612431455672,462566,10.31,26539,6036,319866,142700
2024-04-17,77.21%,-0.02%,24.03%,55%,0.57583634175692,32738,0.45254932802263,458044,10.3,20775,11963,315338,142706
2024-04-16,77.23%,-1.84%,24.06%,56%,0.42177639978114,38978,0.46009905359682,446637,10.37,27415,11563,305895,140742
2024-04-15,79.07%,+9.06%,26.05%,57%,0.4501957992168,61104,0.48233810071249,424217,10.06,42135,18969,286181,138036
2024-04-12,70.01%,-6.41%,16.23%,39%,0.35983573983309,51327,0.46026291102841,476329,10.77,37745,13582,326194,150135
2024-04-11,76.41%,-0.07%,23.17%,53%,0.32921465968586,57123,0.4766783887468,461905,11.29,42975,14148,312800,149105
2024-04-10,76.49%,+4.58%,23.25%,54%,0.12216038927871,41741,0.48577554137134,455307,10.85,37197,4544,306444,148863
2024-04-09,71.91%,+3.16%,18.30%,49%,0.14206218721205,63212,0.50587047046495,436847,11.01,55349,7863,290096,146751
2024-04-08,68.76%,-2.67%,14.88%,40%,0.2613797389683,50739,0.53343743986738,414390,10.83,40225,10514,270236,144154
2024-04-05,71.43%,+0.80%,17.77%,47%,0.47740861272989,58563,0.50516837903115,481106,11.25,39639,18924,319636,161470
2024-04-04,70.63%,-2.33%,16.91%,43%,0.31931123026962,52407,0.51411385551653,471221,11.53,39723,12684,311219,160002
2024-04-03,72.96%,+2.01%,19.44%,48%,0.36516808424463,67412,0.53746593310129,451872,11.38,49380,18032,293907,157965
2024-04-02,70.95%,-1.53%,17.25%,44%,0.35658658251043,53303,0.56201318797697,436578,11.28,39292,14011,279497,157081
2024-04-01,72.48%,+5.28%,18.91%,47%,0.6306163426842,112069,0.59100867822209,409567,11.99,68728,43341,257426,152141
2024-03-28,67.20%,-12.23%,13.19%,38%,0.48670356300067,140492,0.58561978682568,525430,12.52,94499,45993,331372,194058
2024-03-27,79.42%,-57.78%,26.43%,52%,0.80698277772708,277202,0.61625860186696,527049,13.17,153406,123796,326092,200957
2024-03-26,137.20%,-8.04%,89.03%,90%,0.55242274707751,247273,0.55217297452871,431442,15.5,159282,87991,277960,153482
2024-03-25,145.24%,+6.64%,97.74%,97%,0.48891408940439,178561,0.53830742451399,357035,15.12,119927,58634,232096,124939
2024-03-22,138.60%,+0.85%,90.54%,95%,0.42631890930646,72186,0.48118184884026,395283,13.1,50610,21576,266870,128413
2024-03-21,137.74%,+5.08%,89.62%,95%,0.2453311124571,49345,0.49012806411062,379327,13.66,39624,9721,254560,124767
2024-03-20,132.66%,+0.70%,84.12%,89%,0.24577328591927,39937,0.50039408582405,363595,13.48,32058,7879,242333,121262
2024-03-19,131.96%,+2.82%,83.36%,87%,0.33067456700091,35034,0.50750202496818,351756,13.41,26328,8706,233337,118419
2024-03-18,129.14%,-1.69%,80.30%,79%,0.30995634869688,40813,0.51776594490153,334634,13.91,31156,9657,220478,114156
2024-03-15,130.83%,-1.29%,82.13%,87%,0.31563551265175,71960,0.49354103202145,401540,14.24,54696,17264,268851,132689
2024-03-14,132.11%,-2.44%,83.52%,88%,0.35466891251711,38604,0.48973101343609,393940,14.63,28497,10107,264437,129503
2024-03-13,134.55%,-2.44%,86.16%,90%,0.18705145052057,46974,0.5026657467227,383312,14.87,39572,7402,255088,128224
2024-03-12,136.99%,+7.82%,88.80%,94%,0.19979818365288,38048,0.51373234874984,373904,14.72,31712,6336,247008,126896
2024-03-11,129.17%,-1.12%,80.33%,88%,0.22005629104555,46816,0.51964418087472,358750,14.43,38372,8444,236075,122675
2024-03-08,130.28%,-8.56%,81.54%,89%,0.29801792881518,73412,0.46435398485916,405238,14.65,56557,16855,276735,128503
2024-03-07,138.84%,-8.48%,90.81%,96%,0.20756854747337,42632,0.4716993654434,399144,15.26,35304,7328,271213,127931
2024-03-06,147.32%,+16.82%,100.00%,98%,0.1676279384598,82800,0.47555960920109,381804,15.26,70913,11887,258752,123052
2024-03-05,130.50%,-5.01%,93.78%,95%,0.18520043418048,63330,0.48269182552713,366643,15,53434,9896,247282,119361
2024-03-04,135.51%,+17.49%,100.00%,98%,0.18047324160151,79872,0.49591151267496,343382,15.22,67661,12211,229547,113835
2024-03-01,118.02%,+10.98%,99.10%,95%,0.16618002416432,138990,0.49125086385625,377622,14.95,119184,19806,253225,124397
2024-02-29,107.04%,-0.50%,81.83%,93%,0.28901289848292,38575,0.48098667997876,373804,14.27,29926,8649,252402,121402
2024-02-28,107.54%,-11.05%,82.61%,95%,0.1978021978022,46325,0.47996941211882,363849,14.24,38675,7650,245849,118000
2024-02-27,118.59%,+20.04%,100.00%,97%,0.16974305645825,53993,0.51169289082815,342988,14.21,46158,7835,226890,116098
2024-02-26,98.56%,-2.66%,94.24%,95%,0.26148507980569,36356,0.52727409560632,324700,13.68,28820,7536,212601,112099
2024-02-23,101.22%,+3.40%,100.00%,97%,0.46238861360902,71717,0.57323787607602,369176,13.51,49041,22676,234660,134516
2024-02-22,97.82%,+5.69%,100.00%,97%,0.53426311893724,39383,0.58639914297192,355401,13.36,25669,13714,224030,131371
2024-02-21,92.13%,-0.62%,98.36%,94%,1.1427810553917,52301,0.6281924489254,355607,13.41,24408,27893,218406,137201
2024-02-20,92.75%,+10.00%,100.00%,97%,0.56792760789208,65323,0.64770488031769,329452,13.49,41662,23661,199946,129506
2024-02-16,82.75%,+1.70%,100.00%,97%,0.27526735624123,58193,0.63423253054489,440728,14.12,45632,12561,269685,171043
2024-02-15,81.05%,+4.25%,100.00%,97%,0.8205263679292,55131,0.57671455321586,418490,14.51,30283,24848,265419,153071
2024-02-14,76.80%,-2.36%,90.23%,94%,1.5766150210084,78494,0.65982531055901,427571,14.41,30464,48030,257600,169971
2024-02-13,79.16%,+4.22%,100.00%,97%,0.5331903813754,50051,0.65353694871295,415681,14.17,32645,17406,251389,164292
2024-02-12,74.94%,+3.76%,100.00%,97%,0.42275237983312,60531,0.64514525059626,390416,14.73,42545,17986,237314,153102
2024-02-09,71.18%,+3.48%,100.00%,96%,0.26407223571655,119695,0.64152178310902,413826,14.66,94690,25005,252099,161727
2024-02-08,67.69%,-0.11%,83.91%,85%,0.76059117268041,43719,0.65418794959983,404487,14.35,24832,18887,244523,159964
2024-02-07,67.80%,+3.41%,84.64%,92%,1.196128837139,43569,0.61845311361752,386574,14.07,19839,23730,238854,147720
2024-02-06,64.40%,-5.73%,62.07%,64%,0.83830961221122,71297,0.66877332182901,375212,14.1,38784,32513,224843,150369
2024-02-05,70.12%,+13.56%,100.00%,96%,1.5639054213659,110712,0.50560454341653,312294,13.46,43181,67531,207421,104873
2024-02-02,56.56%,-1.52%,12.02%,4%,0.24290719372406,65275,0.45834211494196,352894,14.73,52518,12757,241983,110911
2024-02-01,58.08%,-2.32%,23.94%,14%,0.50664075153871,27906,0.45331472200733,345668,14.42,18522,9384,237848,107820
2024-01-31,60.40%,-1.32%,42.08%,24%,0.46580627993614,33051,0.45476824673999,334796,14.23,22548,10503,230137,104659
2024-01-30,61.72%,-1.93%,52.41%,35%,0.29535706626635,24161,0.45867916428163,326184,14.55,18652,5509,223616,102568
2024-01-29,63.65%,+1.42%,67.55%,47%,0.24970414201183,38016,0.48252055270369,307285,14.78,30420,7596,207272,100013
2024-01-26,62.23%,-1.74%,56.40%,44%,0.25918217433888,51425,0.51275472867683,351422,14.49,40840,10585,232306,119116
2024-01-25,63.97%,+2.35%,69.99%,53%,0.33417742423825,48472,0.52448218214616,334665,14.52,36331,12141,219527,115138
2024-01-24,61.62%,-2.95%,51.60%,38%,0.46484436101987,37459,0.54239443663817,323818,13.95,25572,11887,209945,113873
2024-01-23,64.56%,-3.24%,74.66%,60%,0.47883564785854,35461,0.5650179596629,314578,14.18,23979,11482,201006,113572
2024-01-22,67.80%,+2.67%,100.00%,93%,0.31417859866136,62045,0.65147288583359,290684,14.9,47212,14833,176015,114669
2024-01-19,65.12%,-1.54%,86.77%,77%,0.43120880275217,54499,0.344828437597,762550,14.51,38079,16420,567024,195526
2024-01-18,66.66%,+2.18%,100.00%,92%,0.61723167359952,64927,0.34014814014814,744526,14.29,40147,24780,555555,188971
2024-01-17,64.49%,+7.30%,93.46%,73%,1.3121379065221,65052,0.31465425862434,719342,14.08,28135,36917,547172,172170
2024-01-16,57.19%,+2.16%,21.35%,10%,0.61066510564754,57781,0.31183964528317,702376,13.98,35874,21907,535413,166963
2024-01-12,55.03%,-3.78%,0.00%,0%,0.25721148993722,62281,0.31729756831286,735658,14.75,49539,12742,558460,177198
2024-01-11,58.81%,+1.41%,18.18%,25%,0.16944227716646,43467,0.32188297715334,725493,15.25,37169,6298,548833,176660
2024-01-10,57.40%,-1.23%,0.00%,0%,0.16404419803217,59627,0.3351282463432,697722,15.73,51224,8403,522588,175134
2024-01-09,58.63%,-2.41%,0.00%,0%,0.30216830302851,43900,0.33721107650897,683593,15.16,33713,10187,511208,172385
2024-01-08,61.04%,-4.11%,0.00%,0%,0.25314799024371,63195,0.3482148181506,655649,15.79,50429,12766,486309,169340
2024-01-05,65.15%,+2.97%,100.00%,75%,0.43620689655172,52479,0.33907199322145,695360,15.96,36540,15939,519285,176075
2024-01-04,62.18%,-1.52%,0.00%,0%,0.57054111492562,38428,0.33580942622951,688380,16.36,24468,13960,515328,173052
2024-01-03,63.71%,-1.36%,0.00%,0%,0.41588694586049,43884,0.33569807818602,679312,16.69,30994,12890,508582,170730
2024-01-02,65.07%,+65.07%,0.00%,0%,0.29719515043421,61094,0.33767428850562,659959,16.67,47097,13997,493363,166596
2023-12-29,62.42%,-4.58%,9.21%,24%,0.31815577996367,80538,0.34918587901687,715592,17.53,61099,19439,530388,185204
2023-12-28,67.00%,-4.13%,14.11%,33%,0.24400955887102,57783,0.34873523805875,704087,18.07,46449,11334,522035,182052
2023-12-27,71.13%,+1.57%,18.52%,41%,0.33870067287633,91120,0.35079865986404,680169,18.37,68066,23054,503531,176638
2023-12-26,69.55%,-2.66%,16.84%,40%,0.3358811683953,61695,0.35093260945565,656918,17.36,46183,15512,486270,170648
2023-12-22,72.21%,-1.82%,19.68%,43%,0.26893002407238,76434,0.33443918500279,747354,16.97,60235,16199,560051,187303
2023-12-21,74.03%,-3.16%,21.63%,44%,0.29920532646048,60491,0.33540631972936,742112,16.98,46560,13931,555720,186392
2023-12-20,77.20%,-5.41%,25.01%,51%,0.20500998731172,95920,0.33527132855012,724135,16.93,79601,16319,542313,181822
2023-12-19,82.61%,+0.45%,30.80%,57%,0.34627155208455,80503,0.33018382235934,710527,17.72,59797,20706,534157,176370
2023-12-18,82.16%,-2.35%,30.31%,56%,0.25287879081109,129475,0.33173159708365,657384,17.86,103342,26133,493631,163753
2023-12-15,84.51%,-2.39%,32.83%,58%,0.25972406473866,94958,0.34487200257936,838408,17.26,75380,19578,623411,214997
2023-12-14,86.90%,+0.95%,35.38%,67%,0.21340687030063,181067,0.34045259830132,814522,17.44,149222,31845,607647,206875
2023-12-13,85.95%,+4.06%,34.36%,64%,0.1553138983454,155429,0.36135863503183,765251,16.69,134534,20895,562123,203128
2023-12-12,81.89%,-9.36%,30.03%,57%,0.18643861464484,58476,0.36797256534822,748742,15.22,49287,9189,547337,201405
2023-12-11,91.25%,-0.66%,40.03%,77%,0.3972192825603,114864,0.38463802008719,715232,15.07,82209,32655,516548,198684
2023-12-08,91.91%,-21.06%,40.73%,78%,0.36787300845052,163811,0.4045999163106,842531,15.55,119756,44055,599837,242694
2023-12-07,112.97%,-15.10%,63.24%,95%,0.41407922331109,325678,0.44351076427033,809440,16.36,230311,95367,560744,248696
2023-12-06,128.07%,+3.53%,79.39%,98%,0.65942233777979,176151,0.40746169143934,734619,14.84,106152,69999,521946,212673
2023-12-05,124.54%,-5.88%,75.62%,97%,0.32402159122654,146928,0.41000878319307,695116,14.91,110971,35957,492987,202129
2023-12-04,130.42%,+2.82%,81.91%,99%,0.35811869310564,192459,0.40064165423151,657041,16.98,141710,50749,469100,187941
2023-12-01,127.61%,+4.28%,78.90%,98%,0.24126906561587,238773,0.40361858806874,757474,15.3,192362,46411,539658,217816
2023-11-30,123.33%,-24.02%,74.32%,98%,0.35039187723212,221575,0.38936557163642,725749,14.55,164082,57493,522360,203389
2023-11-29,147.35%,+43.41%,100.00%,100%,0.22998849197404,622047,0.35645295374918,585772,16.25,505734,116313,431841,153931
2023-11-28,103.94%,+15.29%,62.84%,92%,0.19329106724193,172032,0.37523846938309,511095,13.49,144166,27866,371641,139454
2023-11-27,88.65%,-0.15%,43.67%,76%,0.27914893617021,36072,0.37834589506554,490840,11.91,28200,7872,356108,134732
2023-11-24,88.79%,+1.02%,43.86%,77%,0.40278983261004,22627,0.36463294875094,519715,12.2,16130,6497,380846,138869
2023-11-22,87.77%,-0.80%,42.57%,73%,0.15025974592919,26349,0.3712179053097,508257,12.29,22907,3442,370661,137596
2023-11-21,88.57%,+3.95%,43.58%,76%,0.32061001019639,29789,0.37386244143604,499094,12.55,22557,7232,363278,135816
2023-11-20,84.62%,-2.60%,38.63%,62%,0.2329490066893,36679,0.3803695882637,483070,12.8,29749,6930,349957,133113
2023-11-17,87.22%,+0.53%,41.88%,71%,0.22208521132749,57482,0.36011265454198,569860,13.03,47036,10446,418980,150880
2023-11-16,86.69%,-1.55%,41.22%,71%,0.43490621641299,41387,0.36312517632867,560468,12.53,28843,12544,411164,149304
2023-11-15,88.24%,+5.55%,43.16%,74%,0.19659922054348,44827,0.36498836085301,553541,13.27,37462,7365,405528,148013
2023-11-14,82.69%,-2.99%,36.21%,62%,0.2104641929738,56404,0.37153365993621,539202,12.9,46597,9807,393138,146064
2023-11-13,85.68%,-1.58%,39.95%,65%,0.30962130590737,41257,0.3821589467931,520944,12.14,31503,9754,376906,144038
2023-11-10,87.25%,+8.97%,41.93%,72%,0.42339431934493,44501,0.36978087096856,543214,12.54,31264,13237,396570,146644
2023-11-09,78.28%,+4.19%,30.68%,58%,0.26634958382878,34080,0.37318098550963,533717,12.7,26912,7168,388672,145045
2023-11-08,74.09%,-6.10%,25.43%,51%,0.24746929410177,18485,0.37917707032876,530266,13.28,14818,3667,384480,145786
2023-11-07,80.19%,+5.44%,33.08%,60%,0.21137709137709,23531,0.38208097816778,524479,13.64,19425,4106,379485,144994
2023-11-06,74.75%,+3.08%,26.26%,53%,0.20175947079483,35244,0.38913340540778,506253,13.53,29327,5917,364438,141815
2023-11-03,71.67%,+2.16%,22.40%,48%,0.20856188134418,57507,0.3742763628925,537452,13.87,47583,9924,391080,146372
2023-11-02,69.51%,+1.76%,19.69%,46%,0.20848137535817,31632,0.37782614838031,526652,13.64,26175,5457,382234,144418
2023-11-01,67.75%,-7.06%,17.48%,42%,0.24957588669271,31673,0.3809287856787,521157,13.01,25347,6326,377396,143761
2023-10-31,74.81%,+2.91%,26.34%,53%,0.22837320847371,43025,0.38485266218079,507320,13.77,35026,7999,366335,140985
2023-10-30,71.90%,+3.19%,22.69%,49%,0.33392131539988,42348,0.38715275795531,485964,12.8,31747,10601,350332,135632
2023-10-27,68.72%,+0.84%,18.69%,44%,0.31978428488657,29612,0.36959035993936,525783,13.12,22437,7175,383898,141885
2023-10-26,67.88%,-1.82%,17.64%,43%,0.22825896762905,28078,0.37380597192891,518473,13.5,22860,5218,377399,141074
2023-10-25,69.70%,-3.23%,19.93%,46%,0.17558451159782,25442,0.37454272807563,515147,13.71,21642,3800,374777,140370
2023-10-24,72.93%,+5.91%,23.97%,49%,0.11344586593606,47955,0.38946527886355,497662,14.04,43069,4886,358168,139494
2023-10-23,67.02%,-4.66%,16.56%,41%,0.14756078674307,37049,0.40316434410049,479791,13.44,32285,4764,341935,137856
2023-10-20,71.68%,+3.38%,22.41%,47%,0.31493270066477,55978,0.37839640056996,589128,13.44,42571,13407,427401,161727
2023-10-19,68.30%,+3.48%,18.17%,43%,0.44589379857601,53206,0.3955501065532,578242,13.16,36798,16408,414347,163895
2023-10-18,64.82%,+1.97%,13.81%,35%,1.8762715057139,91615,0.38866138303216,561215,13.85,31852,59763,404141,157074
2023-10-17,62.85%,-0.55%,11.34%,31%,0.35398299439677,34555,0.39559092604764,549934,14.12,25521,9034,394051,155883
2023-10-16,63.40%,+3.07%,12.03%,31%,0.26295157107533,41882,0.40414669859805,534136,14.43,33162,8720,380399,153737
2023-10-13,60.33%,-0.87%,8.18%,21%,0.33868210834758,38376,0.39400849954779,573378,14.92,28667,9709,411316,162062
2023-10-12,61.20%,+0.70%,9.28%,25%,0.3825695467304,49749,0.39540972551081,562812,15.09,35983,13766,403331,159481
2023-10-11,60.50%,+0.07%,8.39%,23%,0.20685204740115,30858,0.39572129910306,560350,15.82,25569,5289,401477,158873
2023-10-10,60.43%,-5.69%,8.30%,22%,0.19371351594073,53168,0.40350020559211,546130,16,44540,8628,389120,157010
2023-10-09,66.11%,+0.57%,15.43%,37%,0.22948371906047,42818,0.41293954349167,531367,15.4,34826,7992,376072,155295
2023-10-06,65.54%,-1.75%,14.71%,36%,0.24435752086515,59489,0.42277553083923,585364,15.08,47807,11682,411424,173940
2023-10-05,67.28%,+0.01%,16.90%,40%,0.22720658196675,43853,0.42157284056725,582208,14.71,35734,8119,409552,172656
2023-10-04,67.28%,+2.00%,16.89%,39%,0.52645427392974,42930,0.42516750752787,571743,14.87,28124,14806,401176,170567
2023-10-03,65.28%,+4.10%,14.38%,36%,0.57395958986731,62631,0.41979903333137,554308,14.6,39792,22839,390413,163895
2023-10-02,61.17%,+4.24%,9.24%,24%,0.42395902916945,83135,0.43186969382659,521822,15.39,58383,24752,364434,157388
2023-09-29,56.94%,-4.72%,3.93%,7%,0.37369421530842,78769,0.39367736461217,568304,16.46,57341,21428,407773,160531
2023-09-28,61.65%,+5.54%,9.84%,26%,0.33161360496222,90595,0.39436521541575,540099,16.84,68034,22561,387344,152755
2023-09-27,56.12%,-2.93%,2.90%,4%,0.37846831166172,26927,0.39381918094989,532648,17.15,19534,7393,382150,150498
2023-09-26,59.05%,-0.61%,6.57%,16%,0.4964970941804,37595,0.38623865970558,518298,16.78,25122,12473,373888,144410
2023-09-25,59.66%,+5.85%,7.34%,17%,0.29859621974135,58742,0.39171873526866,487128,17.67,45235,13507,350019,137109
2023-09-22,53.80%,-1.39%,0.00%,0%,0.43273867736823,42485,0.37875814367082,531827,17.18,29653,12832,385729,146098
2023-09-21,55.19%,+0.75%,1.47%,2%,0.37935529328871,39153,0.37662632908879,526817,17.02,28385,10768,382687,144130
2023-09-20,54.44%,-3.61%,0.53%,1%,0.18163127630184,36783,0.38408229183182,515071,17.52,31129,5654,372139,142932
2023-09-19,58.06%,-0.76%,5.07%,9%,0.40375517445299,28485,0.37746652427503,503037,17.52,20292,8193,365190,137847
2023-09-18,58.81%,-5.52%,6.02%,13%,0.23551657124849,47046,0.38442537701508,479205,17.55,38078,8968,346140,133065
2023-09-15,64.33%,-4.10%,12.95%,29%,0.32912566838391,54437,0.39737701725549,602746,18.22,40957,13480,431341,171405
2023-09-14,68.43%,-1.02%,18.11%,36%,0.33066583606872,55538,0.40101843100189,592911,18.33,41737,13801,423200,169711
2023-09-13,69.45%,+3.12%,19.39%,38%,0.48400881958493,65286,0.40806369151206,572851,17.81,43993,21293,406836,166015
2023-09-12,66.33%,+2.03%,15.46%,33%,0.27202205882353,69198,0.4191570782159,548859,17.23,54400,14798,386750,162109
2023-09-11,64.29%,+1.71%,12.91%,29%,0.61420962150889,57277,0.41533983306446,524641,17.02,35483,21794,370682,153959
2023-09-08,62.58%,-6.19%,10.76%,26%,0.60156037376395,88270,0.43863940522195,611662,17.71,55115,33155,425167,186495
2023-09-07,68.77%,-30.45%,18.54%,35%,0.49957618909232,123841,0.45227401091956,593967,18.89,82584,41257,408991,184976
2023-09-06,99.23%,+1.37%,56.82%,86%,0.65913484609584,121009,0.42483660130719,543692,18.75,72935,48074,381582,162110
2023-09-05,97.85%,+2.58%,55.09%,86%,0.35893125543865,68713,0.42550522222561,513591,19.23,50564,18149,360287,153304
2023-09-01,95.27%,-11.69%,51.85%,82%,0.49044420142686,57242,0.43356761358843,560707,18.42,38406,18836,391127,169580
2023-08-31,106.96%,+17.11%,66.53%,92%,0.96401316503309,108606,0.38824735775056,533416,18.55,55298,53308,384237,149179
2023-08-30,89.85%,+1.21%,45.03%,73%,0.39235017572687,30505,0.38922112830627,524067,18.37,21909,8596,377238,146829
2023-08-29,88.64%,+2.56%,43.51%,71%,0.38958091683897,55108,0.38268996298115,501250,18.24,39658,15450,362518,138732
2023-08-28,86.08%,-2.46%,40.29%,63%,0.40188674806502,59590,0.3742665830282,471023,17.57,42507,17083,342745,128278
2023-08-25,88.55%,+2.32%,43.39%,71%,0.33412293039208,54068,0.38564410034875,509360,17.13,40527,13541,367598,141762
2023-08-24,86.22%,+0.52%,40.47%,64%,0.60301793361884,47911,0.37925782835706,492664,16.36,29888,18023,357195,135469
2023-08-23,85.71%,+0.16%,39.82%,60%,0.41688251885109,49231,0.37524619619677,477601,16.89,34746,14485,347284,130317
2023-08-22,85.55%,-0.20%,39.62%,59%,0.32770944450492,73186,0.38354131743962,445694,17.26,55122,18064,322140,123554
2023-08-21,85.75%,+0.87%,39.88%,60%,0.21989544801443,39904,0.39233535114469,428274,18.48,32711,7193,307594,120680
2023-08-18,84.88%,-1.03%,38.79%,58%,0.26407875819383,51874,0.36843202507895,531681,18.36,41037,10837,388533,143148
2023-08-17,85.91%,-0.35%,40.08%,62%,0.51980472650616,27396,0.37410948410862,525601,18.38,18026,9370,382503,143098
2023-08-16,86.26%,+4.97%,40.52%,63%,0.43904400411734,44737,0.36784187115905,509253,18.59,31088,13649,372304,136949
2023-08-15,81.29%,+2.39%,34.27%,56%,0.35767354938694,29786,0.36867342082002,503227,19.33,21939,7847,367675,135552
2023-08-14,78.90%,+7.18%,31.27%,54%,0.40302599848039,42471,0.36458096321578,485784,19.96,30271,12200,355995,129789
2023-08-11,71.72%,-4.01%,22.24%,42%,0.31989563778676,41483,0.36635010354745,519239,20.19,31429,10054,380019,139220
2023-08-10,75.73%,+1.50%,27.29%,49%,0.212671390834,28921,0.36922789306412,512680,20.19,23849,5072,374430,138250
2023-08-09,74.24%,-0.73%,25.40%,44%,0.30488234465267,37043,0.37755662805313,506354,19.93,28388,8655,367574,138780
2023-08-08,74.96%,+7.99%,26.32%,47%,0.28363874958991,27389,0.37708862119997,499689,20.74,21337,6052,362859,136830
2023-08-07,66.97%,+0.50%,16.27%,38%,0.23013477467359,35049,0.37822752656204,483977,21.07,28492,6557,351159,132818
2023-08-04,66.47%,-0.73%,15.65%,37%,0.35664183244828,68467,0.37557694390797,520660,20.98,50468,17999,378503,142157
2023-08-03,67.21%,+3.35%,16.57%,38%,0.31322097684693,32103,0.3739833898752,510711,20.93,24446,7657,371701,139010
2023-08-02,63.85%,+2.39%,12.35%,33%,0.46891673161081,49006,0.36957599156638,500176,20.83,33362,15644,365205,134971
2023-08-01,61.46%,-0.85%,9.35%,26%,0.40112105814985,34745,0.36807870196337,491314,21.5,24798,9947,359127,132187
2023-07-31,62.32%,+4.11%,10.43%,29%,0.29401233339964,39030,0.36271717622299,476564,22.2,30162,8868,349716,126848
2023-07-28,58.21%,-4.66%,5.26%,13%,0.34070342595336,58818,0.35342905465461,532956,21.93,43871,14947,393782,139174
2023-07-27,62.87%,+1.68%,11.12%,30%,0.17214107501877,96779,0.36478128445167,511273,22.22,82566,14213,374619,136654
2023-07-26,61.19%,+1.53%,9.01%,25%,0.18640871205208,39002,0.36675311428447,503818,22.7,32874,6128,368624,135194
2023-07-25,59.66%,-4.93%,7.08%,18%,0.15604407331324,43332,0.37064746033252,491177,22.85,37483,5849,358354,132823
2023-07-24,64.59%,+4.80%,13.28%,30%,0.11671242859188,85816,0.39938878068869,451948,23.04,76847,8969,322961,128987
2023-07-21,59.79%,-0.22%,7.24%,19%,0.42999262203394,60084,0.41819663132918,576175,22.18,42017,18067,406273,169902
2023-07-20,60.01%,+0.40%,7.52%,20%,0.3820505394251,38175,0.41393908258331,572470,22.91,27622,10553,404876,167594
2023-07-19,59.61%,+3.06%,7.02%,17%,0.30981684554363,44911,0.41852145763267,563075,23.17,34288,10623,396945,166130
2023-07-18,56.55%,-1.63%,3.18%,4%,0.27052006006387,60074,0.42535604101094,548859,23.08,47283,12791,385068,163791
2023-07-17,58.18%,+3.25%,5.23%,13%,0.28502558339002,43448,0.42605820808328,537025,22.82,33811,9637,376580,160445
2023-07-14,54.93%,-1.73%,1.14%,1%,0.30502201364362,53947,0.42417695373014,584693,22.97,41338,12609,410548,174145
2023-07-13,56.66%,-0.55%,3.32%,3%,0.25667588030285,52284,0.42445143694176,577635,23.46,41605,10679,405514,172121
2023-07-12,57.22%,+0.42%,4.01%,7%,0.28212445039746,44032,0.42684986795555,572709,23.44,34343,9689,401380,171329
2023-07-11,56.79%,-5.16%,3.48%,4%,0.38807024428529,70743,0.43006124898688,557558,23.91,50965,19778,389884,167674
2023-07-10,61.96%,+4.63%,9.97%,21%,0.34970370024731,57851,0.42707543920083,538564,23.54,42862,14989,377390,161174
2023-07-07,57.33%,+0.60%,4.15%,6%,0.35149723999805,55333,0.41855513010862,580904,22.71,40942,14391,409504,171400
2023-07-06,56.72%,-3.01%,3.39%,3%,0.30392678514419,61265,0.41350644132247,576917,22.83,46985,14280,408146,168771
2023-07-05,59.73%,-2.70%,7.17%,13%,0.36972223568762,56512,0.40625211414769,561231,23.9,41258,15254,399097,162134
2023-07-03,62.43%,+5.40%,10.57%,21%,0.20638931504377,40104,0.40969771248167,545202,24.91,33243,6861,386751,158451
2023-06-30,57.03%,-1.71%,3.78%,4%,0.24543533243253,71894,0.41492853836635,599143,24.25,57726,14168,423444,175699
2023-06-29,58.74%,-1.62%,5.93%,10%,0.21541347025997,79059,0.4187902212821,586220,24.9,65047,14012,413183,173037
2023-06-28,60.36%,+5.25%,7.97%,14%,0.27231793554483,86183,0.42325490156629,565926,24.98,67737,18446,397628,168298
2023-06-27,55.11%,+1.09%,1.36%,1%,0.16744785242442,42592,0.4288047095486,553859,23.58,36483,6109,387638,166221
2023-06-26,54.02%,-1.45%,0.00%,0%,0.49752348420154,61376,0.41916002263396,529192,23.02,40985,20391,372891,156301
2023-06-23,55.48%,-1.93%,0.00%,0%,0.44468517626919,54011,0.41912183310553,590779,23.7,37386,16625,416299,174480
2023-06-22,57.41%,-0.73%,1.70%,3%,0.25526496727699,49293,0.4173538694242,584718,24.32,39269,10024,412542,172176
2023-06-21,58.13%,-3.01%,2.64%,4%,0.29003509162814,69480,0.42175651144731,569395,24.43,53859,15621,400487,168908
2023-06-20,61.14%,-5.71%,6.52%,11%,0.38015599621611,77326,0.41839569970656,546210,24.58,56027,21299,385090,161120
2023-06-16,66.86%,-5.76%,13.90%,21%,0.39988171679621,99414,0.41104724364319,763203,24.56,71016,28398,540877,222326
2023-06-15,72.62%,-2.04%,21.33%,26%,0.26745283814084,150363,0.41073631207511,751416,24.84,118634,31729,532641,218775
2023-06-14,74.66%,-2.95%,23.96%,29%,0.36932689683727,145517,0.42158577156018,733271,25.7,106269,39248,515812,217459
2023-06-13,77.61%,+12.57%,27.77%,35%,0.26429570972611,344226,0.41077037613294,674605,26.95,272267,71959,478182,196423
2023-06-12,65.04%,-4.14%,11.56%,18%,0.39575089009514,119567,0.4049245876192,644408,24.3,85665,33902,458678,185730
2023-06-09,69.18%,+1.68%,16.90%,23%,0.41907397931494,183035,0.43291535816598,769295,22.68,128982,54053,536874,232421
2023-06-08,67.50%,-38.48%,14.73%,21%,0.63285600097544,361578,0.45753804261736,726899,21.44,221439,140139,498717,228182
2023-06-07,105.99%,+11.14%,64.39%,86%,0.51590221476019,269059,0.42324945509449,618372,26.11,177491,91568,434479,183893
2023-06-06,94.85%,+3.36%,50.02%,72%,0.29331319074501,81330,0.42576812712088,587800,24.69,62885,18445,412269,175531
2023-06-05,91.49%,+5.87%,45.68%,65%,0.30146502425167,104915,0.41695183417681,549885,24.31,80613,24302,388076,161809
2023-06-02,85.62%,+0.19%,38.11%,44%,0.24884903126798,78123,0.40944711151732,604502,24.64,62556,15567,428893,175609
2023-06-01,85.43%,-1.79%,37.87%,43%,0.28481012658228,70238,0.40355181400993,587531,24.1,54668,15570,418603,168928
2023-05-31,87.23%,-0.25%,40.18%,50%,0.30006946444606,76734,0.39983720742079,570967,24.05,59023,17711,407881,163086
2023-05-30,87.48%,+6.38%,40.50%,51%,0.21137378669684,101713,0.40229596834228,536862,24.57,83965,17748,382845,154017
2023-05-26,81.09%,+2.91%,32.27%,40%,0.2728751896744,69625,0.41288182103405,603439,23.25,54699,14926,427098,176341
2023-05-25,78.18%,-2.88%,28.51%,36%,0.3870188082264,63126,0.41765957446809,593007,23.35,45512,17614,418300,174707
2023-05-24,81.06%,-0.73%,32.22%,38%,0.36443118699856,53060,0.41781662664335,582147,23.27,38888,14172,410594,171553
2023-05-23,81.79%,-4.01%,33.17%,39%,0.35343229695534,83971,0.41930752344841,568972,23.16,62043,21928,400880,168092
2023-05-22,85.80%,+10.32%,38.34%,44%,0.3973846804909,165101,0.39083182350337,512025,24.21,118150,46951,368143,143882
2023-05-19,75.47%,-1.52%,25.02%,32%,0.25104209551256,97241,0.42139039044857,660260,22.06,77728,19513,464517,195743
2023-05-18,76.99%,-1.84%,26.98%,36%,0.28132650006164,72755,0.41681806157674,648071,23.05,56781,15974,457413,190658
2023-05-17,78.84%,+3.16%,29.35%,36%,0.23885683436245,146864,0.42106772618531,609459,22.87,118548,28316,428874,180585
2023-05-16,75.67%,-0.94%,25.27%,33%,0.47553941956387,64214,0.41587681111101,594538,21.99,43519,20695,419908,174630
2023-05-15,76.61%,+3.32%,26.48%,35%,0.30645455929365,85821,0.42397961757732,564494,21.62,65690,20131,396420,168074
2023-05-12,73.29%,-1.32%,22.20%,30%,0.46911297052256,65139,0.40702086202919,615967,20.69,44339,20800,437781,178186
2023-05-11,74.61%,-0.04%,23.91%,30%,0.35049339819319,48584,0.40465832289197,603135,20.88,35975,12609,429382,173753
2023-05-10,74.66%,-0.69%,23.96%,30%,0.38113408939293,51758,0.40388771976495,591062,20.76,37475,14283,421018,170044
2023-05-09,75.35%,-0.80%,24.85%,31%,0.37028766086298,36203,0.40356206425732,580801,20.24,26420,9783,413805,166996
2023-05-08,76.15%,+6.42%,25.89%,31%,0.26445486439077,74967,0.40457226028257,559708,20.51,59288,15679,398490,161218
2023-05-05,69.73%,-1.80%,17.60%,28%,0.24642318526025,156203,0.41122793760716,590160,20.42,125321,30882,418189,171971
2023-05-04,71.53%,+6.37%,19.92%,28%,0.27183183461574,54877,0.41605179237704,574597,19.35,43148,11729,405774,168823
2023-05-03,65.15%,+3.61%,11.70%,25%,0.45320626012917,60077,0.40558169838163,552291,18.9,41341,18736,392927,159364
2023-05-02,61.54%,-0.07%,7.04%,16%,0.44766228344813,55486,0.40310386412876,531702,18.58,38328,17158,378947,152755
2023-05-01,61.62%,-3.42%,7.14%,16%,0.33993515647026,57033,0.40186253036734,515877,18.55,42564,14469,367994,147883
2023-04-28,65.04%,+1.45%,11.56%,21%,0.2965093693927,70088,0.40500587520663,564374,19.29,54059,16029,401688,162686
2023-04-27,63.60%,+1.41%,9.69%,19%,0.19011307669884,77568,0.4312793059085,538453,18.94,65177,12391,376204,162249
2023-04-26,62.19%,+2.07%,7.87%,18%,0.46772978813976,44823,0.43427727564848,524465,18.65,30539,14284,365665,158800
2023-04-25,60.12%,+4.03%,5.21%,14%,0.75088218120891,68969,0.42996667913366,504681,19,39391,29578,352932,151749
2023-04-24,56.09%,-1.12%,0.00%,0%,0.61794009589638,51965,0.42441554338669,486945,19.93,32118,19847,341856,145089
2023-04-21,57.21%,-2.44%,0.43%,1%,0.53153887982599,61963,0.50214220666641,737325,20.49,40458,21505,490849,246476
2023-04-20,59.65%,-0.28%,3.61%,8%,0.57820989419502,71747,0.5067249885982,726814,20.22,45461,26286,482380,244434
2023-04-19,59.92%,+0.92%,3.97%,8%,0.35014100778091,79472,0.51411014680695,709886,21.31,58862,20610,468847,241039
2023-04-18,59.00%,+2.12%,2.76%,7%,0.47751267521622,49541,0.51540252123704,701792,21.61,33530,16011,463106,238686
2023-04-17,56.88%,-0.48%,0.00%,0%,0.43713599519664,47871,0.50463062717965,754163,22.28,33310,14561,501228,252935
2023-04-14,57.36%,-0.91%,0.00%,0%,0.39464774860731,90627,0.51565700671676,753230,22.46,64982,25645,496966,256264
2023-04-13,58.27%,-0.33%,0.48%,1%,0.35295508895488,51484,0.52035468745211,744130,22.55,38053,13431,489445,254685
2023-04-12,58.60%,-1.48%,0.91%,1%,0.3657290031792,67874,0.51764914921192,726013,22.26,49698,18176,478380,247633
2023-04-11,60.08%,-0.60%,2.87%,1%,0.4096675525247,84339,0.5247594805643,706848,22.69,59829,24510,463580,243268
2023-04-10,60.68%,+2.77%,3.66%,1%,0.36871967939253,64891,0.52538460599004,749394,22.37,47410,17481,491282,258112
2023-04-06,57.91%,-4.21%,0.00%,0%,0.5665804395868,91446,0.52831919899214,741218,22.4,58373,33073,484989,256229
2023-04-05,62.12%,-3.33%,0.00%,0%,0.64652455649587,92999,0.5133582459517,726530,22.07,56482,36517,480078,246452
2023-04-04,65.45%,+1.70%,2.44%,3%,0.62712016673854,90559,0.49032727428345,696497,22.35,55656,34903,467345,229152
2023-04-03,63.75%,-1.30%,0.00%,0%,0.31071605070189,98132,0.52006845143139,786111,23.17,74869,23263,517155,268956
2023-03-31,65.05%,-3.89%,0.00%,0%,0.41202387559321,124669,0.52113778400794,781302,23.02,88291,36378,513630,267672
2023-03-30,68.94%,-3.39%,0.00%,0%,0.41134131851022,103337,0.52743781600014,759187,22.5,73219,30118,497033,262154
2023-03-29,72.33%,-9.95%,0.00%,0%,0.44536854142842,152933,0.52639499884232,738360,22.46,105809,47124,483728,254632
2023-03-28,82.29%,+2.28%,4.25%,2%,0.3364163088213,149696,0.5466433042405,701743,23.15,112013,37683,453720,248023
2023-03-27,80.01%,-12.83%,0.00%,0%,0.46597230170539,128082,0.62365733935833,832894,23,87370,40712,512974,319920
2023-03-24,92.84%,-1.01%,18.05%,42%,0.50375919188366,273615,0.62281446874779,825318,23.98,181954,91661,508572,316746
2023-03-23,93.85%,-5.40%,20.08%,45%,0.73318793401373,267807,0.64228216119771,793421,22.58,154517,113290,483121,310300
2023-03-22,99.24%,+4.98%,30.93%,64%,0.69781288888131,697178,0.48861088246147,629343,23.87,410633,286545,422772,206571
2023-03-21,94.26%,-13.21%,20.90%,46%,0.64726765057838,165188,0.46246740771236,575478,17.65,100280,64908,393498,181980
2023-03-20,107.46%,-1.56%,47.46%,75%,0.25850522368069,79866,0.4417208165312,690022,16.87,63461,16405,478610,211412
2023-03-17,109.03%,+10.17%,50.60%,83%,0.33707733903001,80115,0.50240009652094,697336,16.6,59918,20197,464148,233188
2023-03-16,98.85%,-0.52%,30.15%,65%,0.30294147376933,90230,0.52679563899056,666173,16.76,69251,20979,436321,229852
2023-03-15,99.37%,+7.09%,31.18%,66%,0.65477099236641,86710,0.52634788681195,638221,15.95,52400,34310,418136,220085
2023-03-14,92.28%,-3.37%,16.92%,47%,0.3695145631068,56424,0.53455382315724,622125,16.91,41200,15224,405411,216714
2023-03-13,95.65%,+5.02%,23.70%,54%,0.32397644803505,58014,0.51227003066642,655377,16.82,43818,14196,433373,222004
2023-03-10,90.63%,+5.26%,13.61%,38%,0.55617861802202,67991,0.5409272054142,653461,17.25,43691,24300,424070,229391
2023-03-09,85.38%,-0.61%,3.04%,2%,0.55266881416142,51575,0.53943726330345,643474,17.52,33217,18358,417993,225481
2023-03-08,85.99%,+2.12%,4.27%,7%,0.47265174244173,57429,0.53481009537148,622476,18.17,38997,18432,405572,216904
2023-03-07,83.87%,-3.94%,0.00%,0%,0.43705443492678,52007,0.52893012141339,609112,18.06,36190,15817,398391,210721
2023-03-06,87.81%,+2.02%,4.38%,14%,0.26897212480567,70197,0.50849020290283,654463,18.65,55318,14879,433853,220610
2023-03-03,85.79%,-2.58%,0.17%,2%,0.25544252114392,73181,0.52817156969017,648501,18.7,58291,14890,424364,224137
2023-03-02,88.37%,-0.17%,5.56%,15%,0.53746966019417,70945,0.51413149087769,631143,18.19,46144,24801,416835,214308
2023-03-01,88.54%,+0.87%,5.90%,15%,0.41787053026155,67329,0.51287343008447,616505,18.15,47486,19843,407506,208999
2023-02-28,87.67%,-2.68%,4.09%,10%,0.25750062225966,65678,0.52020530578165,593552,19.23,52229,13449,390442,203110
2023-02-27,90.34%,-0.40%,9.68%,21%,0.210375356456,73005,0.49886245096975,635095,19.1,60316,12689,423718,211377
2023-02-24,90.75%,-1.26%,10.52%,24%,0.58863753213368,61798,0.50756370286636,628143,19.54,38900,22898,416661,211482
2023-02-23,92.01%,+0.58%,13.15%,31%,0.44944694871377,80066,0.50615376260744,610170,20.14,55239,24827,405118,205052
2023-02-22,91.43%,-4.70%,11.94%,26%,0.38818881547579,61140,0.50837120701538,593081,20.52,44043,17097,393193,199888
2023-02-21,96.13%,+9.87%,21.76%,38%,0.83310852474179,95131,0.46637546309895,773799,20.66,51896,43235,527695,246104
2023-02-17,86.25%,-4.18%,1.14%,3%,0.28166742667749,115236,0.49104239874974,794742,21.99,89911,25325,533011,261731
2023-02-16,90.43%,+1.11%,9.87%,22%,0.35870164752152,113313,0.48513232517797,775646,21.6,83398,29915,522274,253372
2023-02-15,89.32%,+3.03%,7.54%,16%,0.21769501054111,173278,0.49596085463332,738324,21.8,142300,30978,493545,244779
2023-02-14,86.29%,-3.13%,1.21%,3%,0.37684319010623,69470,0.4985567949771,716983,19.87,50456,19014,478449,238534
2023-02-13,89.42%,+3.12%,7.74%,14%,0.32536985374926,78389,0.44439057001594,786436,19.69,59145,19244,544476,241960
2023-02-10,86.29%,-2.92%,1.22%,4%,0.36234741511786,93972,0.47080777816507,793289,19.27,68978,24994,539356,253933
2023-02-09,89.21%,+1.25%,7.31%,7%,0.4070526933803,115035,0.47366620614578,779733,19.67,81756,33279,529111,250622
2023-02-08,87.96%,-9.71%,4.69%,4%,0.29501475655322,89075,0.47657525756183,769498,21.1,68783,20292,521137,248361
2023-02-07,97.67%,-7.41%,24.98%,28%,0.33082161421606,165135,0.48333877457824,740591,21.22,124085,41050,499273,241318
2023-02-06,105.08%,+13.11%,40.46%,46%,0.17166355606619,225373,0.4886620645503,781296,23.86,192353,33020,524831,256465
2023-02-03,91.97%,-0.88%,13.08%,4%,0.20205528138264,177564,0.49582158688758,773075,22.25,147717,29847,516823,256252
2023-02-02,92.86%,+7.15%,14.93%,5%,0.18927960746413,239955,0.51128718274525,742175,22.7,201765,38190,491088,251087
2023-02-01,85.71%,-9.16%,0.00%,0%,0.19611407794569,126324,0.51702436864198,729669,21.83,105612,20712,480987,248682
2023-01-31,94.87%,-2.32%,0.00%,0%,0.2070207752106,89124,0.52198879492511,718814,21.87,73838,15286,472286,246528
2023-01-30,97.19%,-0.54%,5.00%,11%,0.28078175895765,176940,0.54397044804576,764463,21.25,138150,38790,495128,269335
2023-01-27,97.73%,+2.46%,20.17%,13%,0.28504582954462,387228,0.55778948454868,739559,22.82,301334,85894,474749,264810
2023-01-26,95.27%,-1.60%,17.05%,8%,0.48104995016059,133724,0.54240493601071,720954,20.01,90290,43434,467422,253532
2023-01-25,96.87%,-6.32%,19.08%,10%,0.28928998377594,120791,0.56010756717438,707774,20.23,93688,27103,453670,254104
2023-01-24,103.19%,-7.46%,27.09%,28%,0.32903604179996,124637,0.56198475871013,681722,21.4,93780,30857,436446,245276
2023-01-23,110.65%,+1.20%,36.55%,56%,0.32992435816689,213268,0.83723477630477,1616875,21.66,160361,52907,880059,736816
2023-01-20,109.45%,+5.44%,35.03%,51%,0.3125590280759,122299,0.91821333165938,1650120,19.63,93176,29123,860238,789882
2023-01-19,104.00%,-4.27%,28.12%,33%,0.57739508610563,126220,0.94954762916969,1627960,19.04,80018,46202,835045,792915
2023-01-18,108.28%,-14.42%,33.54%,46%,0.31391804661339,157343,0.95050440862038,1599162,20.79,119751,37592,819871,779291
2023-01-17,122.69%,+0.66%,51.83%,80%,0.23841570088948,184758,0.96335251431316,1623078,21.8,149189,35569,826687,796391
2023-01-13,122.04%,-11.55%,50.99%,79%,0.3197163909753,185015,0.95027073017005,1618321,20.49,140193,44822,829793,788528
2023-01-12,133.58%,+4.28%,65.64%,92%,0.28115671513762,186694,0.96223368717987,1585995,20.63,145723,40971,808260,777735
2023-01-11,129.30%,+16.91%,60.21%,89%,0.40221230242286,249727,0.95014018327831,1528163,19.04,178095,71632,783617,744546
2023-01-10,112.39%,+3.83%,38.76%,64%,0.3382449544715,132418,0.97534206181486,1487158,17.77,98949,33469,752861,734297
2023-01-09,108.56%,+4.76%,33.90%,50%,0.46120654563217,89740,0.94231336240583,1508554,16.38,61415,28325,776679,731875
2023-01-06,103.80%,-2.95%,27.87%,33%,0.67685700652139,105424,0.97591468511768,1500970,16.46,62870,42554,759633,741337
2023-01-05,106.75%,-1.06%,31.60%,42%,0.58989010989011,119361,0.99340215798769,1470766,16.22,75075,44286,737817,732949
2023-01-04,107.81%,-3.73%,32.95%,46%,0.42538186261674,81653,1.0067252752132,1446275,17.32,57285,24368,720714,725561
2023-01-03,111.54%,+9.54%,37.67%,59%,0.5139817566452,146723,0.99144660706326,1460979,17.2,96912,49811,733627,727352
2022-12-30,101.99%,-1.13%,25.57%,26%,0.53893438674246,79863,1.0173192250587,1459244,18.46,51895,27968,723358,735886
2022-12-29,103.13%,-7.01%,27.01%,29%,0.3781964764527,76585,1.0319976691092,1443649,18.33,55569,21016,710458,733191
2022-12-28,110.13%,-0.54%,35.89%,56%,0.70713770022393,139509,1.0545976045296,1405429,17.92,81721,57788,684041,721388
2022-12-27,110.67%,+11.18%,36.58%,58%,0.59061925861883,117744,1.0090571587424,1456247,18.2,74024,43720,724841,731406
2022-12-23,99.49%,-8.55%,22.40%,19%,0.47974097539826,105800,1.0279679408729,1439985,20.08,71499,34301,710063,729922
2022-12-22,108.05%,+7.24%,33.25%,48%,0.68544356753579,149064,1.03591077657,1403223,19.81,88442,60622,689236,713987
2022-12-21,100.81%,-6.51%,24.07%,25%,0.30196804291165,68934,1.0403248874526,1390916,20.56,52946,15988,681713,709203
2022-12-20,107.31%,-0.14%,32.32%,45%,0.29606464162801,86616,1.070790513834,1362166,20.26,66830,19786,657800,704366
2022-12-19,107.45%,+1.24%,32.49%,46%,0.37046802900461,106029,0.99128971982952,1464271,19.92,77367,28662,735338,728933
2022-12-16,106.21%,-1.14%,30.92%,42%,0.74481994098564,107029,1.084022563769,1486650,20.8,61341,45688,713356,773294
2022-12-15,107.35%,+2.49%,32.37%,45%,0.59523316777042,92498,1.1061076530422,1470497,20.58,57984,34514,698206,772291
2022-12-14,104.86%,+0.23%,29.21%,38%,0.81331114808652,108980,1.1251844195312,1443336,21.05,60100,48880,679158,764178
2022-12-13,104.63%,+0.99%,28.92%,37%,0.82196842947552,125233,1.1444390423439,1415838,21,68735,56498,660237,755601
2022-12-12,103.65%,+4.56%,27.67%,34%,0.83473821106883,114273,1.1158093305557,1526512,22.67,62283,51990,721479,805033
2022-12-09,99.08%,+2.70%,21.88%,19%,0.94665642938101,159729,1.1562891346864,1520393,22.63,82053,77676,705097,815296
2022-12-08,96.38%,-20.48%,18.46%,12%,0.62989746434006,229219,1.1697793823166,1506135,24.79,140634,88585,694142,811993
2022-12-07,116.86%,+11.16%,44.43%,74%,1.0583665587957,230253,1.2076818648492,1427805,22.26,111862,118391,646744,781061
2022-12-06,105.70%,+5.51%,30.27%,39%,1.0287544616696,152327,1.222955172585,1388051,23.39,75084,77243,624417,763634
2022-12-05,100.18%,-0.17%,23.28%,22%,1.1837175052231,127516,1.1145046576501,1420520,25.56,58394,69122,671798,748722
2022-12-02,100.35%,-4.32%,23.49%,23%,0.2731334783815,174376,1.0969938997828,1410436,27.52,136966,37410,672599,737837
2022-12-01,104.67%,+2.42%,28.96%,36%,0.16110705922997,211736,1.1425047349226,1368782,26.6,182357,29379,638870,729912
2022-11-30,102.25%,-3.56%,25.89%,27%,0.33745089303795,66046,1.153767859642,1354272,26.21,49382,16664,628792,725480
2022-11-29,105.80%,-0.61%,30.40%,39%,0.35165785293467,67222,1.0904253060232,1427495,25.6,49733,17489,682873,744622
2022-11-28,106.41%,-6.09%,31.17%,42%,0.5956091954023,69409,1.0950438644416,1399659,25.29,43500,25909,668081,731578
2022-11-25,112.50%,-2.03%,38.90%,63%,0.33162253586842,57080,1.1012589091861,1396545,26.17,42865,14215,664623,731922
2022-11-23,114.52%,-9.17%,41.46%,69%,0.47378523388498,97513,1.1141914404446,1375679,26.7,66165,31348,650688,724991
2022-11-22,123.69%,-5.80%,53.09%,82%,0.73149943777195,106250,1.1270405855504,1344915,26.3,61363,44887,632294,712621
2022-11-21,129.49%,-1.85%,59.09%,89%,0.51790230438411,118237,1.1365202560105,1488159,25.16,77895,40342,696534,791625
2022-11-18,131.33%,-1.22%,61.51%,90%,0.37904697699656,167739,1.1249203758261,1494465,27.6,121634,46105,703304,791161
2022-11-17,132.55%,+7.28%,63.11%,91%,0.329234055013,77174,1.1457836712532,1478063,27.76,58059,19115,688822,789241
2022-11-16,125.28%,+5.82%,53.56%,86%,0.46909439386679,73584,1.163719201664,1463663,27.14,50088,23496,676457,787206
2022-11-15,119.45%,-0.98%,45.93%,78%,0.29479660900402,131809,1.1912898648121,1431436,27.59,101799,30010,653239,778197
2022-11-14,120.43%,+6.96%,47.21%,78%,0.46573021354753,113320,1.1689025772806,1492231,26.05,77313,36007,688012,804219
2022-11-11,113.48%,-5.30%,38.09%,68%,0.42795267513165,125280,1.1710646454596,1483749,26.1,87734,37546,683420,800329
2022-11-10,116.55%,-10.77%,44.04%,76%,0.33471059169964,145043,1.2023795008889,1463131,24.88,108670,36373,664341,798790
2022-11-09,127.32%,+22.57%,57.69%,89%,1.1878603348075,188983,1.2117685414639,1411084,23.11,86378,102605,637989,773095
2022-11-08,104.75%,+1.23%,29.07%,41%,1.3664874200259,120582,1.1917016220354,1374175,25.14,50954,69628,626990,747185
2022-11-07,103.52%,+4.33%,27.51%,37%,0.55205540230329,80457,1.0824689048857,1456283,25.76,51839,28618,699306,756977
2022-11-04,99.19%,-1.03%,22.02%,23%,0.48577813609426,105046,1.0990543132279,1456729,26.51,70701,34345,693993,762736
2022-11-03,100.23%,-2.94%,23.33%,26%,0.3526179143228,93777,1.1023966663175,1444952,26.29,69330,24447,687288,757664
2022-11-02,103.17%,-4.15%,27.06%,35%,0.35624656301555,108516,1.105100801163,1436485,26.62,80012,28504,682383,754102
2022-11-01,107.31%,-4.49%,32.32%,46%,0.31228976125971,144344,1.1195752035769,1418850,28.39,109994,34350,669403,749447
2022-10-31,111.80%,+12.16%,38.02%,63%,0.25168656641013,371632,1.0963256562889,1438593,28.31,296905,74727,686245,752348
2022-10-28,99.64%,+12.31%,31.54%,25%,0.18661623221775,360761,1.1431309371702,1388826,28.17,304025,56736,648036,740790
2022-10-27,87.33%,+5.50%,17.73%,3%,0.31182334825539,82637,1.1574618355479,1369738,25.93,62994,19643,634884,734854
2022-10-26,81.83%,-16.95%,14.57%,2%,0.29714403334534,126037,1.1574539469821,1359388,25.42,97165,28872,630089,729299
2022-10-25,98.78%,-10.49%,32.94%,22%,0.21987431989145,185194,1.1979113720874,1314562,26.87,151814,33380,598096,716466
2022-10-24,109.27%,-4.02%,44.30%,54%,0.30447174447174,79638,1.0485534567286,1508860,24.71,61050,18588,736549,772311
2022-10-21,113.29%,+1.11%,48.66%,69%,0.45937487016854,105380,1.0853465937614,1536963,25.2401,72209,33171,737030,799933
2022-10-20,112.18%,+4.05%,47.55%,66%,0.36943878023913,118199,1.1068005839709,1510911,24.41,86312,31887,717159,793752
2022-10-19,108.13%,+4.11%,43.17%,50%,0.40101396621034,101418,1.1156338193874,1492531,24.54,72389,29029,705477,787054
2022-10-18,104.02%,-0.70%,38.73%,42%,0.262893563353,112150,1.1495437754323,1466954,26.67,88804,23346,682449,784505
2022-10-17,104.72%,-5.08%,39.49%,43%,0.24898403738274,106647,1.118746983232,1514385,25.96,85387,21260,714755,799630
2022-10-14,109.81%,+1.33%,44.98%,56%,0.63314192234501,97835,1.1255366649493,1509994,24.63,59906,37929,710406,799588
2022-10-13,108.47%,-1.03%,43.54%,52%,0.34754346009911,117747,1.147348875889,1497647,25.56,87379,30368,697440,800207
2022-10-12,109.50%,+1.00%,44.65%,56%,0.3840098311189,113749,1.1695226167021,1468910,25.36,82188,31561,677066,791844
2022-10-11,108.50%,+4.77%,43.57%,53%,0.44722733783507,106089,1.1800308130068,1441892,25.27,73305,32784,661409,780483
2022-10-10,103.73%,+0.65%,38.41%,43%,0.24792214366193,76424,1.1588768273267,1491568,25,61241,15183,690900,800668
2022-10-07,103.08%,+6.84%,37.71%,40%,0.79113016318205,112397,1.1658147741589,1469906,25.35,62752,49645,678685,791221
2022-10-06,96.24%,+0.89%,30.31%,20%,0.59436012330913,94646,1.1519154833661,1440914,25.99,59363,35283,669596,771318
2022-10-05,95.35%,+2.01%,29.35%,19%,0.36971990155536,81812,1.1573403375886,1427497,26.39,59729,22083,661693,765804
2022-10-04,93.34%,-6.96%,27.18%,15%,0.2860387414578,127404,1.1882327126826,1396180,27.6,99067,28337,638040,758140
2022-10-03,100.30%,+1.52%,34.71%,32%,0.40393274096506,70469,1.1204494804781,1465273,25.38,50194,20275,691020,774253
2022-09-30,98.78%,-2.33%,33.06%,28%,0.48989890633531,90048,1.1406346335649,1458226,25.13,60439,29609,681212,777014
2022-09-29,101.11%,+0.17%,35.58%,35%,0.92162656149079,139831,1.1253333612537,1420932,25.46,72767,67064,668569,752363
2022-09-28,100.94%,-2.24%,35.40%,34%,0.3507077527639,97617,1.133810976582,1405138,27.31,72271,25346,658511,746627
2022-09-27,103.18%,+4.79%,37.82%,40%,0.36987407610183,100083,1.1539573934368,1380747,26.13,73060,27023,641028,739719
2022-09-26,98.40%,+1.25%,32.65%,28%,0.31307329236798,88467,1.0635724431316,1460091,24.48,67374,21093,707555,752536
2022-09-23,97.14%,+2.62%,31.29%,24%,0.73482033862322,130743,1.0928262588293,1445310,25.04,75364,55379,690602,754708
2022-09-22,94.52%,-1.38%,28.45%,19%,0.50327888270322,139605,1.0955393208109,1417844,24.7,92867,46738,676601,741243
2022-09-21,95.91%,-11.60%,29.95%,22%,0.24101662929908,143361,1.0772358857442,1414957,26.86,115519,27842,681173,733784
2022-09-20,107.51%,+4.04%,42.50%,51%,0.54220381419135,115801,1.0875378588658,1381257,27.54,75088,40713,661668,719589
2022-09-19,103.47%,+1.30%,38.13%,42%,0.27705798138869,142724,1.0643051125391,1515683,28.96,111760,30964,734234,781449
2022-09-16,102.16%,+2.20%,36.72%,38%,0.39844199662598,140921,1.1191256618092,1525762,28.64,100770,40151,719996,805766
2022-09-15,99.97%,+3.61%,34.34%,34%,0.35960233882787,89988,1.1322419242817,1504318,28.61,66187,23801,705510,798808
2022-09-14,96.36%,+3.28%,30.44%,25%,0.33271429824818,91139,1.1576151878376,1481082,28.13,68386,22753,686444,794638
2022-09-13,93.07%,+0.68%,26.89%,20%,0.45012856734707,91361,1.1720814598371,1465158,27.85,63002,28359,674541,790617
2022-09-12,92.39%,+2.93%,26.15%,19%,0.34065274778018,134076,1.2159313130235,1578481,29.24,100008,34068,712333,866148
2022-09-09,89.46%,-10.13%,22.98%,16%,0.37820162271353,246982,1.2326515637112,1563930,28.92,179206,67776,700481,863449
2022-09-08,99.59%,-15.86%,33.94%,33%,0.55285419172637,237537,1.2661659259259,1529662,25.83,152968,84569,675000,854662
2022-09-07,115.45%,-0.13%,51.09%,75%,1.0688103938287,254774,1.2817698351859,1428753,24.04,123150,131624,626160,802593
2022-09-06,115.58%,+9.59%,51.23%,75%,1.0956916844583,191410,1.1219269156074,1460813,25.14,91335,100075,688437,772376
2022-09-02,105.99%,-7.07%,40.86%,48%,0.38032695909543,119390,1.1769928603116,1408399,27.36,86494,32896,646947,761452
2022-09-01,113.06%,+6.67%,48.50%,69%,0.54120960311528,88655,1.1992875015904,1400139,27.63,57523,31132,636633,763506
2022-08-31,106.39%,-3.71%,41.29%,49%,0.37794262681703,96405,1.2239582239017,1376023,28.64,69963,26442,618727,757296
2022-08-30,110.10%,+6.34%,45.30%,58%,0.51626805975022,92879,1.2383896524918,1353308,29.84,61255,31624,604590,748718
2022-08-29,103.75%,+4.84%,38.44%,44%,0.2379742796839,100885,1.1464264382374,1462590,31.55,81492,19393,681407,781183
2022-08-26,98.91%,-3.49%,33.20%,32%,0.53901806206965,123380,1.1961903933615,1464624,30.94,80168,43212,666893,797731
2022-08-25,102.40%,-3.96%,36.98%,38%,0.38952979291625,126953,1.2382995792793,1439634,31.96,91364,35589,643182,796452
2022-08-24,106.36%,-12.44%,41.26%,47%,0.29006071413408,151924,1.2521029723066,1420300,32.5,117765,34159,630655,789645
2022-08-23,118.80%,-5.14%,54.71%,75%,0.41379666043453,109647,1.2718795557042,1399446,33.53,77555,32092,615986,783460
2022-08-22,123.94%,-3.10%,60.26%,81%,0.72611557098431,143202,1.1697062670785,1584070,34.5,82962,60240,730085,853985
2022-08-19,127.04%,+22.30%,63.62%,87%,1.3961429840495,361439,1.1966939738706,1551760,36.49,150842,210597,706407,845353
2022-08-18,104.74%,-6.10%,39.50%,45%,0.60938154537492,169043,1.1688330513937,1541073,37.93,105036,64007,710554,830519
2022-08-17,110.84%,+1.25%,46.11%,60%,0.20196147841557,264845,1.2258121363457,1490386,40.52,220344,44501,669592,820794
2022-08-16,109.59%,+7.83%,44.75%,55%,0.27876800584049,409872,1.2786217088265,1446305,42.19,320521,89351,634728,811577
2022-08-15,101.76%,-1.26%,36.28%,37%,0.43649291817191,125255,1.2328994787003,1523581,39.68,87195,38060,682333,841248
2022-08-12,103.02%,-3.24%,37.64%,41%,0.32847686807547,187654,1.2168802828171,1523817,40.74,141255,46399,687370,836447
2022-08-11,106.26%,-2.03%,41.15%,48%,0.31420097697139,143127,1.2321419556018,1503236,39.45,108908,34219,673450,829786
2022-08-10,108.29%,-2.82%,43.34%,51%,0.39293387241385,164681,1.2303193218176,1495951,40.53,118226,46455,670734,825217
2022-08-09,111.11%,-3.50%,46.39%,60%,0.39971017723777,188352,1.2424215606542,1469636,40.37,134565,53787,655379,814257
2022-08-08,114.61%,+13.50%,50.18%,71%,0.28275212456915,307772,1.203686482896,1526119,43.45,239931,67841,692530,833589
2022-08-05,101.11%,+1.43%,35.58%,37%,0.27095680918911,304506,1.1669535744674,1538251,40.02,239588,64918,709868,828383
2022-08-04,99.68%,+2.23%,34.04%,33%,0.41890547263682,155434,1.1767625641328,1511668,38.36,109545,45889,694457,817211
2022-08-03,97.45%,-1.02%,31.62%,27%,0.39385398672607,122648,1.164251769203,1508319,37.93,87992,34656,696924,811395
2022-08-02,98.47%,+0.96%,32.72%,30%,0.33969081689216,130510,1.1801930984577,1470259,35.84,97418,33092,674371,795888
2022-08-01,97.51%,+3.48%,31.69%,27%,0.50177451553709,148949,1.1215686014167,1597870,34.78,99182,49767,753155,844715
2022-07-29,94.03%,-0.53%,27.93%,21%,0.38527601469517,173075,1.1455876632546,1610624,34.01,124939,48136,750668,859956
2022-07-28,94.57%,-0.86%,28.50%,22%,0.50552793519452,86607,1.1509870446193,1600201,33.84,57526,29081,743938,856263
2022-07-27,95.42%,-2.59%,29.43%,24%,0.36895634133141,121410,1.172553443837,1577163,33.78,88688,32722,725949,851214
2022-07-26,98.02%,-5.25%,32.23%,30%,0.76666149028134,136517,1.2038003471607,1555277,32.43,77274,59243,705725,849552
2022-07-25,103.27%,+0.62%,37.91%,42%,0.59782193351165,133808,1.0786614613387,1844388,33.98,83744,50064,887296,957092
2022-07-22,102.65%,-0.11%,37.24%,39%,0.49055199654449,286420,1.1020635805912,467356,35.78,192157,94263,222332,245024
2022-07-21,102.75%,-5.55%,37.36%,40%,0.57152151066776,94208,1.0921931827793,445248,153.47,59947,34261,212814,232434
2022-07-20,108.30%,-2.24%,43.36%,52%,0.44046496552537,97773,1.0964785595042,428233,158.75,67876,29897,204263,223970
2022-07-19,110.54%,-6.76%,45.78%,59%,0.28471678190674,113154,1.112911603318,410862,151.7,88077,25077,194453,216409
2022-07-18,117.30%,+3.93%,53.09%,75%,0.30467518307327,88547,1.0693697732899,530783,146.64,67869,20678,256495,274288
2022-07-15,113.38%,+1.28%,48.84%,69%,0.52436756806391,132809,1.0651793391475,538004,141.64,87124,45685,260512,277492
2022-07-14,112.10%,+3.11%,47.46%,65%,0.60131641198881,192925,1.1015499173796,502365,136.2,120479,72446,239045,263320
2022-07-13,108.99%,+1.89%,44.10%,55%,0.51749698608713,93147,1.0907598570355,481433,141.28,61382,31765,230267,251166
2022-07-12,107.10%,-2.93%,42.06%,50%,0.47751624301835,103698,1.1052370838933,458948,137.12,70184,33514,218003,240945
2022-07-11,110.03%,+1.48%,45.22%,58%,0.39539244575409,57299,1.0375750928942,497910,130.09,41063,16236,244364,253546
2022-07-08,108.54%,-6.14%,43.62%,55%,0.58277584340727,121372,1.0607769982046,485517,128.54,76683,44689,235599,249918
2022-07-07,114.68%,+8.94%,50.25%,72%,0.41833883869941,178193,1.1710688175699,434166,135.12,125635,52558,199978,234188
2022-07-06,105.74%,-3.65%,40.58%,49%,0.59360470348262,53126,1.2135245514389,421672,117.43,33337,19789,190498,231174
2022-07-05,109.39%,+10.21%,44.53%,56%,0.82027666545322,50003,1.1053196912322,462564,120.23,27470,22533,219712,242852
2022-07-01,99.18%,-6.64%,33.49%,33%,0.61624700239808,53918,1.1527702054859,458032,123.42,33360,20558,212764,245268
2022-06-30,105.81%,+2.18%,40.67%,48%,0.70907364709074,50404,1.1699650417557,446926,122.3,29492,20912,205960,240966
2022-06-29,103.63%,-3.87%,38.31%,44%,0.70947791774169,45055,1.1767560613361,438218,122.86,26356,18699,201317,236901
2022-06-28,107.50%,-4.20%,42.49%,50%,0.60660028449502,56472,1.1747279843246,429524,124.38,35150,21322,197507,232017
2022-06-27,111.70%,+8.04%,47.03%,61%,0.69584109248914,95620,1.0485625721753,471870,129.69,56385,39235,230342,241528
2022-06-24,103.66%,-23.57%,38.34%,44%,0.36746972484916,159782,1.0413339137078,459590,135.21,116845,42937,225142,234448
2022-06-23,127.23%,-5.57%,63.83%,87%,0.37428141108589,64785,1.0762546094379,443679,142.02,47141,17644,213692,229987
2022-06-22,132.80%,-10.44%,69.86%,90%,0.36270989227035,67927,1.135908946308,422989,138.46,49847,18080,198037,224952
2022-06-21,143.24%,+7.19%,81.14%,96%,0.36839413818798,93657,0.98383947623195,612687,140.28,68443,25214,308839,303848
2022-06-17,136.05%,+0.27%,73.37%,91%,0.40028773035555,143080,1.0038771493783,611942,135.14,102179,40901,305379,306563
2022-06-16,135.79%,+12.17%,73.08%,91%,0.72585233303613,81298,1.0306309015662,594189,125.73,47106,34192,292613,301576
2022-06-15,123.61%,-3.20%,59.91%,80%,0.81443198676946,74604,1.0560593685752,584036,129.29,41117,33487,284056,299980
2022-06-14,126.81%,-0.81%,63.37%,85%,0.75110743877528,76294,1.0734589305829,563280,126.17,43569,32725,271662,291618
2022-06-13,127.62%,+17.78%,61.16%,86%,1.2209159261791,97476,0.94122276235357,626551,118.25,43890,53586,322761,303790
2022-06-10,109.83%,-2.19%,41.34%,54%,0.56367017183893,121935,0.96772120895969,618624,129.09,77980,43955,314386,304238
2022-06-09,112.03%,-1.58%,36.44%,61%,0.67443827728473,112827,0.9624911283449,605560,128.98,67382,45445,308567,296993
2022-06-08,113.61%,+1.75%,37.76%,66%,0.39157371047732,177896,0.97729934117855,582546,138.73,127838,50058,294617,287929
2022-06-07,111.86%,+2.71%,33.82%,60%,0.40463655605052,183829,0.99768179022567,548925,146.5,130873,52956,274781,274144
2022-06-06,109.15%,-0.06%,31.72%,53%,0.59481221715025,81404,0.97510111824887,664108,128.1,51043,30361,336240,327868
2022-06-03,109.21%,-8.84%,31.77%,53%,0.49444015112485,208851,0.95557230467565,664216,133.7,139752,69099,339653,324563
2022-06-02,118.05%,-14.99%,37.27%,72%,0.54189778991114,266019,0.98221798611713,617673,134,172527,93492,311607,306066
2022-06-01,133.04%,-7.10%,44.01%,86%,0.7385303514377,136040,0.9891361461505,571628,121.4,78250,57790,287375,284253
2022-05-31,140.14%,+0.81%,48.83%,89%,0.77211103938025,123525,0.95118240739901,645137,124.74,69705,53820,330639,314498
2022-05-27,139.33%,-5.29%,48.28%,88%,0.36912436877507,274378,0.92949044895382,635551,137.21,200404,73974,329388,306163
2022-05-26,144.62%,+2.92%,51.87%,91%,0.50237488125594,420686,0.95133454170665,549047,128.46,280014,140672,281370,267677
2022-05-25,141.70%,+1.70%,49.89%,88%,0.52700798760602,272038,1.0070880800697,470052,115.17,178151,93887,234196,235856
2022-05-24,140.00%,+0.83%,48.73%,88%,0.78109427438218,70054,1.0265259796729,454414,89.15,39332,30722,224233,230181
2022-05-23,139.17%,-4.20%,48.17%,88%,0.67311143270622,57806,1.0127904521259,552829,96.13,34550,23256,274658,278171
2022-05-20,143.36%,-2.53%,51.02%,90%,0.69894152351206,107701,1.0957491294356,566328,95.66,63393,44308,270227,296101
2022-05-19,145.90%,+1.80%,52.74%,91%,0.58937241638482,105733,1.117087458172,547898,99.19,66525,39208,258798,289100
2022-05-18,144.09%,+11.95%,51.52%,91%,0.81660755268099,78363,1.1126982413637,528464,91.48,43137,35226,250137,278327
2022-05-17,132.14%,-10.08%,43.40%,87%,0.51626929487644,62769,1.1463379018295,514445,100.38,41397,21372,239685,274760
2022-05-16,142.23%,+0.50%,50.25%,90%,0.75031370841763,68348,1.0592453437819,575487,91.8,39049,29299,279465,296022
2022-05-13,141.73%,-11.98%,49.91%,90%,0.74523449005414,168279,1.0440660171186,549030,98.39,96422,71857,268597,280433
2022-05-12,153.71%,+5.35%,58.05%,94%,0.71598204926625,209542,1.1455848579795,502629,89.57,122112,87430,234262,268367
2022-05-11,148.36%,+17.12%,54.41%,92%,1.6217973669147,114507,1.1586576838341,473249,81.33,43675,70832,219233,254016
2022-05-10,131.24%,+0.86%,42.79%,87%,1.1169685851869,92321,1.1703110682421,450014,93.5,43610,48711,207350,242664
2022-05-09,130.38%,+22.95%,42.20%,87%,1.1579232526913,91606,1.0427116971082,480121,98.79,42451,49155,235041,245080
2022-05-06,107.43%,+5.03%,26.62%,49%,1.1199602216224,74612,1.0626219815756,468176,114.7,35195,39417,226981,241195
2022-05-05,102.40%,+3.78%,23.21%,40%,1.0502701659591,63747,1.0610678360025,454045,119.13,31092,32655,220296,233749
2022-05-04,98.62%,-4.60%,20.64%,31%,0.47678795483061,51788,1.0957211779035,443945,127.08,35068,16720,211834,232111
2022-05-03,103.23%,-2.05%,23.77%,42%,0.45366174920969,55181,1.1446438497578,432120,120.43,37960,17221,201488,230632
2022-05-02,105.28%,+7.62%,25.16%,45%,0.70015631302945,67435,1.0523306832342,467759,119.57,39664,27771,227916,239843
2022-04-29,97.66%,-1.50%,19.99%,29%,0.70709828393136,61278,1.1021384509938,460053,125.07,35896,25382,218850,241203
2022-04-28,99.16%,+3.07%,21.01%,32%,0.81223102436885,66112,1.1169901634636,442271,129.31,36481,29631,208915,233356
2022-04-27,96.09%,-4.28%,18.93%,25%,0.56646216768916,49790,1.1552945572426,426841,129.84,31785,18005,198043,228798
2022-04-26,100.37%,+5.45%,21.83%,33%,0.78141550312951,48100,1.1772769844966,416119,127.6,27001,21099,191119,225000
2022-04-25,94.92%,+5.34%,18.13%,24%,0.49632068814892,44532,1.0309865404526,466871,135.95,29761,14771,229874,236997
2022-04-22,89.58%,+1.29%,14.51%,17%,0.76269514390707,71472,1.0597344734473,457673,138.22,40547,30925,222200,235473
2022-04-21,88.30%,-0.66%,13.64%,15%,0.59294762961996,60986,1.0621677752262,450794,141.56,38285,22701,218602,232192
2022-04-20,88.96%,-2.96%,14.08%,16%,0.63956857132884,46972,1.0734888658215,441452,148.85,28649,18323,212903,228549
2022-04-19,91.91%,-2.45%,16.09%,19%,0.46166286705247,75014,1.1066217168159,418670,152.47,51321,23693,198740,219930
2022-04-18,94.36%,+6.12%,17.75%,21%,0.53346698865449,67310,0.91357523058795,565140,141.46,43894,23416,295332,269808
2022-04-14,88.24%,-1.41%,13.60%,14%,0.47582352736992,42517,0.91015950740165,572662,0,28809,13708,299798,272864
2022-04-13,89.65%,-5.59%,14.55%,16%,0.49716453442236,77354,0.93992579808975,555296,150.7,51667,25687,286246,269050
2022-04-12,95.23%,-5.47%,18.35%,22%,0.34740247236878,69976,0.95883888083858,543425,144.87,51934,18042,277422,266003
2022-04-11,100.70%,-0.20%,22.06%,30%,0.56735464384596,62271,0.84799173446984,629596,146.93,39730,22541,340692,288904
2022-04-08,100.89%,-2.98%,22.19%,30%,0.5701865475191,110348,0.87468858469444,623812,146.19,70277,40071,332755,291057
2022-04-07,103.88%,-6.50%,24.21%,37%,0.60936590665132,124441,0.88892086241893,610469,150,77323,47118,323184,287285
2022-04-06,110.38%,-2.83%,28.63%,47%,0.41528234348747,96869,0.9095053713728,594746,156.64,68445,28424,311466,283280
2022-04-05,113.21%,-7.70%,30.55%,55%,0.57662168367725,106433,0.93038604194734,580303,153.59,67507,38926,300615,279688
2022-04-04,120.90%,-6.84%,35.77%,66%,0.38978675645342,123830,0.80312918755273,726625,170.73,89100,34730,402980,323645
2022-04-01,127.75%,+6.86%,40.42%,79%,0.46708074116647,436502,0.82658570048466,674991,165,297531,138971,369537,305454
2022-03-31,120.89%,-13.21%,35.76%,66%,0.39517624160376,241565,0.86306736493236,645333,166.58,173143,68422,346382,298951
2022-03-30,134.09%,-14.48%,43.24%,82%,0.43582319308019,195875,0.88178347422962,621045,166.85,136420,59455,330030,291015
2022-03-29,148.57%,-12.11%,48.21%,87%,0.37875312512401,347432,0.88029647120556,573340,179.9,251990,95442,304920,268420
2022-03-28,160.68%,+34.68%,50.33%,89%,0.38961548682516,339893,0.87325170452372,636589,189.59,244595,95298,339831,296758
2022-03-25,126.00%,+2.65%,30.43%,76%,0.37257515272871,430478,0.85980339842509,602965,151.95,313628,116850,324209,278756
2022-03-24,123.35%,-3.72%,27.31%,71%,0.44374049163264,144247,0.98158666178087,454251,0,99912,44335,229236,225015
2022-03-23,127.07%,+13.71%,29.15%,77%,0.36041326635714,429258,0.92220390937883,491002,141,315535,113723,255437,235565
2022-03-22,113.37%,+18.31%,20.43%,56%,0.38217859909871,301496,0.9687776626801,418129,123.14,218131,83365,212380,205749
2022-03-21,95.06%,-2.55%,12.14%,21%,0.56290500289455,83692,0.84517478920332,530890,94.2,53549,30143,287718,243172
2022-03-18,97.61%,-24.53%,13.30%,25%,0.6489717188731,242788,0.93586840780051,503591,90.79,147236,95552,260137,243454
2022-03-17,122.14%,-1.04%,24.38%,68%,0.8736371855555,105690,0.9509980314544,460855,87.7,56409,49281,236215,224640
2022-03-16,123.17%,-3.28%,22.76%,69%,0.77929063708186,63510,0.9553354828123,440891,86.86,35694,27816,225481,215410
2022-03-15,126.46%,+1.21%,21.31%,74%,0.6886129277194,68941,0.99366036216918,416051,82.64,40827,28114,208687,207364
2022-03-14,125.25%,+11.90%,20.03%,73%,1.0185739834946,93680,0.84596570904773,443041,78.11,46409,47271,240005,203036
2022-03-11,113.35%,+4.50%,15.85%,55%,0.84030448717949,68901,0.89301623483965,435159,92.69,37440,31461,229876,205283
2022-03-10,108.85%,-3.35%,14.27%,44%,0.67246885418494,47657,0.91728893493873,429304,100.56,28495,19162,223912,205392
2022-03-09,112.20%,-5.28%,14.61%,52%,0.38049199084668,24131,0.75997713666857,292517,0,17480,6651,166205,126312
2022-03-08,117.48%,-6.61%,16.36%,60%,0.45888730518494,62436,0.97487945740017,405895,103.01,42797,19639,205529,200366
2022-03-07,124.09%,+10.12%,18.56%,68%,0.70207975488603,73329,0.83990113079639,457048,99.35,43082,30247,248409,208639
2022-03-04,113.97%,+2.35%,15.20%,55%,0.56081832837583,68740,0.86126168984814,446016,111.66,44041,24699,239631,206385
2022-03-03,111.62%,-0.42%,14.42%,49%,0.25516870547117,46686,0.88098936188675,433553,118.41,37195,9491,230492,203061
2022-03-02,112.05%,-8.68%,14.56%,50%,0.24249880105924,59589,0.91529057671125,422538,121.97,47959,11630,220613,201925
2022-03-01,120.73%,+3.12%,17.44%,62%,0.29090044388079,48858,0.93223126395162,407695,119.02,37848,11010,210997,196698
2022-02-28,117.61%,+1.80%,15.08%,59%,0.27162964445334,57189,0.83766037975387,463197,123.34,44973,12216,252058,211139
2022-02-25,115.81%,-5.42%,14.49%,57%,0.45597801509723,83710,0.84477956886447,443806,118.58,57494,26216,240574,203232
2022-02-24,121.23%,-0.19%,15.40%,61%,0.31460100319197,72073,0.88040000884975,424961,124.58,54825,17248,225995,198966
2022-02-23,121.41%,+6.32%,15.45%,61%,0.31558114429651,51184,0.93602617569619,402949,114.87,38906,12278,208132,194817
2022-02-22,115.10%,+1.47%,13.62%,56%,0.3453785513994,50858,0.80402815147918,530350,118.06,37802,13056,293981,236369
2022-02-18,113.63%,+2.06%,13.19%,53%,0.51331901804887,78228,0.82514749108799,525303,121.53,51693,26535,287814,237489
2022-02-17,111.57%,+3.97%,12.59%,48%,0.56671729225429,64989,0.83370104204096,510319,123.41,41481,23508,278300,232019
2022-02-16,107.59%,+2.47%,11.44%,41%,0.35823748365246,81008,0.85283211767937,485694,128.33,59642,21366,262136,223558
2022-02-15,105.12%,-6.20%,10.72%,37%,0.42878500946875,57340,0.88025227750526,469546,126.16,40132,17208,249725,219821
2022-02-14,111.32%,-1.53%,12.52%,47%,0.48008306588635,54880,0.85453567624759,527595,117.09,37079,17801,284489,243106
2022-02-11,112.85%,-0.15%,12.97%,50%,0.49512373117495,112680,0.84194543814134,524680,124.25,75365,37315,284851,239829
2022-02-10,113.00%,+1.62%,13.01%,50%,0.486271696627,105665,0.8391410370178,509843,122.47,71094,34571,277218,232625
2022-02-09,111.39%,+2.67%,12.54%,47%,0.36636969464456,96161,0.8456878907937,491479,124.29,70377,25784,266285,225194
2022-02-08,108.71%,-3.26%,11.76%,43%,0.37555584541865,116002,0.85742544679442,460101,115.6,84331,31671,247709,212392
2022-02-07,111.98%,+1.65%,12.71%,47%,0.61581674234486,55513,0.79839148555092,522127,102.34,34356,21157,290330,231797
2022-02-04,110.32%,-3.83%,12.23%,45%,0.61084719617158,91894,0.81390517734554,507313,102.34,57047,34847,279680,227633
2022-02-03,114.15%,-2.27%,13.34%,50%,0.49023350512184,70266,0.83908633447704,489368,99.23,47151,23115,266093,223275
2022-02-02,116.42%,+2.85%,14.00%,53%,0.83639053254438,74484,0.84331987791671,468065,100.04,40560,33924,253925,214140
2022-02-01,113.57%,-1.68%,13.18%,49%,0.43868754021017,67086,0.86676193957925,449352,112.6,46630,20456,240712,208640
2022-01-31,115.25%,-0.83%,12.73%,51%,0.70907572383073,85946,0.72762691431598,531672,108.93,50288,35658,307747,223925
2022-01-28,116.08%,-8.40%,10.63%,52%,0.6633583003446,116811,0.77688742567458,514894,97.91,70226,46585,289773,225121
2022-01-27,124.48%,+0.42%,11.75%,58%,0.66068601583113,97557,0.79421046465652,490085,93.52,58745,38812,273148,216937
2022-01-26,124.06%,-0.52%,11.66%,58%,0.4297990687791,183020,0.81434229114748,457207,103.26,128004,55016,251996,205211
2022-01-25,124.58%,-0.24%,11.77%,58%,0.91877507354908,71743,0.81493832113128,434322,99.79,37390,34353,239304,195018
2022-01-24,124.82%,+2.43%,11.82%,59%,0.99374385944634,137991,1.2436222537425,879473,100.15,69212,68779,391988,487485
2022-01-21,122.39%,+16.44%,11.32%,56%,0.88671973594797,194351,1.326433099623,865696,106.36,103010,91341,372113,493583
2022-01-20,105.95%,-2.09%,7.88%,39%,0.65106365866409,82114,1.3693001826635,844402,102.67,49734,32380,356393,488009
2022-01-19,108.04%,-2.40%,8.32%,41%,1.1525051437469,77417,1.3947155069691,830006,106.57,35966,41451,346599,483407
2022-01-18,110.44%,+2.79%,8.82%,44%,0.74300468554082,105647,1.3158649323516,869026,108.91,60612,45035,375249,493777
2022-01-14,107.65%,+4.42%,8.24%,40%,1.0498929413031,171369,1.3963599217311,832783,116.65,83599,87770,347520,485263
2022-01-13,103.23%,+3.35%,7.31%,35%,0.50503948919104,85563,1.4536413862381,806058,122.48,56851,28712,328515,477543
2022-01-12,99.88%,-5.77%,6.61%,28%,0.58832335329341,56233,1.4876057205333,791785,128.06,35404,20829,318292,473493
2022-01-11,105.65%,-5.13%,7.82%,37%,0.47273847670693,59749,1.5340769089622,773380,130.3,40570,19179,305192,468188
2022-01-10,110.78%,-1.94%,8.89%,43%,0.80080876381776,108659,1.4428150887394,803266,131.15,60339,48320,328828,474438
2022-01-07,112.72%,+12.67%,9.30%,45%,0.47596772367514,286813,1.6185470135667,757962,140.62,194322,92491,289459,468503
2022-01-06,100.05%,-1.80%,6.65%,28%,1.0559934547922,103032,1.6869312016601,735448,131.03,50113,52919,273713,461735
2022-01-05,101.84%,+15.95%,7.02%,30%,1.0771674323136,85006,1.7477876278769,704530,129.37,40924,44082,256399,448131
2022-01-04,85.89%,-0.51%,3.69%,11%,0.59936990483614,49243,1.8034826781942,688740,148.91,30789,18454,245673,443067
2022-01-03,86.40%,-1.75%,3.80%,11%,0.41620507880442,52925,1.6487787646714,727352,152.84,37371,15554,274599,452753
2021-12-31,88.15%,-3.10%,4.16%,13%,0.52406596299753,63677,1.6785549684941,726475,148.39,41781,21896,271219,455256
2021-12-30,91.24%,-1.83%,4.81%,15%,0.37331300211657,60342,1.7375321731781,712607,155.33,43939,16403,260310,452297
2021-12-29,93.07%,-4.06%,5.19%,18%,0.36936021232142,72750,1.8403165467626,690907,153.93,53127,19623,243250,447657
2021-12-28,97.13%,-0.94%,6.04%,21%,0.47062404870624,48310,1.9039138564704,675552,146.46,32850,15460,232635,442917
2021-12-27,98.07%,+0.89%,6.24%,24%,0.67435878317924,44913,1.675924194019,715312,148.31,26824,18089,267314,447998
2021-12-23,97.18%,-3.65%,6.05%,21%,0.473905437582,60663,1.7086141577561,708522,152.14,41158,19505,261581,446941
2021-12-22,100.84%,+100.84%,6.81%,26%,0.38767926305873,53026,1.7418738425607,697349,154,38212,14814,254333,443016
2021-12-21,0.00%,-112.31%,0.00%,0%,0,0,1.8179164010938,685275,158.12,0,0,243185,442090
2021-12-20,112.31%,+0.15%,9.21%,41%,0.48359181292236,61032,1.5730047196694,753965,157.14,41138,19894,293029,460936
2021-12-17,112.16%,+3.74%,9.18%,41%,0.50973870597243,126190,1.6354234137085,752727,155.64,83584,42606,285619,467108
2021-12-16,108.42%,-2.28%,8.40%,37%,0.85522230595328,61547,1.6874646858344,746747,144.59,33175,28372,277863,468884
2021-12-15,110.70%,-12.16%,8.87%,39%,0.72137952239418,67182,1.7228402767804,739390,148.59,39028,28154,271551,467839
2021-12-14,122.86%,+1.37%,11.41%,50%,0.94987012049931,108093,1.7810513275991,713907,147.69,55436,52657,256704,457203
2021-12-13,121.50%,+18.66%,11.13%,47%,1.4378558727749,122022,1.5682562534969,752797,136.88,50053,71969,293116,459681
2021-12-10,102.83%,+0.75%,7.23%,30%,0.7887506041566,148037,1.6704426453276,739515,159.01,82760,65277,276926,462589
2021-12-09,102.09%,-7.83%,7.08%,28%,1.0378462781581,186628,1.7686934470636,720594,155.76,91581,95047,260265,460329
2021-12-08,109.92%,-0.06%,8.71%,37%,0.98624718774947,109474,1.8415159490473,674789,173.65,55116,54358,237475,437314
2021-12-07,109.98%,-6.05%,8.72%,37%,0.63170406069882,50108,1.9164541832669,658827,177.81,30709,19399,225900,432927
2021-12-06,116.04%,-7.02%,9.99%,44%,0.74838092888423,56693,1.7150580981741,686964,167.12,32426,24267,253020,433944
2021-12-03,123.06%,+19.55%,11.46%,49%,0.85904064611088,98518,1.8064321116986,677773,172.39,52994,45524,241507,436266
2021-12-02,103.51%,-0.33%,7.37%,31%,0.76402750730282,57973,1.842929344671,665996,181.56,32864,25109,234264,431732
2021-12-01,103.84%,+0.86%,7.44%,32%,0.61996722207047,59307,1.8869086295987,653114,179.84,36610,22697,226233,426881
2021-11-30,102.99%,+4.15%,7.26%,31%,0.57872119516627,54739,1.9206675842771,642947,196.21,34673,20066,220137,422810
2021-11-29,98.84%,-5.51%,6.40%,25%,0.29518296772911,52135,1.5229244813629,714964,202.01,40253,11882,283387,431577
2021-11-26,104.35%,+2.02%,7.55%,29%,0.59788699809778,62161,1.5499332086562,715830,199.72,38902,23259,280725,435105
2021-11-24,102.33%,-7.92%,7.13%,30%,0.33543376969159,90282,1.5600845705762,707144,211.78,67605,22677,276219,430925
2021-11-23,110.25%,-21.27%,8.78%,37%,0.32822682742389,156323,1.653650804805,679730,213.9,117693,38630,256149,423581
2021-11-22,131.52%,+17.35%,13.22%,56%,0.2213508780498,175055,1.7031955150666,771492,247.55,143329,31726,285400,486092
2021-11-19,114.17%,+16.90%,9.60%,40%,0.24324537260752,236699,1.7726045386136,751642,228.8,190388,46311,271096,480546
2021-11-18,97.27%,+4.52%,6.07%,23%,0.3290124463286,48905,1.8139192973282,742613,210.12,36798,12107,263907,478706
2021-11-17,92.75%,-1.69%,5.13%,18%,0.31426638604931,52455,1.8517257973129,734827,210,39912,12543,257678,477149
2021-11-16,94.44%,-2.87%,5.48%,20%,0.23360737419033,49517,1.9028522925642,725028,207.18,40140,9377,249764,475264
2021-11-15,97.31%,+5.26%,6.08%,22%,0.2537687903416,58467,1.7529035461401,765131,209.14,46633,11834,277936,487195
2021-11-12,92.06%,-2.51%,4.98%,18%,0.54142461791618,61825,1.7705351075257,758301,202.1,40109,21716,273702,484599
2021-11-11,94.57%,-2.83%,5.51%,20%,0.34979358526516,59507,1.8180689098027,746498,204.32,44086,15421,264897,481601
2021-11-10,97.40%,-0.47%,6.10%,22%,0.40601171112557,54026,1.824067584862,741442,199.19,38425,15601,262544,478898
2021-11-09,97.87%,-5.08%,6.19%,22%,0.43494221913285,66059,1.8495441977607,728637,206.6,46036,20023,255703,472934
2021-11-08,102.95%,+5.84%,7.26%,28%,0.31362863904198,82710,1.6248216263684,789108,218.64,62963,19747,300633,488475
2021-11-05,97.11%,-1.71%,6.04%,21%,0.30739681242338,111972,1.5833909495477,795873,213.25,85645,26327,308073,487800
2021-11-04,98.82%,-3.06%,6.39%,23%,0.22031730733588,131682,1.6147311813573,781836,217.84,107908,23774,299012,482824
2021-11-03,101.89%,+13.93%,7.03%,26%,0.23948657752373,340011,1.7512238921634,738445,218.33,274316,65695,268406,470039
2021-11-02,87.96%,+4.90%,4.12%,15%,0.20033921717768,137296,1.8062068188791,722573,206.99,114381,22915,257491,465082
2021-11-01,83.06%,+11.54%,3.10%,12%,0.23328041470922,190326,1.8371936349346,720145,200.09,154325,36001,253823,466322
2021-10-29,71.52%,-0.12%,0.69%,3%,0.35485256226739,85185,1.861357073917,714478,183.51,62874,22311,249699,464779
2021-10-28,71.63%,+3.26%,0.72%,3%,0.30298946875046,88959,1.9584444756423,695409,182.85,68273,20686,235059,460350
2021-10-27,68.38%,-3.37%,0.04%,1%,0.29609104403761,52388,1.9939260221768,686624,173.51,40420,11968,229339,457285
2021-10-26,71.75%,-3.26%,0.74%,3%,0.21242234196037,82355,2.1143836604074,669552,177.84,67926,14429,214987,454565
2021-10-25,75.01%,+2.19%,1.42%,5%,0.32786000616713,51675,1.7846669653755,720928,173.97,38916,12759,258892,462036
2021-10-22,72.82%,+4.61%,0.96%,3%,0.80840775730043,105092,1.8716627482509,707213,169.8,58113,46979,246273,460940
2021-10-21,68.21%,-1.23%,0.00%,0%,0.21524395991077,77360,2.0133264204084,685812,181.71,63658,13702,227593,458219
2021-10-20,69.44%,-1.71%,0.13%,1%,0.26058896903303,46488,2.0583635073254,676562,184.52,36878,9610,221217,455345
2021-10-19,71.16%,+2.34%,0.49%,1%,0.23066672133836,60027,2.1859282611538,657891,186.79,48776,11251,206499,451392
2021-10-18,68.81%,-0.72%,0.00%,1%,0.32598523657779,65745,1.8865142306552,778897,186.02,49582,16163,269840,509057
2021-10-15,69.53%,-4.02%,0.00%,1%,0.29544510361101,77956,1.892905818433,783234,183.28,60177,17779,270743,512491
2021-10-14,73.55%,-6.66%,0.10%,2%,0.24753721541156,91180,1.9289168699072,774596,183.83,73088,18092,264465,510131
2021-10-13,80.21%,+6.94%,1.51%,5%,0.2339806240815,86486,2.0194759362127,757197,184.06,70087,16399,250771,506426
2021-10-12,73.28%,+0.21%,0.04%,1%,0.31791924637853,44489,2.0690293605701,747591,175.82,33757,10732,243592,503999
2021-10-11,73.06%,-0.91%,0.00%,1%,0.21741706161137,110970,2.0220783389573,772002,178.1,91152,19818,255454,516548
2021-10-08,73.97%,-2.01%,0.00%,1%,0.43623026174768,60303,2.0816665393538,766506,172.68,41987,18316,248731,517775
2021-10-07,75.98%,-3.28%,0.00%,1%,0.4052443043416,49036,2.1479378037254,752716,172.12,34895,14141,239114,513602
2021-10-06,79.26%,-1.61%,0.30%,3%,0.33169009604987,41871,2.203763524223,743837,171.07,31442,10429,232176,511661
2021-10-05,80.87%,+80.87%,0.64%,3%,0.50261817660139,41896,2.2767938054606,730417,172.18,27882,14014,222906,507511
2021-10-04,0.00%,-82.18%,0.00%,0%,0,0,2.0127701299104,777367,171.36,0,0,258024,519343
2021-10-01,82.18%,-4.62%,0.92%,3%,0.38574360116444,87112,2.0668283247032,775285,176.91,62863,24249,252797,522488
2021-09-30,86.80%,+8.53%,1.91%,3%,0.54298046342572,135844,2.2038136609774,747847,175.47,88040,47804,233424,514423
2021-09-29,78.28%,+0.43%,0.09%,2%,0.62545018007203,51452,2.2672754664299,739538,175.92,31654,19798,226347,513191
2021-09-28,77.84%,-0.10%,0.00%,0%,0.79423981430578,58747,2.3363998985497,723515,178.6,32742,26005,216855,506660
2021-09-27,77.94%,-0.09%,0.00%,0%,0.35599926810301,59287,2.1295095382414,761031,189.48,43722,15565,243179,517852
2021-09-24,78.04%,-2.85%,0.00%,0%,0.56916236307635,67758,2.1961498614422,758913,185.16,43181,24577,237446,521467
2021-09-23,80.89%,-4.77%,0.00%,0%,0.47049917085246,61186,2.2617482474749,747260,191.24,41609,19577,229098,518162
2021-09-22,85.66%,-3.17%,0.00%,0%,0.50290857877656,49088,2.3044655485957,735921,190.14,32662,16426,222705,513216
2021-09-21,88.82%,-4.57%,0.27%,2%,0.639899519682,59407,2.3560429435005,721170,189.95,36226,23181,214887,506283
2021-09-20,93.40%,+5.81%,1.26%,6%,0.87651240440886,104533,1.8896911171557,836083,192.2,55706,48827,289333,546750
2021-09-17,87.59%,-0.99%,0.00%,0%,0.396722298153,111390,1.8815222610962,840079,204.97,79751,31639,291540,548539
2021-09-16,88.58%,-1.70%,0.17%,1%,0.34428910577684,127405,1.9344569954006,825586,206.37,94775,32630,281342,544244
2021-09-15,90.28%,+2.47%,0.54%,2%,0.38212817094466,73608,2.0043203500705,811518,204.52,53257,20351,270117,541401
2021-09-14,87.81%,-3.77%,0.00%,0%,0.47066104432836,70102,2.0384510292064,800644,199.24,47667,22435,263504,537140
2021-09-13,91.58%,+1.97%,0.60%,2%,0.36085483401691,144995,1.8485492348603,868742,203.4,106547,38448,304977,563765
2021-09-10,89.62%,-7.31%,0.17%,1%,0.54339659621729,141744,1.9086568946833,866963,190.41,91839,49905,298063,568900
2021-09-09,96.92%,-15.00%,1.77%,4%,0.5170972904996,265401,2.0336052108251,842056,199.18,174940,90461,277576,564480
2021-09-08,111.92%,+0.90%,5.04%,19%,0.72449629089562,149012,2.0944293346096,795290,198.8,86409,62603,257007,538283
2021-09-07,111.02%,+0.93%,4.84%,19%,0.56616835938986,82346,1.8151928302901,848440,199,52578,29768,301379,547061
2021-09-03,110.09%,-11.06%,4.64%,18%,0.50365020802261,153240,1.859104115232,838438,202.75,101912,51328,293252,545186
2021-09-02,121.15%,-3.46%,7.05%,27%,0.38784787851137,85175,1.8635762781073,827522,213.52,61372,23803,288982,538540
2021-09-01,124.61%,-2.93%,7.81%,31%,0.28951374487049,116897,1.9496581796274,802953,212.97,90652,26245,272219,530734
2021-08-31,127.54%,+0.64%,8.45%,36%,0.28323534651701,108042,1.9947206786721,787917,218.24,84195,23847,263102,524815
2021-08-30,126.90%,+1.89%,8.31%,36%,0.35014727949758,121466,1.8265780952699,846758,209.2,89965,31501,299570,547188
2021-08-27,125.01%,-8.69%,7.90%,32%,0.33032464338416,162273,1.8567338548274,842148,204.95,121980,40293,294794,547354
2021-08-26,133.69%,-9.89%,9.79%,41%,0.36463439335629,202116,1.9439272858171,817823,205.22,148110,54006,277800,540023
2021-08-25,143.58%,-3.69%,11.95%,47%,0.30695867505736,287642,2.1634235154551,767978,199.65,220085,67557,242768,525210
2021-08-24,147.27%,+47.93%,12.75%,48%,0.48019870441808,406729,2.4233016746186,689518,210.29,274780,131949,201419,488099
2021-08-23,99.34%,+1.50%,2.29%,6%,0.39782876329043,62448,2.079734726075,767165,164.89,44675,17773,249101,518064
2021-08-20,97.84%,-3.99%,1.97%,4%,0.44655592372342,65921,2.1471528636176,763814,159.3,45571,20350,242700,521114
2021-08-19,101.83%,+1.30%,2.84%,8%,0.80567908554864,54815,2.1895754961392,757151,152.9,30357,24458,237383,519768
2021-08-18,100.53%,-4.30%,2.55%,6%,0.61605845476813,38926,2.2382223801866,747100,157.05,24087,14839,230713,516387
2021-08-17,104.83%,-0.34%,3.49%,11%,0.46495824740525,43332,2.2820842128652,738551,163.55,29579,13753,225025,513526
2021-08-16,105.17%,-0.51%,3.57%,11%,0.3170347982694,63622,2.2008149548414,761954,163.93,48307,15315,238050,523904
2021-08-13,105.67%,-2.33%,3.68%,11%,0.65290806754221,72242,2.2530543651068,752991,162.52,43706,28536,231472,521519
2021-08-12,108.01%,-6.60%,4.19%,14%,0.47711065102369,51368,2.327825908144,744428,162.35,34776,16592,223698,520730
2021-08-11,114.61%,+2.65%,5.63%,18%,0.56554196748686,31876,2.362246710077,738383,158.78,20361,11515,219610,518773
2021-08-10,111.96%,-3.93%,5.05%,15%,0.6818052885373,53362,2.4224765819831,725986,159.05,31729,21633,212123,513863
2021-08-09,115.89%,+13.64%,5.91%,19%,0.37024848655498,77863,2.2287265396082,755903,161.13,56824,21039,234118,521785
2021-08-06,102.25%,-4.59%,2.93%,8%,0.6562575647543,54736,2.2827681961167,756596,151.77,33048,21688,230475,526121
2021-08-05,106.84%,+4.15%,3.93%,11%,0.46396184590582,65382,2.3746640970658,745956,153.44,44661,20721,221046,524910
2021-08-04,102.69%,+0.91%,3.03%,8%,0.66437843901918,62311,2.4542563600783,734292,146.8,37438,24873,212576,521716
2021-08-03,101.78%,+3.88%,2.83%,7%,0.67069734419028,75300,2.6235420969506,715809,152.75,45071,30229,197544,518265
2021-08-02,97.90%,+4.92%,1.98%,5%,0.80619456087338,74119,2.2878436827577,756352,157.65,41036,33083,230045,526307
2021-07-30,92.98%,-0.24%,0.90%,2%,0.9708298606977,82765,2.3616870086746,752201,161.12,41995,40770,223757,528444
2021-07-29,93.21%,-3.17%,0.96%,2%,0.38915659950243,61980,2.458138036638,740747,164.86,44617,17363,214204,526543
2021-07-28,96.38%,+5.03%,1.65%,3%,0.64588040635508,92510,2.5853071595835,719607,169.12,56207,36303,200710,518897
2021-07-27,91.35%,-0.35%,0.55%,1%,0.73367908648378,38108,2.6572105968457,709572,178.54,21981,16127,194020,515552
2021-07-26,91.69%,+2.86%,0.62%,1%,0.76795741504106,54469,2.285933009443,768330,183.94,30809,23660,233824,534506
2021-07-23,88.83%,-5.66%,0.00%,0%,0.70613684051137,78873,2.3191252619365,766625,180.36,46229,32644,230972,535653
2021-07-22,94.50%,-4.61%,0.00%,0%,0.65479201982005,63453,2.3474807875446,755744,178.85,38345,25108,225765,529979
2021-07-21,99.11%,-8.37%,0.00%,0%,0.56012908018758,67201,2.3921061734239,745300,185.81,43074,24127,219716,525584
2021-07-20,107.48%,unch,1.75%,4%,0.4779355392683,96388,2.6057926387299,721328,191.18,65218,31170,200047,521281
2021-07-19,107.48%,+6.09%,1.75%,4%,0.56734478760409,74347,3.0100345014976,1269208,173.49,47435,26912,316508,952700
2021-07-16,101.39%,-6.71%,0.39%,1%,0.91939268461008,139060,3.0144052772366,1281631,169.04,72450,66610,319258,962373
2021-07-15,108.10%,+3.87%,1.89%,4%,1.2287665596972,135431,3.0995254029843,1259407,167.62,60765,74666,307208,952199
2021-07-14,104.23%,+4.58%,1.02%,2%,1.1739802749439,115284,3.1873677378353,1238682,167.62,53029,62255,295814,942868
2021-07-13,99.66%,-3.88%,0.00%,0%,0.62956261965371,77458,3.339137588754,1213071,180.06,47533,29925,279565,933506
2021-07-12,103.54%,-3.23%,0.16%,1%,0.62088935778581,72209,3.055832595875,1255775,189.25,44549,27660,309622,946153
2021-07-09,106.76%,-8.40%,0.89%,1%,0.58472030227629,85979,3.1692818619164,1245377,191.23,54255,31724,298703,946674
2021-07-08,115.16%,+2.07%,2.78%,5%,0.67364867698243,79823,3.2405519432515,1233267,191.38,47694,32129,290827,942440
2021-07-07,113.09%,+0.95%,2.31%,2%,0.72372347616771,104549,3.4112844682613,1209261,190.66,60653,43896,274129,935132
2021-07-06,112.14%,+2.01%,2.09%,2%,0.61754980079681,81201,2.8561602817087,1287811,199.56,50200,31001,333962,953849
2021-07-02,110.13%,-3.88%,1.64%,1%,0.72778034342332,123462,2.9807897245183,1273793,202.83,71457,52005,319985,953808
2021-07-01,114.01%,-4.85%,2.52%,1%,0.52725636410388,106911,3.2069362556682,1242262,204.36,70002,36909,295289,946973
2021-06-30,118.85%,-0.62%,3.61%,2%,0.46082590251926,84370,3.317618398865,1226467,214.14,57755,26615,284061,942406
2021-06-29,119.47%,-4.22%,3.75%,3%,0.66324670941613,73923,3.3696118904042,1213013,210.88,44445,29478,277602,935411
2021-06-28,123.69%,-8.14%,4.70%,10%,0.71295504657337,114201,2.7565600256672,1311355,213.25,66669,47532,349084,962271
2021-06-25,131.82%,+3.32%,6.53%,21%,0.74746688784192,204368,2.857286043099,1285375,209.51,116951,87417,333233,952142
2021-06-24,128.50%,-13.71%,5.78%,16%,0.88351626119063,186195,3.0241283403135,1247182,212.31,98855,87340,309926,937256
2021-06-23,142.21%,-0.45%,8.87%,26%,0.83110576494698,123303,3.2042322510965,1214506,219.34,67338,55965,288877,925629
2021-06-22,142.66%,+6.22%,8.97%,26%,0.60601145787009,122786,3.3859687551048,1181387,220.4,76454,46332,269356,912031
2021-06-21,136.45%,-2.21%,7.57%,23%,0.82918928923988,118590,2.9134963575171,1286061,200.37,64832,53758,328622,957439
2021-06-18,138.66%,-9.51%,8.07%,24%,0.60000241566316,132469,2.9944109993518,1287874,213.82,82793,49676,322419,965455
2021-06-17,148.17%,-7.89%,10.21%,27%,1.2770396094418,180970,3.1335109742109,1282893,223.59,79476,101494,310364,972529
2021-06-16,156.06%,+2.91%,11.98%,29%,3.3782866836302,252938,3.1206784169829,1245405,222.97,57771,195167,302233,943172
2021-06-15,153.15%,-12.20%,11.33%,28%,0.79707390442333,131429,3.1430833908259,1219065,222.5,73135,58294,294241,924824
2021-06-14,165.35%,-3.55%,14.07%,34%,0.61762409517382,122239,2.5464956252878,1347757,229.44,75567,46672,380025,967732
2021-06-11,168.90%,-19.53%,14.87%,37%,0.85557783082451,378562,2.7316106535804,1339846,233.34,204013,174549,359053,980793
2021-06-10,188.44%,+9.54%,19.27%,55%,0.90891061945168,487049,3.1002217178714,1251974,220.39,255145,231904,305343,946631
2021-06-09,178.89%,-18.37%,17.12%,47%,0.61020848985725,240037,3.2357707123964,1193026,302.56,149072,90965,281655,911371
2021-06-08,197.26%,+12.92%,21.26%,57%,0.5103038423018,227707,3.3474476140863,1151678,300,150769,76938,264909,886769
2021-06-07,184.33%,+10.39%,18.35%,52%,0.52411959776056,113521,3.04672677276,1203796,280.01,74483,39038,297474,906322
2021-06-04,173.94%,-27.98%,16.01%,42%,0.54033653590955,145092,3.1117896790503,1197090,248.36,94195,50897,291136,905954
2021-06-03,201.92%,-13.59%,22.31%,58%,0.47045556251678,164294,3.2291283652756,1175482,258.18,111730,52564,277949,897533
2021-06-02,215.51%,+36.06%,25.37%,60%,0.35579859541581,245950,3.3755127764409,1145553,282.24,181406,64544,261810,883743
2021-06-01,179.45%,+10.49%,17.25%,50%,0.43484870213681,150078,2.9947885255788,1218794,249.02,104595,45483,305096,913698
2021-05-28,168.96%,-9.00%,14.89%,40%,0.62755029792055,298828,2.9797201625541,1211391,222,183606,115222,304391,907000
2021-05-27,177.95%,+12.41%,16.91%,47%,0.41036498555714,308090,3.0876971018361,1179272,254.13,218447,89643,288493,890779
2021-05-26,165.54%,+16.10%,14.12%,38%,0.51168084967463,347286,3.2312633431964,1129705,242.56,229735,117551,266990,862715
2021-05-25,149.44%,+27.46%,10.49%,31%,0.39255257337782,297193,3.4850513891153,1073062,209.43,213416,83777,239253,833809
2021-05-24,121.98%,+1.64%,4.31%,7%,0.52010703746311,121566,3.2586188030568,1206488,180.01,79972,41594,283305,923183
2021-05-21,120.35%,-2.65%,3.94%,5%,0.5885296116457,161285,3.3410141083583,1199687,176.79,101531,59754,276361,923326
2021-05-20,123.00%,-8.14%,4.54%,9%,0.44239227911346,67553,3.421660558762,1192062,170.49,46834,20719,269596,922466
2021-05-19,131.14%,+1.94%,6.37%,21%,0.73982073837132,104431,3.4878866401075,1179457,168.83,60024,44407,262809,916648
2021-05-18,129.21%,-5.37%,5.94%,17%,0.42412571976066,151611,3.5621015668268,1161470,180.67,106459,45152,254591,906879
2021-05-17,134.58%,+12.47%,7.15%,23%,0.40107050734653,159149,3.2282853786404,1205759,180.6,113591,45558,285165,920594
2021-05-14,122.11%,-12.47%,4.34%,7%,0.44707715937839,128130,3.2091339840097,1201914,159.92,88544,39586,285549,916365
2021-05-13,134.58%,+3.22%,7.15%,21%,0.5573804763958,238382,3.510411897993,1172450,164.5,153066,85316,259943,912507
2021-05-12,131.35%,+6.64%,6.42%,20%,0.59843418691894,68600,3.7056530532359,1154052,144.79,42917,25683,245248,908804
2021-05-11,124.72%,+2.78%,4.93%,9%,0.75083483174929,95424,3.881529126734,1138397,146.92,54502,40922,233205,905192
2021-05-10,121.93%,+19.10%,4.30%,6%,1.1925895177592,121487,3.3185375747922,1190176,143.22,55408,66079,275597,914579
2021-05-07,102.83%,-12.06%,0.00%,0%,0.44151399859394,139429,3.3588968671527,1185572,161.11,96724,42705,271989,913583
2021-05-06,114.89%,-0.60%,0.00%,0%,0.56491695308704,86964,3.5061563313984,1166004,161.01,55571,31393,258758,907246
2021-05-05,115.49%,-10.08%,0.00%,0%,0.55890597957243,63951,3.6212138823313,1152979,159.48,41023,22928,249497,903482
2021-05-04,125.58%,-1.20%,1.43%,5%,0.74983646770237,85602,3.7717635310062,1137221,160.73,48920,36682,238323,898898
2021-05-03,126.78%,+7.32%,1.71%,8%,0.7444503258676,105459,2.9922400580786,1237295,162.2,60454,45005,309925,927370
2021-04-30,119.45%,-0.33%,0.00%,0%,0.48321709264839,140784,3.045279865233,1229490,173.59,94918,45866,303932,925558
2021-04-29,119.78%,-6.51%,0.00%,0%,0.65894983649041,134433,3.1365422664938,1212586,176.19,81035,53398,293140,919446
2021-04-28,126.29%,-3.45%,0.86%,3%,0.61667703795893,114312,3.203651981821,1195031,178.58,70708,43604,284284,910747
2021-04-27,129.74%,-7.60%,1.67%,8%,0.65612026482154,166349,3.2793646665428,1151791,177.77,100445,65904,269150,882641
2021-04-26,137.34%,+9.20%,3.46%,9%,0.38084294448937,194674,2.7455593807422,1241387,168.93,140982,53692,331429,909958
2021-04-23,128.15%,-13.63%,1.30%,5%,0.51935975609756,169439,2.8844017852614,1225420,151.18,111520,57919,315472,909948
2021-04-22,141.77%,-2.99%,4.51%,8%,0.65196792487519,116809,3.0069951064277,1201221,151.17,70709,46100,299781,901440
2021-04-21,144.76%,-11.89%,5.21%,9%,0.57040515113328,90972,3.1826044914341,1176529,158.51,57929,33043,281291,895238
2021-04-20,156.65%,-4.15%,8.01%,9%,0.63605970618891,83192,3.2636985672468,1160890,158.53,50849,32343,272273,888617
2021-04-19,160.80%,-1.81%,8.99%,12%,0.46420154263677,164014,3.2009356489126,1707046,164.37,112016,51998,406349,1300697
2021-04-16,162.60%,-5.65%,9.42%,14%,0.46499553824937,216708,3.2196232603428,1729113,154.69,147924,68784,409779,1319334
2021-04-15,168.25%,-11.89%,10.75%,14%,0.63755789473684,233352,3.3744725521801,1704347,156.44,142500,90852,389612,1314735
2021-04-14,180.14%,+5.19%,13.55%,29%,0.51917658041916,354749,3.6386801068712,1635478,166.53,233514,121235,352574,1282904
2021-04-13,174.95%,-10.39%,25.06%,75%,1.1326103745656,132546,3.7632224375379,1609993,140.99,62152,70394,338005,1271988
2021-04-12,185.34%,+16.97%,14.77%,31%,1.0549368111259,249270,3.4750900075796,1700391,141.09,121303,127967,379968,1320423
2021-04-09,168.37%,-3.29%,10.77%,15%,1.0380488461884,272373,3.678081232493,1670075,158.36,133644,138729,357000,1313075
2021-04-08,171.66%,+11.23%,11.55%,15%,0.99687632155626,207763,3.8865646755014,1623566,170.26,104044,103719,332251,1291315
2021-04-07,160.43%,+2.49%,8.90%,12%,1.3270563380282,165221,3.9969206093622,1595112,177.97,71000,94221,319219,1275893
2021-04-06,157.95%,-20.93%,8.32%,11%,1.1534087936237,123470,4.060677787918,1569301,184.5,57337,66133,310097,1259204
2021-04-05,178.87%,-15.89%,13.25%,19%,1.6943272196072,265596,3.6861569341834,1666941,186.95,98576,167020,355716,1311225
2021-04-01,194.77%,-25.81%,17.00%,29%,0.59644305276098,261036,3.7882425120014,1646758,191.45,163511,97525,343917,1302841
2021-03-31,220.58%,-14.32%,23.08%,33%,0.78996087221928,178869,3.9237295093183,1619262,189.82,99929,78940,328869,1290393
2021-03-30,234.90%,-17.05%,26.45%,37%,0.86609844873187,225072,4.0620400285051,1584049,194.46,120611,104461,312927,1271122
2021-03-29,251.95%,-6.19%,30.47%,39%,1.3541323541324,174380,3.4839380271615,1805359,181.3,74074,100306,402628,1402731
2021-03-26,258.14%,-11.98%,31.93%,40%,0.76337924181996,511119,3.552134202407,1782288,181,289852,221267,391528,1390760
2021-03-25,270.12%,+5.75%,34.75%,46%,0.78281027712483,522572,3.9420963688741,1693266,183.75,293117,229455,342621,1350645
2021-03-24,264.37%,-24.91%,33.40%,43%,1.2847009213205,407433,4.1289569001295,1631275,120.34,178331,229102,318052,1313223
2021-03-23,289.28%,+16.35%,39.27%,49%,1.9030515667764,240782,4.3171409461686,1542258,181.75,82941,157841,290054,1252204
2021-03-22,272.93%,-1.64%,35.42%,46%,1.6872143519347,165218,3.7153933548608,2104249,194.49,61483,103735,446251,1657998
2021-03-19,274.57%,-14.88%,35.80%,47%,0.69851016668267,406890,3.6655357578716,2102617,200.27,239557,167333,450670,1651947
2021-03-18,289.45%,-20.29%,39.31%,48%,1.2222618492405,243011,3.7102373603562,2069358,201.75,109353,133658,439332,1630026
2021-03-17,309.74%,-31.81%,44.09%,51%,0.86224081651418,202528,3.8489600053266,2039138,209.81,108755,93773,420531,1618607
2021-03-16,341.55%,-11.46%,51.59%,66%,1.1836379909808,380595,3.8341782177259,1995921,208.17,174294,206301,412877,1583044
2021-03-15,353.01%,+13.47%,54.29%,73%,1.4916780333194,316027,3.2865467663331,2224422,220.14,126833,189194,518931,1705491
2021-03-12,339.55%,-8.09%,51.11%,67%,0.64824722258981,523124,3.2938947145761,2192351,264.5,317382,205742,510574,1681777
2021-03-11,347.64%,-21.68%,53.02%,72%,0.99336510649187,436234,3.3602287791812,2081970,260,218843,217391,477491,1604479
2021-03-10,369.32%,+38.80%,58.13%,78%,0.95284175024756,796736,3.3910857901179,1919146,265,407988,388748,437055,1482091
2021-03-09,330.52%,-15.90%,48.99%,62%,0.87823653559078,401366,3.3654368664558,1838041,246.9,213693,187673,421044,1416997
2021-03-08,346.42%,+26.08%,52.73%,73%,0.6099682786689,537987,3.1309708384306,1894393,194.5,334160,203827,458583,1435810
2021-03-05,320.34%,-18.86%,46.59%,60%,0.52211657873296,384855,3.0370286307188,1992096,137.74,252842,132013,493456,1498640
2021-03-04,339.20%,+10.41%,51.03%,69%,2.9667767095001,904794,3.1838821888449,1967730,132.35,228093,676701,470312,1497418
2021-03-03,328.78%,-37.68%,48.58%,63%,5.149811928214,771703,3.2565036740323,1938233,124.18,125484,646219,455358,1482875
2021-03-02,366.46%,-29.40%,57.46%,73%,1.8368274522499,438148,3.317811285787,1882488,118.18,154450,283698,435982,1446506
2021-03-01,395.87%,-0.89%,64.39%,79%,0.95124447637512,396528,2.9232215298275,1995119,120.4,203218,193310,508541,1486578
2021-02-26,396.76%,-15.72%,64.60%,82%,0.83242844364937,819462,3.0450749717964,2068890,101.74,447200,372262,511459,1557431
2021-02-25,412.48%,+175.10%,68.30%,86%,1.0197779242299,1173800,2.9942408836496,1774797,108.73,581153,592647,444339,1330458
2021-02-24,237.38%,+57.31%,37.63%,94%,0.5525675727193,407254,3.4488019541959,1697387,91.71,262310,144944,381538,1315849
2021-02-23,180.07%,-4.71%,13.53%,37%,1.4920546363986,129537,3.5391771658657,1677462,44.97,51980,77557,369552,1307910
2021-02-22,184.78%,+22.49%,14.64%,41%,0.75367857602001,150050,2.596126822932,609076,46,85563,64487,169370,439706
2021-02-19,162.29%,-11.07%,9.34%,21%,1.3116078659648,365345,3.4587238139087,2130512,40.59,158048,207297,477830,1652682
2021-02-18,173.36%,-0.83%,11.95%,25%,0.68345578203794,333166,3.8905563680984,2076496,40.69,197906,135260,424593,1651903
2021-02-17,174.19%,-2.13%,12.15%,26%,1.2594279820358,210294,4.2262747684514,2036465,45.94,93074,117220,389659,1646806
2021-02-16,176.32%,-37.58%,12.65%,27%,1.0682564565143,236168,3.8723732423844,2362911,49.51,114187,121981,484961,1877950
2021-02-12,213.89%,-11.70%,21.50%,45%,1.1471032837343,353673,4.0508611985445,2386143,52.4,164721,188952,472423,1913720
2021-02-11,225.59%,-40.02%,24.26%,50%,1.3786487855078,291237,4.2764172164234,2373839,51.1,122438,168799,449896,1923943
2021-02-10,265.61%,+4.63%,33.69%,56%,1.2607767778733,478828,4.6247565211305,2330376,51.2,211798,267030,414307,1916069
2021-02-09,260.98%,-31.44%,32.60%,54%,1.8397861612777,429742,4.9950974818403,2267184,50.31,151329,278413,378173,1889011
2021-02-08,292.43%,-41.30%,40.01%,56%,1.7753599931532,389136,4.2644989645768,2598125,60,140211,248925,493518,2104607
2021-02-05,333.73%,+3.15%,49.74%,63%,1.5009557564414,879221,4.766713628509,2529592,63.77,351554,527667,438654,2090938
2021-02-04,330.58%,-38.14%,49.00%,61%,2.3356392590919,945080,5.0989982613592,2339777,53.5,283328,661752,383633,1956144
2021-02-03,368.72%,-43.15%,57.99%,68%,1.8402336607029,511012,5.4135756885647,2275511,92.41,179919,331093,354796,1920715
2021-02-02,411.87%,-25.84%,68.16%,76%,2.3429754370313,959220,6.0669502749951,2064871,90,286936,672284,292187,1772684
2021-02-01,437.71%,-80.98%,74.25%,80%,2.3095391978293,619602,6.7669111856807,2189601,225,187217,432385,281914,1907687
2021-01-29,518.69%,-28.31%,93.33%,89%,2.0692659955782,875990,5.0702636666627,2047160,325,285407,590583,337244,1709916
2021-01-28,547.00%,+30.13%,100.00%,94%,2.7097058270584,749828,4.5921306572854,1929766,193.6,202126,547702,345086,1584680
2021-01-27,516.86%,+124.15%,100.00%,94%,3.3814439466237,1534351,2.6849469779828,1549815,347.51,350193,1184158,420580,1129235
2021-01-26,392.71%,+49.88%,100.00%,94%,1.0644813978095,1443857,2.2266018158236,1243855,147.98,699380,744477,385500,858355
2021-01-25,342.84%,+120.39%,100.00%,93%,1.7763944621189,1389330,2.2647422178685,1046487,76.79,500408,888922,320542,725945
2021-01-22,222.44%,+50.73%,100.00%,93%,1.1166341286518,2130424,1.1383037547057,846903,65.01,1006515,1123909,396063,450840
2021-01-21,171.71%,-8.98%,62.23%,54%,0.8161618823805,496150,1.1594367763066,753624,43.03,273186,222964,348991,404633
2021-01-20,180.69%,-14.04%,73.61%,67%,0.84628493138276,326113,1.165100240779,688792,39.12,176632,149481,318134,370658
2021-01-19,194.72%,+0.40%,91.41%,82%,0.8657483030237,513995,1.8914094437388,999407,39.36,275490,238505,345647,653760
2021-01-15,194.32%,-7.17%,90.90%,80%,0.7354670683109,553076,1.4111785833555,1061355,35.5,318690,234386,440181,621174
2021-01-14,201.49%,+22.39%,100.00%,89%,0.67289494465488,749922,1.337133416766,939343,39.91,448278,301644,401921,537422
2021-01-13,179.10%,+56.46%,100.00%,88%,0.57697441281072,929833,1.0956340432818,832214,31.4,589631,340202,397118,435096
2021-01-12,122.65%,-6.93%,0.00%,0%,0.39365732016066,73213,1.100325979022,822788,19.95,52533,20680,391743,431045
2021-01-11,129.58%,+3.20%,33.88%,50%,0.28840214837194,153526,1.0625566004876,858632,19.94,119160,34366,416295,442337
2021-01-08,126.37%,-0.36%,17.92%,20%,0.56253565866371,101332,1.0828984716834,840210,17.69,64851,36481,403385,436825
2021-01-07,126.74%,+3.96%,19.72%,25%,0.3798339616248,65153,1.0955816371406,824362,18.08,47218,17935,393381,430981
2021-01-06,122.78%,-7.79%,0.00%,0%,0.43242676361602,61464,1.106263778545,810187,18.36,42909,18555,384656,425531
2021-01-05,130.58%,-12.27%,0.00%,0%,0.39426580494162,52423,1.1211983174966,796283,17.37,37599,14824,375393,420890
2021-01-04,142.84%,+142.84%,0.00%,0%,0.6649694673275,98428,1.0578439752132,847486,17.25,59117,39311,411832,435654
2020-12-31,128.37%,-7.17%,19.45%,45%,0.656685783278,82329,1.0815468374227,846486,18.84,49695,32634,406662,439824
2020-12-30,135.54%,-5.76%,21.24%,55%,0.45318857833295,81784,1.0729353941988,835934,19.26,56279,25505,403261,432673
2020-12-29,141.29%,+0.92%,22.68%,62%,0.48774999134479,128918,1.0736961104051,812611,19.38,86653,42265,391866,420745
2020-12-28,140.37%,+6.21%,22.45%,61%,0.55365684107864,149743,1.034452963916,859416,20.99,96381,53362,422431,436985
2020-12-24,134.16%,-11.88%,20.90%,54%,0.35890904898169,129644,1.0348728728492,861555,20.15,95403,34241,423395,438160
2020-12-23,146.05%,+3.22%,23.86%,68%,0.82369689677108,475901,0.9926996607474,761831,20.57,260954,214947,382311,379520
2020-12-22,142.83%,+23.31%,23.06%,64%,0.74552982968297,468776,1.0370483034115,709838,19.46,268558,200218,348464,361374
2020-12-21,119.52%,+1.39%,17.24%,39%,0.83243371621038,84871,0.96314332239191,764342,15.53,46316,38555,389346,374996
2020-12-18,118.12%,-3.26%,16.89%,38%,0.61231846350348,170414,0.91263184323361,784640,15.63,105695,64719,410241,374399
2020-12-17,121.38%,+0.15%,17.70%,41%,0.36076252658061,90869,0.93015654140709,778270,14.83,66778,24091,403216,375054
2020-12-16,121.23%,-4.68%,17.66%,41%,0.51249145485054,48675,0.9416026706187,778206,13.85,32182,16493,400806,377400
2020-12-15,125.91%,+5.25%,18.83%,44%,0.44633755007149,132512,0.9887488592296,743098,13.85,91619,40893,373651,369447
2020-12-14,120.66%,-6.19%,17.52%,41%,0.45688678404563,114437,0.88839581416483,835330,12.72,78549,35888,442349,392981
2020-12-11,126.84%,-0.09%,19.07%,44%,2.2905337618392,193513,0.98855462669357,862287,13.31,58809,134704,433625,428662
2020-12-10,126.93%,-4.55%,19.09%,44%,0.42658809736834,92480,1.0135257929588,848683,14.12,64826,27654,421491,427192
2020-12-09,131.48%,-34.43%,20.22%,49%,0.59607926551772,322657,1.1520294793858,815277,13.66,202156,120501,378841,436436
2020-12-08,165.90%,+1.67%,28.83%,87%,0.58707799572992,190297,1.2037250621095,731802,16.94,119904,70393,332075,399727
2020-12-07,164.24%,-4.54%,28.41%,87%,0.60070695631285,93286,1.1224028280317,764897,16.35,58278,35008,360392,404505
2020-12-04,168.78%,-1.44%,29.54%,89%,0.50028103183055,101431,1.1005238200111,753481,16.9,67608,33823,358711,394770
2020-12-03,170.21%,-0.16%,29.90%,90%,0.53169440109418,87351,1.0914926022628,730550,16.12,57029,30322,349296,381254
2020-12-02,170.37%,-4.52%,29.94%,90%,0.28621369096803,80944,1.1105065102556,716766,16.58,62932,18012,339618,377148
2020-12-01,174.90%,-12.99%,31.07%,91%,0.27575007732756,107237,1.138599935082,691805,15.8,84058,23179,323485,368320
2020-11-30,187.88%,+17.00%,34.32%,95%,0.71961732192962,305208,1.077272712334,632058,16.56,177486,127722,304273,327785
2020-11-27,170.89%,+8.46%,30.07%,92%,0.37864561695056,165920,0.99060861279617,610024,16.08,120350,45570,306451,303573
2020-11-25,162.43%,+5.19%,27.96%,89%,0.18464672753648,111063,1.0411357476178,584369,14.75,93752,17311,286296,298073
2020-11-24,157.24%,-1.38%,26.66%,84%,0.31856303783636,48266,1.0715240972807,585508,13.67,36605,11661,282646,302862
2020-11-23,158.62%,+0.96%,27.01%,87%,0.70482170315589,93131,0.88215395256515,647636,13.9,54628,38503,344093,303543
2020-11-20,157.66%,+4.18%,26.77%,86%,0.22504458665548,93417,0.90357749163861,675020,12.71,76256,17161,354606,320414
2020-11-19,153.48%,+2.03%,25.72%,82%,0.19455796126609,94124,0.9464672007862,649649,12.46,78794,15330,333758,315891
2020-11-18,151.44%,-0.22%,25.21%,78%,0.47645331767469,25144,0.95041864401656,645257,11.57,17030,8114,330830,314427
2020-11-17,151.66%,+5.68%,25.27%,78%,0.39317100701443,34559,0.95054076488324,639161,11.63,24806,9753,327684,311477
2020-11-16,145.99%,+3.32%,23.85%,71%,0.25112357316152,62914,0.89090572644585,664209,12.06,50286,12628,351265,312944
2020-11-13,142.67%,-9.03%,23.02%,67%,0.40265691776942,27241,0.89579154866533,660708,11.01,19421,7820,348513,312195
2020-11-12,151.69%,-0.33%,25.27%,79%,0.26750812414638,26913,0.90202627023725,653793,11.13,21233,5680,343735,310058
2020-11-11,152.02%,-5.62%,25.36%,79%,0.4266363740941,49607,0.91107673342853,626321,11.75,34772,14835,327732,298589
2020-11-10,157.64%,+0.22%,26.76%,86%,0.27313506640294,36045,0.92492177393843,614564,11.1,28312,7733,319267,295297
2020-11-09,157.42%,+21.84%,26.71%,85%,0.18006870666073,37099,0.88286687529098,638981,11.49,31438,5661,339366,299615
2020-11-06,135.58%,+5.41%,21.25%,59%,0.290867132425,40834,0.88135778990337,635105,11.86,31633,9201,337578,297527
2020-11-05,130.18%,-0.64%,19.90%,51%,0.37663649942887,31335,0.89544846010414,627202,11.45,22762,8573,330899,296303
2020-11-04,130.81%,-11.08%,20.06%,53%,0.39365906988479,33144,0.9085830355045,617335,10.91,23782,9362,323452,293883
2020-11-03,141.89%,+5.30%,22.83%,67%,0.15778054862843,46427,0.95112330087916,598989,11.57,40100,6327,306997,291992
2020-11-02,136.59%,-10.99%,21.50%,61%,0.45549642136172,31724,0.82266518824656,650943,10.75,21796,9928,357138,293805
2020-10-30,147.58%,+19.38%,24.25%,73%,0.74147800822714,60539,0.85687842798286,653066,10.47,34763,25776,351701,301365
2020-10-29,128.19%,-11.05%,19.40%,50%,0.26461252612836,32670,0.87147649253948,644937,11.73,25834,6836,344614,300323
2020-10-28,139.24%,+6.89%,22.16%,64%,0.25979489278486,55402,0.90226492298541,633186,11.82,43977,11425,332859,300327
2020-10-27,132.35%,-0.78%,20.44%,55%,0.24244356833643,64289,0.9414280513478,613268,12.69,51744,12545,315885,297383
2020-10-26,133.13%,+2.29%,20.64%,57%,0.31581184056272,89791,0.97944929104746,632824,13.45,68240,21551,319697,313127
2020-10-23,130.83%,-8.16%,20.06%,54%,0.3706083880069,61210,0.95307937655685,637448,15,44659,16551,326381,311067
2020-10-22,139.00%,+1.34%,22.10%,63%,0.35938625223593,117035,0.95662516449033,618544,14.91,86094,30941,316128,302416
2020-10-21,137.66%,-2.39%,21.77%,63%,0.33320227516972,50863,0.96804723031882,609703,14.1,38151,12712,309801,299902
2020-10-20,140.05%,-7.21%,22.37%,64%,0.34636996449638,48161,0.97293424352279,600283,13.86,35771,12390,304259,296024
2020-10-19,147.27%,-0.54%,24.17%,72%,0.42542588588865,92962,1.1319407894737,777732,13.91,65217,27745,364800,412932
2020-10-16,147.80%,-3.47%,24.30%,73%,0.42322514241946,118919,1.0753694644531,808180,13.31,83556,35363,389415,418765
2020-10-15,151.27%,+18.31%,25.17%,78%,0.40553588422728,364797,1.0296157120306,736716,13.83,259543,105254,362983,373733
2020-10-14,132.95%,-3.70%,20.59%,58%,0.43346510544274,95367,1.0458175281622,712458,12.25,66529,28838,348251,364207
2020-10-13,136.65%,-5.34%,21.52%,63%,0.44153948486752,78019,1.0773167151032,693346,11.88,54122,23897,333770,359576
2020-10-12,141.99%,-5.71%,22.85%,67%,0.42411753796699,138222,1.060319636756,733276,11.8,97058,41164,355904,377372
2020-10-09,147.70%,-1.60%,24.28%,73%,0.78705003614168,556264,1.0278827441426,661688,12.02,311275,244989,326295,335393
2020-10-08,149.31%,+26.93%,24.68%,75%,0.84621453776265,381415,1.0580241548843,573063,13.49,206593,174822,278453,294610
2020-10-07,122.37%,+8.98%,17.95%,51%,0.57042122842828,16926,1.0542341800365,566831,9.36,10778,6148,275933,290898
2020-10-06,113.40%,-4.71%,15.71%,44%,0.33811053455234,16246,1.0549296701369,562163,9.13,12141,4105,273568,288595
2020-10-05,118.11%,+13.00%,16.88%,48%,0.27257350380578,25580,1.0186290065558,589042,9.46,20101,5479,291803,297239
2020-10-02,105.11%,-6.12%,13.63%,36%,0.49401679496151,42699,1.0193216840755,579198,9.39,28580,14119,286828,292370
2020-10-01,111.22%,+3.63%,15.16%,40%,0.2757729878098,31606,1.020446385113,572841,9.77,24774,6832,283522,289319
2020-09-30,107.60%,-10.25%,14.26%,38%,0.29674778662633,29147,1.0125775930675,569006,10.2,22477,6670,282725,286281
2020-09-29,117.85%,-12.66%,16.82%,47%,0.47175863889227,36245,1.0043739177703,556781,10.35,24627,11618,277783,278998
2020-09-28,130.51%,-2.31%,19.98%,56%,0.28303244579331,41007,1.0044509468565,583644,10.09,31961,9046,291174,292470
2020-09-25,132.82%,+7.43%,20.56%,58%,0.25345935550448,53445,0.9943960085296,580810,10.02,42638,10807,291221,289589
2020-09-24,125.38%,-4.90%,18.70%,52%,0.38758256992959,51045,1.0286060233734,567961,9.14,36787,14258,279976,287985
2020-09-23,130.28%,-16.79%,19.92%,55%,0.35773094022724,65964,1.0221859079808,558095,10.04,48584,17380,275986,282109
2020-09-22,147.07%,+7.78%,24.12%,71%,0.27215230650288,118473,0.99189296709519,555772,10.56,93128,25345,279017,276755
2020-09-21,139.29%,+5.83%,22.18%,64%,0.47056322630279,72637,1.0520374722765,619900,8.75,49394,23243,302090,317810
2020-09-18,133.47%,-13.74%,20.72%,58%,0.18479219819261,99378,1.0245091753225,615716,9.47,83878,15500,304131,311585
2020-09-17,147.21%,+12.10%,24.15%,71%,0.26983257797299,108991,1.0614253286508,587566,9.2,85831,23160,285029,302537
2020-09-16,135.11%,+40.44%,21.13%,60%,0.26597109197323,117453,1.0730273314185,568024,8.68,92777,24676,274007,294017
2020-09-15,94.67%,-10.67%,11.03%,32%,0.37239062053188,38394,1.0933769799208,558917,7.09,27976,10418,266993,291924
2020-09-14,105.34%,+9.88%,13.69%,38%,0.34238259843184,63688,1.0979365848858,575571,6.91,47444,16244,274351,301220
2020-09-11,95.46%,-16.32%,11.22%,33%,0.80920017169838,50578,1.1202185382536,565422,6.09,27956,22622,266681,298741
2020-09-10,111.78%,-42.12%,15.30%,42%,1.3357616136472,127612,1.109793767256,553247,6.23,54634,72978,262228,291019
2020-09-09,153.90%,-13.05%,25.83%,79%,0.95275116486048,74599,1.1027693901837,519506,7.35,38202,36397,247058,272448
2020-09-08,166.95%,-21.21%,29.09%,87%,0.70077241688123,45579,1.1241960380756,528432,7.7,26799,18780,248768,279664
2020-09-04,188.16%,+35.67%,34.39%,94%,0.36700557559856,25008,1.0849940404782,537034,7.65,18294,6714,257571,279463
2020-09-03,152.49%,-44.60%,25.47%,78%,1.8996413321947,84887,1.0689471296569,519914,7.82,29275,55612,251294,268620
2020-09-02,197.09%,+11.11%,36.62%,95%,0.5950668036999,48112,1.0445100621259,506143,7.71,30163,17949,247562,258581
2020-09-01,185.98%,-25.21%,33.84%,94%,0.51629333686782,80080,1.0539694154439,471577,7.65,52813,27267,229593,241984
2020-08-31,211.19%,+85.45%,40.14%,98%,0.75923705868883,130604,1.0666813961642,430281,6.68,74239,56365,208199,222082
2020-08-28,125.74%,+5.33%,18.79%,55%,0.4936650829374,35839,1.0561433137123,418822,5.39,23994,11845,203693,215129
2020-08-27,120.41%,-11.52%,17.46%,53%,0.21331532533566,15272,1.0600038702571,415167,5.25,12587,2685,201537,213630
2020-08-26,131.93%,+4.27%,20.34%,58%,0.19362621896049,23746,1.1007067597902,403342,5.11,19894,3852,192003,211339
2020-08-25,127.67%,-8.45%,19.27%,55%,0.20641631434966,9702,1.1170380731369,399574,4.98,8042,1660,188742,210832
2020-08-24,136.11%,+1.42%,21.38%,61%,0.52018099547511,16798,1.0961862738169,415200,4.87,11050,5748,198074,217126
2020-08-21,134.69%,+20.74%,21.03%,60%,0.74398735872302,65117,1.0696600880538,407098,5.03,37338,27779,196698,210400
2020-08-20,113.96%,+0.75%,15.85%,48%,0.49950544015826,4548,1.0709257815088,406297,4.61,3033,1515,196191,210106
2020-08-19,113.21%,-6.36%,15.66%,48%,0.33247988295538,3643,1.0720731314515,405283,4.72,2734,909,195593,209690
2020-08-18,119.57%,-0.34%,17.25%,52%,0.23639191290824,6360,1.0783599182636,403790,4.81,5144,1216,194283,209507
2020-08-17,119.91%,+4.09%,17.33%,53%,0.43560767590618,6733,1.079705400982,406624,4.63,4690,2043,195520,211104
2020-08-14,115.83%,+2.64%,16.31%,49%,1.4195412362108,13818,1.036679526918,402788,4.75,5711,8107,197767,205021
2020-08-13,113.19%,-6.55%,15.65%,48%,0.4079591402426,6616,1.036686198905,402494,4.64,4699,1917,197622,204872
2020-08-12,119.74%,+0.61%,17.29%,52%,0.55074829931973,5699,1.0373372248522,400677,4.52,3675,2024,196667,204010
2020-08-11,119.13%,+7.47%,17.14%,52%,0.41994792077645,17995,1.0571588769228,388910,4.35,12673,5322,189052,199858
2020-08-10,111.67%,+3.52%,15.27%,47%,0.25044528003166,12637,1.0447765090404,391634,4.33,10106,2531,191529,200105
2020-08-07,108.15%,+2.25%,14.39%,45%,0.45329117562518,10112,1.041372082838,391527,4.16,6958,3154,191796,199731
2020-08-06,105.90%,-17.72%,13.83%,45%,0.19934825729668,8465,1.0374125092882,392098,4.43,7058,1407,192449,199649
2020-08-05,123.62%,-6.78%,18.26%,52%,0.12839419475655,19282,1.0753234974979,384435,4.63,17088,2194,185241,199194
2020-08-04,130.41%,+49.01%,19.96%,55%,0.22681769733955,58702,1.150083971901,357187,4.43,47849,10853,166127,191060
2020-08-03,81.40%,-2.42%,7.71%,23%,0.39643158783784,13227,1.1744970152554,354069,4.15,9472,3755,162828,191241
2020-07-31,83.81%,+1.05%,8.31%,29%,0.52142623487079,4651,1.151594275973,358447,4.01,3057,1594,166596,191851
2020-07-30,82.76%,-0.16%,8.05%,28%,0.5400111919418,5504,1.164677168311,357425,4.1,3574,1930,165117,192308
2020-07-29,82.93%,+32.39%,8.09%,28%,0.46984248943527,11478,1.1980240146666,351286,4.06,7809,3669,159819,191467
2020-07-28,50.54%,-29.63%,0.00%,0%,0.42109982068141,4755,1.200453300595,349509,3.94,3346,1409,158835,190674
2020-07-27,80.17%,-0.03%,7.30%,21%,1.0807625649913,6003,1.1982494584028,353118,4.01,2885,3118,160636,192482
2020-07-24,80.20%,-1.24%,7.31%,21%,0.53035413153457,7260,1.1573953589243,358119,4.03,4744,2516,165996,192123
2020-07-23,81.44%,+2.93%,7.62%,22%,0.53684210526316,3358,1.1613051498382,357361,4.11,2185,1173,165345,192016
2020-07-22,78.51%,-4.05%,6.88%,20%,0.82826475849732,9198,1.167234441729,351170,4.11,5031,4167,162036,189134
2020-07-21,82.57%,+2.70%,7.90%,25%,0.9930031301786,21648,1.1747747747748,334339,4.01,10862,10786,153735,180604
2020-07-20,79.86%,-2.52%,7.22%,20%,0.4322043187548,26132,0.78446883947,428815,3.85,18246,7886,240304,188511
2020-07-17,82.38%,+0.11%,7.85%,23%,1.2978753743049,16115,0.97833629445878,472126,3.96,7013,9102,238648,233478
2020-07-16,82.27%,-5.39%,7.82%,22%,0.28660750302541,6379,0.98193938421659,469460,4.17,4958,1421,236869,232591
2020-07-15,87.66%,-0.37%,9.17%,25%,0.36809978768577,5155,0.98775019233303,467656,4.19,3768,1387,235269,232387
2020-07-14,88.03%,-6.56%,9.27%,25%,0.34081769436997,8002,0.99552816310369,463647,4.08,5968,2034,232343,231304
2020-07-13,94.60%,+3.27%,10.91%,31%,0.97810584261229,15811,0.98253081606654,465298,4.26,7993,7818,234699,230599
2020-07-10,91.32%,+4.07%,10.09%,29%,0.44707239688491,5017,0.9827688221247,465798,4.34,3467,1550,234923,230875
2020-07-09,87.25%,-2.12%,9.07%,25%,0.58580343213729,6099,0.97855425984593,465906,4.21,3846,2253,235478,230428
2020-07-08,89.38%,+0.41%,9.60%,26%,0.51087481875302,6252,0.98182128822826,463984,4.26,4138,2114,234120,229864
2020-07-07,88.97%,+6.56%,9.50%,26%,0.67838011570602,7833,0.98346993713072,461248,4.09,4667,3166,232546,228702
2020-07-06,82.41%,+1.48%,7.86%,23%,0.59727926078029,18669,0.97235809497541,457664,4.24,11688,6981,232039,225625
2020-07-02,80.93%,-0.99%,7.49%,22%,0.81950509461426,6250,0.96938287972245,457529,4.29,3435,2815,232321,225208
2020-07-01,81.92%,-9.21%,7.74%,22%,0.229089916769,9008,0.98163059559815,454053,4.44,7329,1679,229131,224922
2020-06-30,91.13%,-3.20%,10.04%,25%,0.67057800956106,11532,0.99096757625535,449666,4.34,6903,4629,225853,223813
2020-06-29,94.32%,-6.13%,10.84%,26%,0.65276240742317,19415,0.94540857372716,457029,4.38,11747,7668,234927,222102
2020-06-26,100.45%,+1.33%,12.37%,32%,1.097994149603,10041,0.95616547607818,456213,4.35,4786,5255,233218,222995
2020-06-25,99.12%,+0.55%,12.04%,31%,1.9968104750713,17852,0.92540088913491,445222,4.46,5957,11895,231236,213986
2020-06-24,98.57%,-6.88%,11.90%,31%,0.5263969521045,16827,0.91964106107384,438972,4.41,11024,5803,228674,210298
2020-06-23,105.45%,-12.28%,13.62%,32%,1.2843373493976,18012,0.91717942297029,428735,4.83,7885,10127,223628,205107
2020-06-22,117.72%,+7.41%,16.69%,39%,0.67144308943089,16447,0.84875840360626,475741,4.87,9840,6607,257330,218411
2020-06-19,110.31%,-0.84%,14.84%,33%,0.59913169319826,25415,0.85572979398405,471463,4.88,15893,9522,254058,217405
2020-06-18,111.15%,-2.10%,15.05%,33%,0.91413288288288,13598,0.8460729734448,475853,4.95,7104,6494,257765,218088
2020-06-17,113.25%,+0.77%,15.57%,35%,0.78512582384661,47670,0.84454477473928,458801,4.76,26704,20966,248734,210067
2020-06-16,112.48%,-9.90%,15.38%,34%,0.86340284073738,18498,0.83664089645943,448763,4.64,9927,8571,244339,204424
2020-06-15,122.39%,-7.51%,17.86%,38%,0.56076319638346,23477,0.8143175715651,478392,4.69,15042,8435,263676,214716
2020-06-12,129.90%,-2.84%,19.74%,40%,0.63674280039722,24723,0.77021457852467,486239,4.72,15105,9618,274678,211561
2020-06-11,132.73%,-10.12%,20.45%,42%,0.47280902360557,37997,0.79174772722229,484442,4.37,25799,12198,270374,214068
2020-06-10,142.85%,-28.61%,22.98%,52%,1.0541754001524,172485,0.77930006003912,459353,5.07,83968,88517,258165,201188
2020-06-09,171.46%,+11.46%,30.14%,86%,0.55630189566035,79471,0.76721073112514,420529,4.96,51064,28407,237962,182567
2020-06-08,160.00%,+19.70%,27.27%,80%,0.37415089963219,82941,0.77190898778942,398334,5.01,60358,22583,224805,173529
2020-06-05,140.30%,-7.99%,22.34%,50%,0.22365128835433,27876,0.79044374563242,389443,4.14,22781,5095,217512,171931
2020-06-04,148.29%,+3.84%,24.34%,62%,0.20169014084507,12798,0.80417452144472,384733,4.47,10650,2148,213246,171487
2020-06-03,144.44%,+0.10%,23.38%,58%,0.25975669784122,17915,0.81859396288691,379075,4.44,14221,3694,208444,170631
2020-06-02,144.34%,-9.33%,23.35%,56%,0.36640292148509,8980,0.82198261207441,375128,4.18,6572,2408,205890,169238
2020-06-01,153.67%,+10.22%,25.68%,71%,0.55681889173487,24920,0.79335505944417,375299,4.13,16007,8913,209272,166027
2020-05-29,143.45%,+2.61%,23.13%,55%,0.2825043211062,13356,0.81492209397983,368431,4.06,10414,2942,203001,165430
2020-05-28,140.84%,-3.55%,22.47%,53%,0.53911531775159,7968,0.81668581889454,365192,4.33,5177,2791,201021,164171
2020-05-27,144.38%,+0.40%,23.36%,56%,0.25959125134457,14052,0.8206277119767,360000,4.69,11156,2896,197734,162266
2020-05-26,143.98%,-6.29%,23.26%,56%,0.40134334255235,17734,0.82205916074295,365516,4.42,12655,5079,200606,164910
2020-05-22,150.27%,-1.88%,24.84%,63%,0.37284482758621,16562,0.83793154815412,357803,4.18,12064,4498,194677,163126
2020-05-21,152.15%,-4.90%,25.30%,67%,0.37424357034796,14534,0.85669112664737,353475,4.44,10576,3958,190379,163096
2020-05-20,157.05%,+1.50%,26.53%,74%,0.51918510186227,12155,0.86386276492761,344645,4.43,8001,4154,184909,159736
2020-05-19,155.56%,-1.94%,26.16%,72%,0.55005849908073,9274,0.86994601344967,338406,4.44,5983,3291,180971,157435
2020-05-18,157.50%,+0.88%,26.64%,75%,0.2121476568636,13890,0.75046268433842,386840,4.58,11459,2431,220993,165847
2020-05-15,156.62%,-1.20%,26.42%,73%,0.35197817189632,10901,0.86966482507959,410498,4.22,8063,2838,219557,190941
2020-05-14,157.82%,+5.16%,26.72%,76%,0.79326695116169,15128,0.88014733924303,404258,4.13,8436,6692,215014,189244
2020-05-13,152.66%,-2.42%,25.43%,72%,0.59104737070839,14644,0.88792143747069,398527,4.21,9204,5440,211093,187434
2020-05-12,155.09%,-1.65%,26.04%,74%,0.63154129960093,43337,0.9044671903515,384032,4.54,26562,16775,201648,182384
2020-05-11,156.73%,+4.05%,26.45%,74%,0.66830956375839,15909,0.8775542791661,399782,4.76,9536,6373,212927,186855
2020-05-08,152.68%,+8.02%,25.44%,74%,0.57054965857616,23230,0.91321523599492,399068,4.98,14791,8439,208585,190483
2020-05-07,144.67%,-3.55%,23.43%,65%,0.48639634895559,25404,0.92551185277448,384931,4.87,17091,8313,199911,185020
2020-05-06,148.21%,-3.03%,24.32%,67%,0.50138470800722,12469,0.93245804211707,382389,4.93,8305,4164,197877,184512
2020-05-05,151.24%,-8.96%,25.08%,72%,0.40510527833862,9743,0.93506460409287,379650,5.39,6934,2809,196195,183455
2020-05-04,160.21%,+11.42%,27.32%,75%,0.55925020374898,28698,1.0155657359302,393771,5.48,18405,10293,195365,198406
2020-05-01,148.79%,+12.03%,24.46%,70%,1.45,686,0.99972503955799,385457,6.05,280,406,192755,192702
2020-04-30,136.76%,+0.28%,21.45%,61%,0.58517563648083,24594,0.87274952919021,298329,0,15515,9079,159300,139029
2020-04-29,136.47%,-7.97%,21.38%,61%,0.58941736028537,26734,0.7811230350169,271363,0,16820,9914,152355,119008
2020-04-28,144.45%,-6.00%,23.38%,67%,0.70345552013909,47029,0.83728479120103,301684,0,27608,19421,164201,137483
2020-04-27,150.45%,+15.37%,24.88%,70%,0.68155065907875,69142,0.79888966784774,284820,0,41118,28024,158331,126489
2020-04-24,135.08%,-6.48%,21.03%,59%,0.53240914200075,12270,0.58958865573959,221506,0,8007,4263,139348,82158
2020-04-23,141.56%,-25.43%,22.65%,67%,0.74282754223781,21869,0.72755789763816,263247,0,12548,9321,152381,110866
2020-04-22,166.99%,-2.97%,29.02%,78%,0.59040708531185,29809,0.85617767768509,250558,0,18743,11066,134986,115572
2020-04-21,169.96%,-14.35%,29.76%,80%,1.2876997398737,30781,0.91546328314683,286379,0,13455,17326,149509,136870
2020-04-20,184.31%,+17.68%,33.35%,85%,0.6814224137931,39009,0.5891539956861,238710,0,23200,15809,150212,88498
2020-04-17,166.62%,-15.17%,28.93%,80%,1.1979392007287,38609,0.89669912641179,355853,0,17566,21043,187617,168236
2020-04-16,181.80%,-26.40%,32.72%,84%,1.2159926470588,21699,0.71296124414743,332198,0,9792,11907,193932,138266
2020-04-15,208.20%,+6.80%,39.32%,96%,0.8505251817937,68710,0.8527998652823,352082,0,37130,31580,190027,162055
2020-04-14,201.40%,+43.62%,37.62%,94%,0.62272669579881,89495,0.91653424685804,371478,0,55151,34344,193828,177650
2020-04-13,157.78%,+9.41%,26.71%,80%,0.98761854583772,37725,0.72916419244103,305756,0,18980,18745,176823,128933
2020-04-09,148.37%,+18.11%,24.36%,77%,1.0894332511958,28830,0.86090060168173,300314,0,13798,15032,161381,138933
2020-04-08,130.26%,-7.10%,19.83%,66%,0.76185770750988,17830,0.76377586956196,235390,0,10120,7710,133458,101932
2020-04-07,137.36%,+5.38%,21.60%,72%,0.53193688417281,22233,0.94258764963073,237256,0,14513,7720,122134,115122
2020-04-06,131.98%,-3.26%,20.26%,68%,1.0080208735988,20779,0.8859260391198,246830,0,10348,10431,130880,115950
2020-04-03,135.24%,+5.53%,21.07%,69%,2.8551518947698,24619,1.2222032556913,286402,0,6386,18233,128882,157520
2020-04-02,129.71%,-6.44%,19.69%,69%,1.9657507487954,22774,0.99025664086846,252271,0,7679,15095,126753,125518
2020-04-01,136.14%,+18.96%,21.30%,70%,1.2654530744337,28001,1.0909652464224,284342,0,12360,15641,135986,148356
2020-03-31,117.18%,-21.77%,16.56%,66%,0.88594654514103,15312,1.0913746102987,277722,0,8119,7193,132794,144928
2020-03-30,138.95%,-12.09%,22.00%,70%,0.91040404712774,28700,1.0468017439603,274165,0,15023,13677,133948,140217
2020-03-27,151.04%,-33.42%,25.03%,75%,0.99147369892373,42743,0.77838227346424,296154,0,21463,21280,166530,129624
2020-03-26,184.46%,-1.43%,33.39%,86%,0.46530934146898,70603,0.95708966779764,284371,0,48183,22420,145303,139068
2020-03-25,185.89%,-0.13%,33.75%,88%,1.2914005474453,20091,1.0647887323944,235293,0,8768,11323,113955,121338
2020-03-24,186.02%,-20.77%,33.78%,89%,0.89134795832524,29227,0.92137945585147,200348,0,15453,13774,104273,96075
2020-03-23,206.79%,+6.18%,38.97%,95%,1.8720918315056,28023,1.069536798183,201368,0,9757,18266,97301,104067
2020-03-20,200.61%,+19.26%,37.43%,95%,3.1336069311446,27195,0.65866668737189,213623,0,6579,20616,128792,84831
2020-03-19,181.34%,-1.21%,32.61%,91%,1.4776847977685,28424,0.58383200148671,170452,0,11472,16952,107620,62832
2020-03-18,182.56%,+21.46%,32.91%,92%,1.3045252756695,32185,0.71671914041046,221922,0,13966,18219,129271,92651
2020-03-17,161.10%,+9.31%,27.54%,88%,0.55729468599034,8059,0.60523908913956,205347,0,5175,2884,127923,77424
2020-03-16,151.79%,+10.50%,25.21%,88%,0.60118748954675,19147,0.54939984996249,206535,0,11958,7189,133300,73235
2020-03-13,141.29%,-155.22%,22.59%,86%,0.46522759267949,31224,0.47352867296127,199448,0,21310,9914,135354,64094
2020-03-12,296.50%,+128.52%,61.42%,96%,1.1204018797602,13085,0.6458523716744,190909,0,6171,6914,115994,74915
2020-03-11,167.98%,+50.79%,29.27%,94%,0.32616487455197,14800,0.563751853001,181439,0,11160,3640,116028,65411
2020-03-10,117.19%,-7.22%,16.56%,87%,0.43809523809524,13439,0.63373185890163,192947,0,9345,4094,118102,74845
2020-03-09,124.42%,+18.53%,18.37%,89%,0.63754512635379,13608,0.77640580850161,171631,0,8310,5298,96617,75014
2020-03-06,105.89%,-85.78%,13.73%,84%,0.42703757930698,5848,0.5513929224481,144233,0,4098,1750,92970,51263
2020-03-05,191.66%,+93.29%,35.19%,95%,0.42756330427563,6878,1.0102292628562,151515,0,4818,2060,75372,76143
2020-03-04,98.38%,-352.37%,11.85%,84%,0.84651162790698,4367,0.66673000190006,122808,0,2365,2002,73682,49126
2020-03-03,450.75%,+354.07%,100.00%,98%,0.50859291084855,2809,1.3107319347319,123913,0,1862,947,53625,70288
2020-03-02,96.67%,-7.31%,40.73%,85%,0.91270319084889,3177,0.62069984798153,115141,0,1661,1516,71044,44097
2020-02-28,103.98%,+7.89%,47.24%,88%,1.1787930062042,3863,0.70997314785242,144556,0,1773,2090,84537,60019
2020-02-27,96.09%,+4.76%,40.21%,85%,1.0430805547359,6924,0.91950645517278,144368,0,3389,3535,75211,69157
2020-02-26,91.33%,-5.03%,35.96%,82%,1.1598925092375,6430,0.63992423039405,144579,0,2977,3453,88162,56417
2020-02-25,96.36%,+20.96%,40.45%,86%,0.70608108108108,6565,0.92512289051003,122973,0,3848,2717,63878,59095
2020-02-24,75.39%,+12.17%,11.52%,65%,0.85210707659687,6988,0.7131033773711,133300,0,3773,3215,77812,55488
2020-02-21,63.22%,+2.77%,10.90%,46%,1.4801953336951,4571,0.65162871884385,128685,0,1843,2728,77914,50771
2020-02-20,60.45%,+5.47%,8.43%,35%,0.32822299651568,3812,0.62766718402051,120602,0,2870,942,74095,46507
2020-02-19,54.98%,-2.78%,3.55%,6%,0.51684263448969,3017,0.62947618385984,129004,0,1989,1028,79169,49835
2020-02-18,57.76%,-1.28%,6.03%,13%,0.15177865612648,5828,1.1144716816165,130594,0,5060,768,61762,68832
2020-02-14,59.04%,-56.96%,7.17%,13%,0.33069306930693,3360,0.48453783268472,113677,0,2525,835,76574,37103
2020-02-13,115.99%,-47.16%,57.95%,90%,0.33552322853121,5692,0.65939206057447,120973,0,4262,1430,72902,48071
2020-02-12,163.15%,+17.75%,100.00%,97%,0.31538177794172,17830,0.60863270514331,131110,0,13555,4275,81504,49606
2020-02-11,145.39%,+54.50%,100.00%,96%,0.56354515050167,4675,0.74928154070361,128434,0,2990,1685,73421,55013
2020-02-10,90.90%,-22.08%,64.37%,89%,0.099167100468506,12669,0.71062213352939,97721,0,11526,1143,57126,40595
2020-02-07,112.98%,+52.89%,100.00%,96%,0.96382932640243,9067,0.76904377095382,132443,0,4617,4450,74867,57576
2020-02-06,60.09%,+0.97%,20.57%,28%,0.33930058284763,3217,0.39475987212231,78094,0,2402,815,55991,22103
2020-02-05,59.12%,-3.40%,18.37%,17%,0.35037557547856,5573,0.46566481640267,97433,0,4127,1446,66477,30956
2020-02-04,62.52%,-0.85%,26.06%,35%,0.46073772346685,6455,0.69593051822307,117355,0,4419,2036,69198,48157
2020-02-03,63.36%,-0.95%,27.98%,45%,0.41528107680127,3575,1.1529499804412,126587,0,2526,1049,58797,67790
2020-01-31,64.31%,+4.19%,30.12%,48%,3.516,5645,1.4240499538656,112968,0,1250,4395,46603,66365
2020-01-30,60.12%,+0.18%,20.64%,30%,2.1703539823009,4299,0.92348433970328,126019,0,1356,2943,65516,60503
2020-01-29,59.94%,-0.11%,20.24%,21%,2.4403409090909,2422,0.78989048621268,100352,0,704,1718,56066,44286
2020-01-28,60.05%,-3.19%,20.48%,22%,0.81393861892583,2837,0.62036590773264,84050,0,1564,1273,51871,32179
2020-01-27,63.23%,+0.27%,27.68%,35%,0.99609375,3577,0.73276989080999,94105,0,1792,1785,54309,39796
2020-01-24,62.96%,+11.97%,27.07%,31%,0.87496905174548,7573,1.0477579234004,127090,0,4039,3534,62063,65027
2020-01-23,51.00%,-2.69%,0.00%,0%,0.39685977260422,2580,0.69452597333711,95839,0,1847,733,56558,39281
2020-01-22,53.69%,-2.45%,0.00%,0%,0.44718201416692,4699,0.56479892429363,88444,0,3247,1452,56521,31923
2020-01-21,56.14%,+0.71%,1.79%,8%,0.47553743513714,7962,1.1205800818451,112448,0,5396,2566,53027,59421
2020-01-17,55.43%,-6.72%,0.00%,0%,0.77071600965406,4402,1.4517599341405,244210,0,2486,1916,99606,144604
2020-01-16,62.15%,-5.01%,0.00%,0%,0.37185650887574,7419,1.4709206199241,271994,0,5408,2011,110078,161916
2020-01-15,67.16%,-4.27%,0.00%,0%,0.92990156956637,14509,2.7723404518113,305420,0,7518,6991,80963,224457
2020-01-14,71.42%,+0.30%,3.30%,33%,1.0519662921348,16071,2.04008322023,340465,0,7832,8239,111992,228473
2020-01-13,71.12%,+0.51%,2.07%,13%,0.75639338097029,18681,1.9571661805441,322408,0,10636,8045,109026,213382
2020-01-10,70.61%,-0.77%,0.00%,0%,1.4932642487047,4812,1.3769929140833,257628,0,1930,2882,108384,149244
2020-01-09,71.39%,-5.58%,0.00%,0%,0.77450980392157,5792,1.3852699584679,258444,0,3264,2528,108350,150094
2020-01-08,76.97%,-1.09%,0.00%,0%,1.3757976298997,10425,1.8092257196755,332087,0,4388,6037,118213,213874
2020-01-07,78.05%,-6.71%,0.00%,0%,0.84976449569596,11389,2.0185534314157,342636,0,6157,5232,113510,229126
2020-01-06,84.76%,+2.27%,17.84%,33%,0.4838250977604,8348,1.5755122734378,304799,0,5626,2722,118345,186454
2020-01-03,82.49%,-12.70%,0.00%,0%,0.45718098010674,12013,1.3223646649712,268470,0,8244,3769,115602,152868
2020-01-02,95.20%,+95.20%,0.00%,0%,1.6904729266621,19627,1.8938458988009,314208,0,7295,12332,108578,205630
2019-12-31,73.05%,-5.63%,10.74%,66%,0.55681282413956,16510,1.8831863226424,349422,0,10605,5905,121193,228229
2019-12-30,78.68%,+9.61%,12.60%,73%,0.43351600807615,44730,1.5924470193886,304724,0,31203,13527,117543,187181
2019-12-27,69.06%,-38.55%,9.43%,59%,0.31500977590615,17487,1.8038020562141,274624,0,13298,4189,97947,176677
2019-12-26,107.61%,+44.22%,22.12%,90%,1.3624329159213,6603,2.3012591594894,267161,0,2795,3808,80927,186234
2019-12-24,63.40%,-1.84%,7.57%,48%,0.97304582210243,2928,2.1197580801489,241410,0,1484,1444,77381,164029
2019-12-23,65.24%,-5.40%,8.17%,53%,0.64329220677807,10522,1.8366661081928,287828,0,6403,4119,101467,186361
2019-12-20,70.64%,+0.17%,9.95%,60%,0.61023117880973,23891,1.8398487450221,310918,0,14837,9054,109484,201434
2019-12-19,70.47%,-2.47%,9.89%,60%,0.81835032437442,5886,1.7003006165186,317982,0,3237,2649,117758,200224
2019-12-18,72.94%,+0.50%,10.71%,66%,3.480443368582,35167,1.876502216772,304938,0,7849,27318,106010,198928
2019-12-17,72.44%,+4.63%,10.54%,64%,2.2916543356022,22245,2.0316508609406,358999,0,6758,15487,118417,240582
2019-12-16,67.80%,+8.65%,9.02%,58%,7.0175969205389,29160,2.5823204647522,347786,0,3637,25523,97084,250702
2019-12-13,59.16%,-7.33%,6.17%,42%,1.6818690542809,9585,1.9859081936728,391784,0,3574,6011,131211,260573
2019-12-12,66.49%,+1.63%,8.58%,56%,2.1105559025609,19920,1.9854615054099,382154,0,6404,13516,128005,254149
2019-12-11,64.86%,-34.10%,8.05%,53%,1.952090454904,56134,2.0503743272766,457971,0,19015,37119,150136,307835
2019-12-10,98.96%,+2.54%,19.27%,87%,1.7561904761905,37622,2.0276756160353,395148,0,13650,23972,130512,264636
2019-12-09,96.42%,+6.05%,18.43%,86%,0.51248072199692,26479,2.1199617639159,394931,0,17507,8972,126582,268349
2019-12-06,90.37%,-7.65%,16.44%,83%,1.0737588652482,19006,2.6589402601707,353278,0,9165,9841,96552,256726
2019-12-05,98.02%,+2.43%,18.96%,87%,1.1160130718954,3885,1.5703894839338,263979,0,1836,2049,102700,161279
2019-12-04,95.60%,-0.31%,18.16%,86%,0.3254854368932,5461,1.8085795186409,297569,0,4120,1341,105950,191619
2019-12-03,95.91%,+6.09%,18.27%,86%,0.59714599341383,1455,2.018221756846,265187,0,911,544,87862,177325
2019-12-02,89.82%,-16.87%,16.26%,84%,0.52770448548813,4053,2.6522846910079,303892,0,2653,1400,83206,220686
2019-11-29,106.69%,+14.29%,21.81%,89%,0.42056737588652,2003,2.7011827852528,304785,0,1410,593,82348,222437
2019-11-27,92.40%,-21.26%,17.11%,87%,0.73744818056195,7544,2.4216274565832,323313,0,4342,3202,94491,228822
2019-11-26,113.66%,+24.23%,24.11%,91%,0.43249542200766,8605,2.24686201251,309374,0,6007,2598,95284,214090
2019-11-25,89.43%,+1.31%,16.13%,85%,0.44495125659601,16156,2.5022193031706,330606,0,11181,4975,94399,236207
2019-11-22,88.12%,+2.55%,15.70%,85%,0.23786534446764,9487,2.1170598803108,261992,0,7664,1823,84051,177941
2019-11-21,85.58%,+3.98%,14.87%,83%,0.64179104477612,3630,2.8833390921539,303448,0,2211,1419,78141,225307
2019-11-20,81.60%,-10.59%,13.56%,79%,1.2809200603318,6049,2.8776822287931,285886,0,2652,3397,73726,212160
2019-11-19,92.19%,+6.56%,17.04%,86%,4.5822251054168,51630,2.7203378304863,273549,0,9249,42381,73528,200021
2019-11-18,85.62%,-2.15%,14.88%,84%,10.350448833034,63222,1.4224018475751,167824,0,5570,57652,69280,98544
2019-11-15,87.77%,-1.30%,15.59%,85%,1.1410852713178,6905,1.1522400038914,176983,0,3225,3680,82232,94751
2019-11-14,89.08%,+5.39%,16.02%,85%,1.1328195829556,4705,2.4025277036988,205414,0,2206,2499,60371,145043
2019-11-13,83.68%,-13.75%,14.24%,83%,1.1963470319635,962,1.153205541449,163663,0,438,524,76009,87654
2019-11-12,97.44%,+6.88%,18.77%,87%,1.2052868391451,3921,1.563629913632,187891,0,1778,2143,73291,114600
2019-11-11,90.56%,+9.93%,16.51%,86%,2.0551440329218,3712,1.6167629619191,241399,0,1215,2497,92251,149148
2019-11-08,80.63%,+0.50%,13.24%,81%,0.297440849831,5374,1.3742561394686,226618,0,4142,1232,95448,131170
2019-11-07,80.13%,+1.82%,13.07%,81%,0.34611222754676,8708,1.2525953568398,193766,0,6469,2239,86019,107747
2019-11-06,78.31%,+6.13%,12.47%,79%,2.3608985435695,13615,1.634094887042,227246,0,4051,9564,86271,140975
2019-11-05,72.18%,-1.44%,10.46%,71%,0.36378806841886,3269,1.0733856057737,186161,0,2397,872,89786,96375
2019-11-04,73.62%,-9.88%,10.93%,74%,0.20162162162162,2223,1.1400358872363,197979,0,1850,373,92512,105467
2019-11-01,83.51%,+7.24%,14.19%,83%,0.77176139272913,13841,1.5486536557633,260006,0,7812,6029,102017,157989
2019-10-31,76.27%,+9.82%,11.80%,78%,0.19344310933096,8045,1.8926711816963,243884,0,6741,1304,84311,159573
2019-10-30,66.45%,-55.41%,8.57%,63%,0.7414710485133,5564,1.1973344797936,204440,0,3195,2369,93040,111400
2019-10-29,121.86%,+41.71%,26.81%,92%,0.76620825147348,4495,1.9933044603744,240518,0,2545,1950,80352,160166
2019-10-28,80.14%,-37.15%,13.08%,81%,1.4522012578616,3899,1.899760644085,239874,0,1590,2309,82722,157152
2019-10-25,117.29%,+48.45%,25.30%,91%,0.36228435455086,6870,1.147196746483,206964,0,5043,1827,96388,110576
2019-10-24,68.85%,-1.97%,9.36%,67%,0.75266632808532,6902,1.1911189438083,215089,0,3938,2964,98164,116925
2019-10-23,70.82%,-4.78%,10.01%,69%,0.80008654262224,12480,1.474095564077,270337,0,6933,5547,109267,161070
2019-10-22,75.59%,+1.32%,11.58%,77%,7.1710515184841,96590,1.4449993453416,261434,0,11821,84769,106926,154508
2019-10-21,74.27%,-5.54%,11.15%,77%,0.59096187342752,16441,1.6066938534029,246734,0,10334,6107,94654,152080
2019-10-18,79.81%,+7.82%,12.97%,81%,0.58036462699078,15083,1.5087758888722,300165,0,9544,5539,119646,180519
2019-10-17,71.99%,-4.07%,10.40%,72%,0.70177711958534,9193,1.5839738299544,259878,0,5402,3791,100573,159305
2019-10-16,76.07%,+1.15%,11.74%,78%,0.93298455406079,15518,1.4922032018851,287680,0,8028,7490,115432,172248
2019-10-15,74.92%,+0.69%,11.36%,78%,3.5791563955081,33437,1.3415696679219,273589,0,7302,26135,116840,156749
2019-10-14,74.23%,+8.30%,11.13%,78%,0.3262147054608,9253,1.0598597752176,233860,0,6977,2276,113532,120328
2019-10-11,65.93%,-5.10%,8.40%,66%,0.63643249384586,8642,0.87533261322022,213546,0,5281,3361,113871,99675
2019-10-10,71.03%,+10.88%,10.08%,71%,1.2374429223744,4900,1.1301493065453,216715,0,2190,2710,101737,114978
2019-10-09,60.15%,-13.32%,6.50%,54%,0.48095238095238,5909,1.2143970206302,225946,0,3990,1919,102035,123911
2019-10-08,73.47%,+8.31%,10.88%,77%,0.97889842632332,5533,1.1684012300542,216478,0,2796,2737,99833,116645
2019-10-07,65.16%,-1.31%,8.15%,65%,0.92333965844402,10136,1.392412941467,242172,0,5270,4866,101225,140947
2019-10-04,66.47%,-6.19%,8.58%,67%,1.0405687203791,10764,1.2248901457862,248607,0,5275,5489,111739,136868
2019-10-03,72.66%,+0.14%,10.62%,75%,0.59172154280339,3384,1.6545221115774,246045,0,2126,1258,92689,153356
2019-10-02,72.52%,-10.77%,10.57%,75%,1.3640021949881,25848,1.6945768043339,231289,0,10934,14914,85835,145454
2019-10-01,83.29%,+1.50%,14.11%,83%,0.91955912799903,31523,1.420450623675,245470,0,16422,15101,101415,144055
2019-09-30,81.79%,-0.07%,13.62%,81%,1.1912602913236,27680,1.226774817819,240485,0,12632,15048,107997,132488
2019-09-27,81.86%,+10.69%,13.64%,82%,0.50064067362255,8198,1.5449172160139,216575,0,5463,2735,85101,131474
2019-09-26,71.17%,-10.68%,10.13%,74%,0.75733617150677,11558,1.5930184218048,199595,0,6577,4981,76974,122621
2019-09-25,81.85%,+2.00%,13.64%,82%,3.7270850536746,22898,1.2888079081846,218572,0,4844,18054,95496,123076
2019-09-24,79.85%,+0.14%,12.98%,82%,0.87622665400443,17781,1.1685011377953,222035,0,9477,8304,102391,119644
2019-09-23,79.71%,+10.48%,12.93%,81%,0.48694356817385,16969,1.1624090033876,210011,0,11412,5557,97119,112892
2019-09-20,69.23%,-2.86%,9.49%,74%,0.42609098275263,12320,1.0978444442224,209925,0,8639,3681,100067,109858
2019-09-19,72.09%,-4.50%,10.43%,76%,1.3115751397567,14059,1.1975670832004,179027,0,6082,7977,81466,97561
2019-09-18,76.58%,+12.63%,11.91%,80%,0.36510778485999,19061,1.2995871379265,210541,0,13963,5098,91556,118985
2019-09-17,63.96%,-9.49%,7.75%,68%,1.9731433909388,12731,1.0438168886131,184479,0,4282,8449,90262,94217
2019-09-16,73.45%,+0.11%,10.87%,79%,1.0640589569161,7282,1.2539583765471,195594,0,3528,3754,86778,108816
2019-09-13,73.33%,-24.37%,10.84%,79%,1.1190564982286,22729,1.2331646520278,249775,0,10726,12003,111848,137927
2019-09-12,97.70%,+15.57%,18.86%,85%,0.25849368275369,28189,1.3174504548785,249893,0,22399,5790,107831,142062
2019-09-11,82.13%,-55.72%,13.73%,82%,0.69850251732002,78943,1.4165249852158,261526,0,46478,32465,108224,153302
2019-09-10,137.85%,+1.47%,32.07%,94%,0.83086656551487,63954,1.2793269640473,240722,0,34931,29023,105611,135111
2019-09-09,136.38%,+25.60%,31.59%,94%,1.7370625399304,77114,1.2477792953804,232045,0,28174,48940,103233,128812
2019-09-06,110.78%,-9.46%,23.16%,90%,0.82236490101659,13624,1.2426892040729,199550,0,7476,6148,88978,110572
2019-09-05,120.23%,+7.20%,26.27%,91%,0.82738345233095,13053,0.9584057012875,174774,0,7143,5910,89243,85531
2019-09-04,113.03%,-28.58%,23.90%,91%,0.30823833082383,6082,1.0648138119273,190636,0,4649,1433,92326,98310
2019-09-03,141.61%,+4.79%,33.31%,95%,0.72624814631735,17461,1.2555791775497,185668,0,10115,7346,82315,103353
2019-08-30,136.81%,+0.97%,31.73%,95%,0.52080009817155,12393,0.98871505774281,196141,0,8149,4244,98627,97514
2019-08-29,135.85%,+27.63%,31.41%,95%,0.18740408116865,41780,1.4069353991276,196986,0,35186,6594,81841,115145
2019-08-28,108.21%,-18.42%,22.32%,92%,0.23664256744842,21039,1.1426622110833,153886,0,17013,4026,71820,82066
2019-08-27,126.63%,+4.29%,28.38%,94%,0.60764904386952,7146,1.8794656888423,164907,0,4445,2701,57270,107637
2019-08-26,122.35%,-72.46%,26.97%,94%,0.59176029962547,8925,1.636841329863,161082,0,5607,3318,61089,99993
2019-08-23,194.80%,+63.59%,50.81%,97%,1.3454493417287,8195,1.5725419568717,161409,0,3494,4701,62743,98666
2019-08-22,131.21%,-213.05%,29.89%,95%,1.486814230404,34042,1.7452067926595,160364,0,13689,20353,58416,101948
2019-08-21,344.27%,+232.22%,100.00%,99%,0.38541306602143,8016,1.6285140132971,122954,0,5786,2230,46777,76177
2019-08-20,112.05%,-34.01%,42.26%,96%,0.73128019323672,2867,1.7574447311528,118617,0,1656,1211,43017,75600
2019-08-19,146.05%,+59.18%,62.32%,96%,2.1550591327201,4802,1.8300717715702,109620,0,1522,3280,38734,70886
2019-08-16,86.87%,-19.26%,27.41%,92%,2.510101010101,6950,3.8209349277838,93126,0,1980,4970,19317,73809
2019-08-15,106.13%,-100.17%,38.77%,96%,1.5249436755713,7845,2.4138099524238,132746,0,3107,4738,38885,93861
2019-08-14,206.30%,+104.73%,97.86%,99%,5.8494342906876,7870,2.3917932041778,123078,0,1149,6721,36287,86791
2019-08-13,101.57%,+16.00%,36.08%,95%,1.9637964774951,6058,2.5007231608704,106499,0,2044,4014,30422,76077
2019-08-12,85.57%,-101.47%,26.65%,94%,2.87775202781,6693,2.4761578044597,121596,0,1726,4967,34980,86616
2019-08-09,187.04%,+95.97%,86.50%,98%,1.2444673185795,4361,2.3083032490975,123714,0,1943,2418,37395,86319
2019-08-08,91.07%,-10.69%,29.89%,95%,1.7887168141593,2521,3.8857899301593,107033,0,904,1617,21907,85126
2019-08-07,101.76%,+9.41%,36.19%,97%,0.84081902245707,2787,1.9060587721068,86432,0,1514,1273,29742,56690
2019-08-06,92.35%,-108.24%,30.64%,97%,4.1776765375854,2273,3.258553070761,102069,0,439,1834,23968,78101
2019-08-05,200.59%,-9.33%,94.49%,99%,1.2544467892674,7478,2.4872747104347,134281,0,3317,4161,38506,95775
2019-08-02,209.93%,+42.22%,100.00%,99%,2.4206198608476,5408,2.5298762921539,104149,0,1581,3827,29505,74644
2019-08-01,167.71%,+106.57%,100.00%,99%,2.7024988213107,7853,2.5621068260853,91165,0,2121,5732,25593,65572
2019-07-31,61.15%,-14.94%,29.92%,73%,2.3128491620112,4744,1.9218464351005,89502,0,1432,3312,30632,58870
2019-07-30,76.08%,+6.64%,51.46%,96%,1.5490196078431,4810,2.4633604051509,112154,0,1887,2923,32383,79771
2019-07-29,69.45%,+11.52%,41.89%,92%,0.88201272411799,3254,1.2300967670992,121683,0,1729,1525,54564,67119
2019-07-26,57.93%,-26.34%,25.28%,62%,1.1949186184994,5529,2.3806494367131,102028,0,2519,3010,30180,71848
2019-07-25,84.27%,+25.77%,63.26%,98%,1.458488647916,7255,2.0563845716941,118386,0,2951,4304,38734,79652
2019-07-24,58.50%,-14.35%,26.10%,65%,1.5644230769231,2667,2.7382997630332,100964,0,1040,1627,27008,73956
2019-07-23,72.85%,+13.50%,46.79%,96%,2.6937777777778,8311,2.0659986987638,117811,0,2250,6061,38425,79386
2019-07-22,59.35%,-6.26%,27.32%,71%,0.95859738065061,4636,1.6387145091302,119795,0,2367,2269,45399,74396
2019-07-19,65.61%,+4.10%,36.36%,88%,1.7113109323237,5729,4.5783613775751,177364,0,2113,3616,31795,145569
2019-07-18,61.51%,+2.41%,30.44%,76%,2.2676240208877,7509,2.7386193501396,184785,0,2298,5211,49426,135359
2019-07-17,59.10%,+2.37%,26.96%,72%,1.4234972677596,7983,4.396015420382,183362,0,3294,4689,33981,149381
2019-07-16,56.73%,-15.44%,23.54%,56%,2.1425166825548,6593,5.9017817817818,172372,0,2098,4495,24975,147397
2019-07-15,72.17%,+16.34%,45.81%,96%,0.84544695071011,4418,2.5193635807326,201290,0,2394,2024,57195,144095
2019-07-12,55.82%,-1.36%,22.24%,50%,1.2696536558549,8257,2.1244484075268,136654,0,3638,4619,43737,92917
2019-07-11,57.18%,-11.77%,24.20%,61%,1.5034884832266,26194,1.7616712414968,254546,0,10463,15731,92171,162375
2019-07-10,68.95%,-15.86%,41.16%,94%,1.5856571662908,50441,1.7994974940475,212815,0,19508,30933,76019,136796
2019-07-09,84.80%,+41.82%,64.03%,98%,1.3141578009917,48072,1.8005323312979,160983,0,20773,27299,57483,103500
2019-07-08,42.99%,-29.14%,3.73%,5%,1.2356374807988,21831,1.31212484994,157932,0,9765,12066,68306,89626
2019-07-05,72.13%,+25.23%,45.75%,96%,2.3406131446734,32581,1.5509821777026,196094,0,9753,22828,76870,119224
2019-07-03,46.89%,+3.64%,9.36%,14%,1.1181296144381,12910,1.8274883023668,124483,0,6095,6815,44026,80457
2019-07-02,43.26%,-2.42%,4.12%,6%,1.3293987771739,27431,1.8159734470705,175621,0,11776,15655,62366,113255
2019-07-01,45.68%,-2.63%,7.60%,9%,1.7363100252738,9744,1.8826794567795,160473,0,3561,6183,55668,104805
2019-06-28,48.30%,+1.98%,11.39%,15%,4.885687732342,6333,1.7898985287709,134448,0,1076,5257,48191,86257
2019-06-27,46.32%,-2.96%,8.53%,11%,0.74512840366499,13523,1.499521298421,164476,0,7749,5774,65803,98673
2019-06-26,49.28%,+3.74%,12.81%,20%,0.70253503867657,22230,1.9889742657088,131479,0,13057,9173,43988,87491
2019-06-25,45.54%,-5.76%,7.41%,8%,0.50586466165414,5007,1.6932320351786,123719,0,3325,1682,45937,77782
2019-06-24,51.30%,-1.44%,15.71%,30%,1.6470877768663,16134,1.8203279989419,127947,0,6095,10039,45366,82581
2019-06-21,52.74%,+1.71%,17.79%,38%,1.3849889624724,10804,2.1599570245845,150000,0,4530,6274,47469,102531
2019-06-20,51.03%,+2.82%,15.33%,28%,3.9947043248014,5659,2.7320898080439,130653,0,1133,4526,35008,95645
2019-06-19,48.22%,-1.79%,11.27%,14%,2.0465204236006,8055,1.905710102489,99230,0,2644,5411,34150,65080
2019-06-18,50.01%,-1.36%,13.85%,22%,0.87983673469388,11514,1.1221682337351,134520,0,6125,5389,63388,71132
2019-06-17,51.37%,-12.00%,15.81%,29%,1.7789500772002,10799,1.8534601480461,132606,0,3886,6913,46472,86134
2019-06-14,63.37%,+14.48%,33.12%,82%,0.85064935064935,2850,1.9506030067735,125020,0,1540,1310,42371,82649
2019-06-13,48.89%,-13.23%,12.24%,18%,1.0966719492868,7938,1.5938714692926,160156,0,3786,4152,61744,98412
2019-06-12,62.13%,+3.03%,31.33%,78%,1.1660637948043,6587,1.6831419473126,139027,0,3041,3546,51815,87212
2019-06-11,59.10%,+8.58%,26.96%,71%,1.8243210178615,34629,1.1068496892713,154253,0,12261,22368,73215,81038
2019-06-10,50.52%,+1.54%,14.59%,23%,2.1197678508618,35478,1.2765906967778,153531,0,11372,24106,67439,86092
2019-06-07,48.97%,-13.61%,12.36%,18%,0.95601035050576,16630,0.98047074413199,182336,0,8502,8128,92067,90269
2019-06-06,62.58%,-15.54%,31.98%,80%,1.3193031811296,21435,0.93469348433436,180741,0,9242,12193,93421,87320
2019-06-05,78.12%,+4.00%,54.39%,98%,1.6666770070728,85963,1.0597408467681,164046,0,32236,53727,79644,84402
2019-06-04,74.12%,+10.65%,48.62%,97%,0.64719476815656,33499,0.8366858027667,125734,0,20337,13162,68457,57277
2019-06-03,63.47%,+2.00%,33.26%,83%,0.90760157273919,11644,1.2793903931467,119203,0,6104,5540,52296,66907
2019-05-31,61.46%,-2.55%,30.37%,78%,0.90659824046921,13003,1.1475388260068,97902,0,6820,6183,45588,52314
2019-05-30,64.02%,-0.51%,34.05%,86%,0.4476054031928,7073,0.94525714534871,89227,0,4886,2187,45869,43358
2019-05-29,64.52%,+5.15%,34.79%,87%,0.87611516626115,9253,1.1127588510354,94884,0,4932,4321,44910,49974
2019-05-28,59.38%,+0.98%,27.36%,76%,0.55776026094047,5731,1.1550614005974,64932,0,3679,2052,30130,34802
2019-05-24,58.40%,-8.32%,25.95%,70%,1.837343599615,2948,1.7238091912278,77999,0,1039,1909,28636,49363
2019-05-23,66.72%,+1.09%,37.95%,92%,0.66786531546257,5102,1.0584717607973,83646,0,3059,2043,40635,43011
2019-05-22,65.63%,+3.19%,36.38%,91%,1.0105480868666,9721,1.232094365241,78909,0,4835,4886,35352,43557
2019-05-21,62.44%,-2.14%,31.79%,85%,1.4100822309617,6741,0.85905037993587,84650,0,2797,3944,45534,39116
2019-05-20,64.59%,+5.95%,34.88%,90%,1.0511278195489,6820,1.0077584990831,85398,0,3325,3495,42534,42864
2019-05-17,58.63%,+1.80%,26.29%,75%,0.86404547607769,3935,1.9386232104782,77180,0,2111,1824,26264,50916
2019-05-16,56.83%,-8.02%,23.70%,62%,0.77341137123746,2121,1.8016788684886,73093,0,1196,925,26089,47004
2019-05-15,64.85%,+1.60%,35.26%,90%,0.94845779220779,4801,0.98402247637427,69911,0,2464,2337,35237,34674
2019-05-14,63.25%,-4.27%,32.96%,87%,0.4243561316732,8351,1.2318766359395,78446,0,5863,2488,35148,43298
2019-05-13,67.53%,+9.73%,39.12%,95%,2.5130208333333,5396,1.3802903405918,85262,0,1536,3860,35820,49442
2019-05-10,57.80%,-5.90%,25.09%,73%,1.3487020534676,6062,1.4054855879701,82703,0,2581,3481,34381,48322
2019-05-09,63.70%,+6.94%,33.60%,91%,3.2651515151515,3378,1.5023099677602,75287,0,792,2586,30087,45200
2019-05-08,56.76%,-2.86%,23.59%,65%,0.5831608005521,2294,1.4463562425067,75497,0,1449,845,30861,44636
2019-05-07,59.62%,+5.92%,27.71%,83%,0.58790035587189,4462,1.1595851563766,66634,0,2810,1652,30855,35779
2019-05-06,53.69%,+3.07%,19.17%,48%,0.34197483797179,3520,0.89369638194703,76155,0,2623,897,40215,35940
2019-05-03,50.63%,-2.60%,14.74%,28%,0.23203420490051,7492,1.2491433792736,88614,0,6081,1411,39399,49215
2019-05-02,53.22%,+1.09%,18.49%,46%,1.1068580542265,3963,1.2479720211784,92558,0,1881,2082,41174,51384
2019-05-01,52.13%,+0.86%,16.92%,40%,0.90703342618384,5477,1.2678683245371,101410,0,2872,2605,44716,56694
2019-04-30,51.27%,-0.97%,15.67%,34%,1.4365325077399,2361,1.365082026774,84625,0,969,1392,35781,48844
2019-04-29,52.24%,+6.08%,17.07%,40%,0.66289705637785,9999,1.964236782013,84377,0,6013,3986,28465,55912
2019-04-26,46.16%,-1.32%,8.30%,15%,0.4,8274,1.4428632813487,96647,0,5910,2364,39563,57084
2019-04-25,47.48%,-2.98%,10.21%,16%,1.3309929789368,2324,1.4300474048863,79968,0,997,1327,32908,47060
2019-04-24,50.46%,+1.68%,14.51%,27%,1.0794100964265,3666,1.0451853222896,88397,0,1763,1903,43222,45175
2019-04-23,48.78%,-0.39%,12.08%,21%,1.0133484805453,7089,1.3018712103101,105916,0,3521,3568,46013,59903
2019-04-22,49.17%,+5.67%,12.65%,22%,1.0705221174764,22842,1.4140944458724,103316,0,11032,11810,42797,60519
2019-04-18,43.50%,+1.04%,4.46%,11%,1.3428270042194,8884,2.8162864104552,137829,0,3792,5092,36116,101713
2019-04-17,42.46%,-0.03%,2.96%,4%,2.0548148148148,8248,2.5530787183458,162898,0,2700,5548,45847,117051
2019-04-16,42.49%,-0.13%,3.01%,4%,0.93766461808604,6621,2.2870788285924,93948,0,3417,3204,28581,65367
2019-04-15,42.62%,+2.22%,3.20%,4%,1.0956882968056,14630,1.4128576672318,138042,0,6981,7649,57211,80831
2019-04-12,40.40%,-0.50%,0.00%,0%,3.6245090337785,11774,1.7565902316364,165536,0,2546,9228,60051,105485
2019-04-11,40.90%,-0.17%,0.00%,0%,0.93345323741007,3225,1.6369088739559,83975,0,1668,1557,31846,52129
2019-04-10,41.08%,-2.24%,0.00%,0%,1.999043062201,9402,1.4845217167603,115893,0,3135,6267,46646,69247
2019-04-09,43.32%,-0.62%,0.90%,1%,1.0557704050478,10100,2.5084180605663,128366,0,4913,5187,36588,91778
2019-04-08,43.94%,+1.23%,1.84%,1%,2.0629161118509,9201,1.6810448038042,158994,0,3004,6197,59303,99691
2019-04-05,42.71%,-3.88%,0.00%,0%,2.1352711011738,22436,1.7062517640418,191765,0,7156,15280,70860,120905
2019-04-04,46.59%,+0.84%,1.32%,3%,1.1154365712882,17226,1.5571072383635,197938,0,8143,9083,77407,120531
2019-04-03,45.75%,-25.31%,0.00%,0%,1.7142530487805,71222,1.6960096581522,212149,0,26240,44982,78690,133459
2019-04-02,71.06%,-38.69%,39.27%,95%,1.2256985042132,55204,1.8871534062115,159521,0,24803,30401,55252,104269
2019-04-01,109.74%,+50.74%,100.00%,98%,1.4935416666667,23938,2.2367822564925,149439,0,9600,14338,46169,103270
2019-03-29,59.00%,+4.74%,40.66%,75%,1.1321073768759,10087,2.4125321095622,118234,0,4731,5356,34647,83587
2019-03-28,54.26%,-4.74%,25.79%,33%,0.98348745046235,6006,1.8731677875496,133292,0,3028,2978,46392,86900
2019-03-27,59.01%,+2.10%,40.68%,76%,1.3263243024666,5753,1.8118825754922,80268,0,2473,3280,28546,51722
2019-03-26,56.90%,-0.71%,34.08%,57%,1.3503283120896,18255,1.9212540664668,91593,0,7767,10488,31354,60239
2019-03-25,57.62%,+0.66%,36.31%,67%,0.98075354754526,12144,2.1399081938374,114233,0,6131,6013,36381,77852
2019-03-22,56.96%,+0.33%,34.25%,59%,1.0622204148028,5071,2.2309209479879,101564,0,2459,2612,31435,70129
2019-03-21,56.63%,-1.62%,33.23%,56%,0.63066001534919,8499,0.91666070193019,80333,0,5212,3287,41913,38420
2019-03-20,58.25%,+2.75%,38.32%,70%,3.0390173410405,8385,2.6939984353463,99158,0,2076,6309,26843,72315
2019-03-19,55.51%,-0.91%,29.69%,45%,1.0232945091514,2432,2.4685848028732,85955,0,1202,1230,24781,61174
2019-03-18,56.42%,-1.23%,32.55%,52%,1.4685658153242,5026,2.746363249681,88077,0,2036,2990,23510,64567
2019-03-15,57.64%,-0.55%,36.40%,67%,1.4062371768568,5864,1.8175572129138,110313,0,2437,3427,39152,71161
2019-03-14,58.20%,-0.89%,38.14%,68%,2.2007026789635,7288,0.78024205748865,58837,0,2277,5011,33050,25787
2019-03-13,59.08%,-2.55%,40.91%,73%,0.17555608706051,9830,1.8239616529274,107223,0,8362,1468,37969,69254
2019-03-12,61.63%,+4.07%,48.92%,79%,0.3829191459573,3951,0.43268551236749,56763,0,2857,1094,39620,17143
2019-03-11,57.57%,-8.51%,36.16%,70%,0.92872191011236,5493,1.8074991829337,94492,0,2848,2645,33657,60835
2019-03-08,66.08%,+7.37%,62.86%,89%,1.3413853317811,8045,1.8983066114214,128708,0,3436,4609,44408,84300
2019-03-07,58.71%,-4.94%,39.74%,76%,1.0638766519824,1874,0.94080250990753,70521,0,908,966,36336,34185
2019-03-06,63.65%,+6.57%,55.24%,86%,1.3524254821742,4025,2.5626156254447,100138,0,1711,2314,28108,72030
2019-03-05,57.07%,-2.90%,34.61%,72%,1.7260053619303,15252,1.9045237788375,112681,0,5595,9657,38795,73886
2019-03-04,59.97%,-17.94%,43.70%,79%,1.4219317356572,3335,1.6610795017684,103830,0,1377,1958,39018,64812
2019-03-01,77.91%,+21.28%,100.00%,98%,0.41486486486486,3141,1.0563434942139,116570,0,2220,921,56688,59882
2019-02-28,56.62%,+0.01%,47.78%,70%,3.1771653543307,3183,1.6847946080995,92416,0,762,2421,34422,57994
2019-02-27,56.62%,+1.71%,47.76%,69%,0.80014025245442,5134,1.5831615925059,110301,0,2852,2282,42700,67601
2019-02-26,54.91%,-7.12%,40.04%,58%,0.46345975948196,4746,0.68712879966688,76982,0,3243,1503,45629,31353
2019-02-25,62.03%,+9.07%,72.22%,84%,1.6693372177713,7330,1.8179744073009,113632,0,2746,4584,40324,73308
2019-02-22,52.96%,+1.83%,31.24%,47%,0.62280878500907,8054,1.1900016670062,118236,0,4963,3091,53989,64247
2019-02-21,51.13%,-1.38%,22.97%,29%,1.2240194096239,5500,1.7285772962982,106289,0,2473,3027,38954,67335
2019-02-20,52.51%,+1.07%,29.20%,41%,0.64429282684861,8917,1.609903917221,88280,0,5423,3494,33825,54455
2019-02-19,51.44%,+2.87%,24.37%,30%,0.95487264673311,7061,0.82790811939565,89286,0,3612,3449,48846,40440
2019-02-15,48.57%,-1.42%,11.40%,6%,0.85326728001887,7856,1.1383627539406,99575,0,4239,3617,46566,53009
2019-02-14,49.99%,+1.38%,17.83%,16%,0.7067352666043,3649,1.3323850516321,126259,0,2138,1511,54133,72126
2019-02-13,48.61%,+0.89%,11.60%,7%,1.4272241433511,7721,1.312604427736,132873,0,3181,4540,57456,75417
2019-02-12,47.73%,-3.04%,7.59%,3%,0.57035837214011,7756,1.4535157832701,133221,0,4939,2817,54298,78923
2019-02-11,50.77%,-1.27%,21.34%,14%,0.60390977443609,5333,1.9043979883641,117814,0,3325,2008,40564,77250
2019-02-08,52.04%,-4.67%,27.06%,26%,1.0054824561404,3658,0.78396113464726,77481,0,1824,1834,43432,34049
2019-02-07,56.70%,+3.61%,48.14%,62%,1.2204620462046,3364,0.66985361741263,87153,0,1515,1849,52192,34961
2019-02-06,53.09%,+1.60%,31.82%,32%,1.5555827021744,10460,1.5639326279224,112190,0,4093,6367,43757,68433
2019-02-05,51.49%,-2.23%,24.60%,21%,1.3340833728091,19709,1.3364561073596,136671,0,8444,11265,58495,78176
2019-02-04,53.72%,-1.32%,34.68%,30%,0.85931558935361,12225,1.2442406336662,123817,0,6575,5650,55171,68646
2019-02-01,55.05%,-0.72%,40.65%,41%,1.1562276306371,12049,1.8700731497418,133401,0,5588,6461,46480,86921
2019-01-31,55.76%,-0.43%,43.89%,43%,1.7748255501879,10339,1.289965243196,112664,0,3726,6613,49199,63465
2019-01-30,56.19%,-4.82%,45.84%,45%,1.2403269754768,8222,1.402078725432,133582,0,3670,4552,55611,77971
2019-01-29,61.02%,+10.19%,67.62%,68%,2.0515786608601,44846,1.2046603726884,124700,0,14696,30150,56562,68138
2019-01-28,50.82%,+4.78%,21.58%,22%,1.896273917422,11504,1.2638056531423,98591,0,3972,7532,43551,55040
2019-01-25,46.04%,-4.61%,0.00%,0%,0.49011156186613,5877,0.95652464569035,87801,0,3944,1933,44876,42925
2019-01-24,50.65%,+0.68%,9.32%,13%,0.19071428571429,3334,1.1373264132417,91422,0,2800,534,42774,48648
2019-01-23,49.97%,-1.75%,5.79%,7%,0.72867363786461,3141,1.0735279182662,102086,0,1817,1324,49233,52853
2019-01-22,51.72%,+2.87%,14.85%,7%,0.46836587129429,8123,1.2624318611636,101685,0,5532,2591,44945,56740
2019-01-18,48.85%,-5.58%,0.00%,0%,1.450445950767,34343,0.67874636461044,175476,0,14015,20328,104528,70948
2019-01-17,54.43%,+1.83%,11.73%,8%,0.38918083462133,8988,1.0233609105256,169242,0,6470,2518,83644,85598
2019-01-16,52.60%,-1.95%,0.00%,0%,1.0522222222222,5541,0.97116661723555,152862,0,2700,2841,77549,75313
2019-01-15,54.56%,-1.71%,0.00%,0%,0.785151856018,4761,0.98895270052268,154114,0,2667,2094,77485,76629
2019-01-14,56.27%,-0.80%,0.00%,0%,0.67680122636689,6563,0.9849172000933,153184,0,3914,2649,77174,76010
2019-01-11,57.07%,-1.39%,0.00%,0%,0.28487131198996,10234,0.9515241020794,165177,0,7965,2269,84640,80537
2019-01-10,58.45%,-8.57%,8.95%,14%,0.82089985486212,6273,1.0670661631916,151086,0,3445,2828,73092,77994
2019-01-09,67.02%,+3.38%,89.14%,50%,4.2360303978543,23426,0.76507819973748,158677,0,4474,18952,89898,68779
2019-01-08,63.65%,-4.54%,57.54%,40%,0.21189816418427,13995,0.91193837658496,164811,0,11548,2447,86201,78610
2019-01-07,68.18%,+0.85%,100.00%,75%,0.51900149031297,8154,0.88136365708035,165116,0,5368,2786,87764,77352
2019-01-04,67.33%,+9.84%,100.00%,67%,0.41801202912314,26877,0.91076064897223,168531,0,18954,7923,88201,80330
2019-01-03,57.50%,-4.69%,0.00%,0%,0.56982942430704,2945,1.0463595693427,124875,0,1876,1069,61023,63852
2019-01-02,62.18%,+62.18%,0.00%,0%,0.16275120294367,4108,1.0890267220072,134385,0,3533,575,64329,70056
2018-12-31,57.20%,-9.52%,29.19%,66%,0.17156585641605,4145,1.0563949460627,124671,0,3538,607,60626,64045
2018-12-28,66.71%,+3.03%,38.74%,83%,0.52262693156733,2759,0.97342567732487,129362,0,1812,947,65552,63810
2018-12-27,63.68%,-7.45%,35.70%,79%,0.33712336554861,2352,0.8834304525001,141892,0,1759,593,75337,66555
2018-12-26,71.13%,-0.23%,43.18%,90%,0.44940867279895,3309,1.3361143612962,137763,0,2283,1026,58971,78792
2018-12-24,71.36%,+1.43%,43.41%,91%,0.59412176347096,2278,1.3426046386434,104438,0,1429,849,44582,59856
2018-12-21,69.93%,+0.64%,41.97%,89%,2.2790603483192,8096,1.2407381241699,158586,0,2469,5627,70774,87812
2018-12-20,69.29%,+4.44%,41.33%,88%,1.4100509832484,3309,1.1606799411698,152786,0,1373,1936,70712,82074
2018-12-19,64.86%,+2.15%,36.88%,82%,0.5003170577045,2366,1.6113751980652,93939,0,1577,789,35973,57966
2018-12-18,62.70%,unch,34.71%,79%,1.2621664050235,1441,1.6018287773646,135727,0,637,804,52166,83561
2018-12-17,62.70%,-0.26%,34.71%,79%,0.75434138077086,4142,1.5705479809852,147624,0,2361,1781,57429,90195
2018-12-14,62.96%,+4.67%,34.98%,79%,1.3074558032283,3002,1.1954608837813,136977,0,1301,1701,62391,74586
2018-12-13,58.29%,+0.98%,30.28%,71%,4.0095102234903,10535,0.95722330652279,157441,0,2103,8432,80441,77000
2018-12-12,57.31%,-5.20%,29.30%,69%,0.85953177257525,2780,1.1609021035599,106835,0,1495,1285,49440,57395
2018-12-11,62.51%,+0.74%,34.52%,79%,0.68641532016756,2818,0.90769185757336,130406,0,1671,1147,68358,62048
2018-12-10,61.77%,+1.73%,33.78%,78%,0.63350501490919,6026,1.6389291601295,132878,0,3689,2337,50353,82525
2018-12-07,60.04%,+3.32%,32.04%,75%,0.093775460322633,26850,0.82865086503978,156538,0,24548,2302,85603,70935
2018-12-06,56.72%,-8.44%,28.71%,70%,1.0574955908289,5833,1.1332490366089,141716,0,2835,2998,66432,75284
2018-12-04,65.16%,+20.25%,37.18%,82%,0.96531165311653,3626,1.3705298454855,124422,0,1845,1781,52487,71935
2018-12-03,44.91%,-13.22%,16.85%,25%,0.83229166666667,3518,0.82970943669583,159128,0,1920,1598,86969,72159
2018-11-30,58.13%,-15.76%,30.12%,72%,0.81528662420382,13395,0.93535449663517,170826,0,7379,6016,88266,82560
2018-11-29,73.89%,+1.87%,45.94%,93%,0.89816091954023,8257,0.8380594859948,159130,0,4350,3907,86575,72555
2018-11-28,72.02%,+8.63%,44.07%,92%,0.76082387557797,4189,0.92821464416591,165221,0,2379,1810,85686,79535
2018-11-27,63.39%,+0.30%,35.40%,80%,4.2855428914217,26433,0.71011551486118,144934,0,5001,21432,84751,60183
2018-11-26,63.09%,-1.62%,35.11%,80%,0.49480968858131,6048,0.96180805415634,147218,0,4046,2002,75042,72176
2018-11-23,64.71%,-11.64%,36.73%,82%,6.7305458768873,6656,1.0837221528554,95124,0,861,5795,45651,49473
2018-11-21,76.35%,+6.23%,48.42%,93%,0.65267773253993,10554,0.90158837827144,134564,0,6386,4168,70764,63800
2018-11-20,70.12%,-1.61%,42.16%,90%,0.84193373166757,3391,0.82979075029875,143935,0,1841,1550,78662,65273
2018-11-19,71.73%,-1.75%,43.78%,92%,0.65659881812213,2523,1.2390537323584,105343,0,1523,1000,47048,58295
2018-11-16,73.48%,+3.34%,45.54%,93%,4.7485560261841,14929,1.1934240890903,207204,0,2597,12332,94466,112738
2018-11-15,70.14%,+3.05%,42.18%,91%,4.8657718120805,6118,1.3079706636975,190703,0,1043,5075,82628,108075
2018-11-14,67.09%,+3.10%,39.12%,87%,4.2530345471522,11252,1.2902387229057,187653,0,2142,9110,81936,105717
2018-11-13,63.99%,-9.08%,36.00%,84%,0.40813464235624,3012,1.2467970017773,145379,0,2139,873,64705,80674
2018-11-12,73.07%,+5.39%,45.12%,93%,2.4341791368467,15835,1.0588544780581,172182,0,4611,11224,83630,88552
2018-11-09,67.68%,+1.08%,39.71%,89%,0.83161290322581,2839,0.56556783191451,121009,0,1550,1289,77294,43715
2018-11-08,66.60%,+2.68%,38.63%,87%,4.0890052356021,972,1.9618490109003,102711,0,191,781,34678,68033
2018-11-07,63.92%,-1.90%,35.94%,85%,1.0322180916976,3280,0.85260115606936,151917,0,1614,1666,82002,69915
2018-11-06,65.82%,-4.26%,37.85%,86%,1.1282051282051,1826,1.8990952573042,150924,0,858,968,52059,98865
2018-11-05,70.08%,+3.33%,42.13%,92%,6.7574626865672,6237,1.027941948292,177741,0,804,5433,87646,90095
2018-11-02,66.75%,-34.71%,38.78%,88%,0.41563162677976,4673,0.94318001135718,171097,0,3301,1372,88050,83047
2018-11-01,101.46%,+33.39%,73.63%,98%,1.7584745762712,3255,0.78862332591122,163067,0,1180,2075,91169,71898
2018-10-31,68.06%,-50.79%,40.10%,90%,0.95868400918133,2560,1.4183332590976,108588,0,1307,1253,44902,63686
2018-10-30,118.85%,+26.30%,91.09%,99%,1.7492537313433,3684,1.5771785268414,154824,0,1340,2344,60075,94749
2018-10-29,92.55%,-35.17%,64.68%,97%,0.25898030127462,6519,1.1250748134651,159778,0,5178,1341,75187,84591
2018-10-26,127.72%,+31.48%,100.00%,100%,1.3269456394212,5950,0.93472186152807,186246,0,2557,3393,96265,89981
2018-10-25,96.24%,-8.56%,84.88%,98%,1.9311639549437,4684,1.3855209908842,175071,0,1598,3086,73389,101682
2018-10-24,104.81%,+33.60%,95.55%,99%,0.54899497487437,2466,0.88115045357636,179996,0,1592,874,95684,84312
2018-10-23,71.21%,-6.73%,53.68%,95%,0.3369020501139,5869,0.98690785754664,175742,0,4390,1479,88450,87292
2018-10-22,77.94%,+8.81%,62.07%,96%,0.20757787075779,5195,1.0374013483353,177095,0,4302,893,86922,90173
2018-10-19,69.13%,+8.36%,51.09%,94%,4.0203098827471,23977,1.895065729769,223308,0,4776,19201,77134,146174
2018-10-18,60.77%,+9.85%,40.67%,87%,8.1199207135778,18404,0.97581797118402,175668,0,2018,16386,88909,86759
2018-10-17,50.92%,-9.89%,28.40%,64%,0.92223572296476,3164,1.535998867191,197004,0,1646,1518,77683,119321
2018-10-16,60.81%,+9.27%,40.72%,87%,0.77220956719818,3112,1.2695050428755,204319,0,1756,1356,90028,114291
2018-10-15,51.53%,-3.75%,29.17%,67%,0.61530765382691,3229,1.2703282727923,228504,0,1999,1230,100648,127856
2018-10-12,55.28%,-0.45%,33.84%,76%,16.525875190259,23029,1.4629014122793,199330,0,1314,21715,80933,118397
2018-10-11,55.73%,+0.21%,34.40%,78%,0.68515950069348,1215,0.64375336490642,180134,0,721,494,109587,70547
2018-10-10,55.52%,+3.55%,34.14%,77%,0.8361858190709,2253,0.64553212704185,168333,0,1227,1026,102297,66036
2018-10-09,51.97%,+0.47%,29.71%,68%,1.563985837127,5069,1.1490566413247,215963,0,1977,3092,100492,115471
2018-10-08,51.50%,+0.41%,29.13%,68%,0,0,0,0,0,0,0,0,0
2018-10-05,51.09%,+4.39%,28.61%,66%,0,0,0,0,0,0,0,0,0
2018-10-04,46.70%,+3.48%,23.15%,42%,0,0,0,0,0,0,0,0,0
2018-10-03,43.22%,-4.96%,18.80%,25%,0,0,0,0,0,0,0,0,0
"Downloaded from Barchart.com as of 03-16-2026 09:20am CDT"
