Symbol,Price~,"Exp Date",DTE,Type,Strike,Bid,Latest,Ask,Volume,"Open Int",Vol/OI,Delta,"Date On List"
GME,23.53,2026-04-24,41,Call,24,1.44,1.52,1.57,581,136,4.27,0.488022,2026-03-13
GME,23.53,2026-03-27,13,Put,24,1.16,1.27,1.32,939,570,1.65,-0.555128,2026-03-13
GME,23.53,2026-03-27,13,Call,23.5,0.92,1.01,1.11,1816,832,2.18,0.522436,2026-03-13
GME,23.53,2026-03-20,6,Call,24.5,0.22,0.23,0.25,8674,2232,3.89,0.266085,2026-03-13
GME,23.53,2026-03-20,6,Put,24,0.76,0.8,0.81,4215,2659,1.59,-0.631091,2026-03-13
GME,23.53,2026-03-20,6,Put,23.5,0.47,0.52,0.53,2651,1005,2.64,-0.482267,2026-03-13
GME,23.53,2026-03-20,6,Call,23.5,0.54,0.57,0.58,6248,1636,3.82,0.517706,2026-03-13
GME,24.43,2026-03-27,14,Call,28,0.25,0.28,0.27,4502,1419,3.17,0.162788,2026-03-12
GME,24.46,2026-03-27,16,Call,23,1.73,1.76,2.08,868,687,1.26,0.762839,2026-03-11
GME,24.46,2026-03-20,9,Call,24.5,0.58,0.61,0.66,3026,1135,2.67,0.499508,2026-03-11
GME,24.46,2026-03-20,9,Call,23.5,1.03,1.07,1.34,1032,827,1.25,0.81037,2026-03-11
GME,24.37,2026-03-20,9,Call,27.5,0.05,0.11,0.17,874,170,5.14,0.104981,2026-03-10
GME,24.37,2026-03-20,9,Call,24.5,0.69,0.8,0.79,1078,804,1.34,0.488155,2026-03-10
GME,24.37,2026-03-13,2,Put,26,1.64,1.68,1.7,999,157,6.36,-0.910083,2026-03-10
GME,24.37,2026-03-13,2,Put,24.5,0.43,0.48,0.49,1754,1104,1.59,-0.543053,2026-03-10
GME,24.8,2026-04-10,32,Call,30,0.39,0.43,0.45,1335,321,4.16,0.181348,2026-03-09
GME,24.8,2026-03-27,18,Put,21,0.19,0.2,0.25,855,261,3.28,-0.109702,2026-03-09
GME,24.8,2026-03-20,11,Call,24.5,0.97,1.06,1.02,783,466,1.68,0.569962,2026-03-09
GME,24.8,2026-03-20,11,Put,21.5,0.09,0.11,0.17,1008,433,2.33,-0.085432,2026-03-09
GME,24.8,2026-03-13,4,Call,26.5,0.09,0.1,0.11,2099,1423,1.48,0.137414,2026-03-09
GME,24.8,2026-03-13,4,Call,26,0.14,0.14,0.15,12963,7941,1.63,0.194912,2026-03-09
GME,24.8,2026-03-13,4,Call,25.5,0.22,0.23,0.25,5968,2374,2.51,0.297798,2026-03-09
GME,24.8,2026-03-13,4,Put,24.5,0.32,0.32,0.35,1624,403,4.03,-0.388601,2026-03-09
GME,24.37,2026-04-17,41,Put,20,0.3,0.32,0.32,10493,5430,1.93,-0.128211,2026-03-06
GME,24.37,2026-04-10,34,Call,35,0.22,0.25,0.29,3849,397,9.7,0.095189,2026-03-06
GME,24.37,2026-03-13,6,Call,26.5,0.15,0.17,0.19,1283,493,2.6,0.164788,2026-03-06
GME,24.37,2026-03-13,6,Call,25.5,0.23,0.27,0.31,2269,975,2.33,0.268333,2026-03-06
GME,24.37,2026-03-13,6,Put,25,0.84,0.98,1.07,2087,298,7,-0.650652,2026-03-06
GME,24.37,2026-03-13,6,Call,25,0.35,0.38,0.39,11694,5896,1.98,0.359658,2026-03-06
GME,24.37,2026-03-13,6,Call,24.5,0.52,0.54,0.54,8944,4015,2.23,0.475895,2026-03-06
GME,24.37,2026-03-13,6,Put,24,0.38,0.39,0.4,3657,610,6,-0.385856,2026-03-06
GME,24.37,2026-03-13,6,Call,24,0.76,0.79,0.79,11945,4575,2.61,0.607916,2026-03-06
GME,24.37,2026-03-13,6,Put,23.5,0.18,0.22,0.23,3035,1175,2.58,-0.255198,2026-03-06
GME,24.37,2026-03-13,6,Call,23.5,1.02,1.11,1.14,5563,2008,2.77,0.733246,2026-03-06
GME,24.37,2026-03-13,6,Call,23,1.42,1.51,1.65,3879,1747,2.22,0.82668,2026-03-06
GME,24.37,2026-03-13,6,Call,22,2.28,2.5,2.49,1135,276,4.11,0.964936,2026-03-06
GME,23.88,2027-12-17,652,Call,27,6,6.39,7.3,3235,1408,2.3,0.563027,2026-03-05
GME,23.88,2026-03-13,8,Call,23.5,0.76,0.78,0.83,2173,1089,2,0.612099,2026-03-05
GME,23.87,2027-12-17,653,Call,27,6,6.29,7.3,1170,372,3.15,0.559967,2026-03-04
GME,23.82,2026-03-20,17,Call,23.5,1.1,1.19,1.25,734,361,2.03,0.566183,2026-03-03
GME,24.2,2026-03-06,4,Call,25.5,0.1,0.11,0.12,7213,2701,2.67,0.16601,2026-03-02
GME,24.2,2026-03-06,4,Put,25,0.94,1,1.01,1120,453,2.47,-0.732838,2026-03-02
GME,24.2,2026-03-06,4,Put,23.5,0.19,0.2,0.22,3034,1475,2.06,-0.268531,2026-03-02
GME,24.03,2026-03-13,13,Call,24.5,0.55,0.57,0.59,1801,867,2.08,0.41803,2026-02-27
GME,24.03,2026-03-13,13,Put,22,0.1,0.12,0.16,1507,327,4.61,-0.124061,2026-02-27
GME,24.03,2026-03-13,13,Call,21.5,2.41,2.55,2.82,817,281,2.91,0.956212,2026-02-27
GME,24.03,2026-03-06,6,Call,24,0.5,0.54,0.54,18974,6219,3.05,0.517262,2026-02-27
GME,24.03,2026-03-06,6,Call,23.5,0.76,0.82,0.88,8562,1882,4.55,0.66594,2026-02-27
GME,24.03,2026-03-06,6,Call,22.5,1.6,1.6,1.68,1718,801,2.14,0.885085,2026-02-27
GME,24.03,2026-03-06,6,Call,21,3,3.1,3.6,1792,215,8.33,0.927407,2026-02-27
GME,24.1,2026-03-06,8,Put,23.5,0.27,0.3,0.31,1316,576,2.28,-0.322679,2026-02-26
GME,24.22,2026-03-27,30,Put,20,0.2,0.25,0.32,2061,243,8.48,-0.11508,2026-02-25
GME,24.22,2026-03-20,23,Call,34,0.07,0.13,0.15,1242,128,9.7,0.063696,2026-02-25
GME,23.77,2027-01-15,325,Put,8,0.1,0.23,0.38,500,170,2.94,-0.027774,2026-02-24
GME,23.77,2026-07-17,143,Put,13,0.16,0.22,0.29,1000,254,3.94,-0.046745,2026-02-24
GME,23.77,2026-03-27,31,Call,32,0,0.32,0.39,856,132,6.48,0.125864,2026-02-24
GME,23.77,2026-03-06,10,Put,24,0.75,0.8,0.83,2724,256,10.64,-0.543509,2026-02-24
GME,23.77,2026-03-06,10,Put,23.5,0.52,0.52,0.58,618,476,1.3,-0.423144,2026-02-24
GME,23.77,2026-02-27,3,Put,23.5,0.26,0.27,0.3,4963,1474,3.37,-0.384607,2026-02-24
GME,23.64,2026-03-27,32,Put,23,0.58,1.25,1.46,780,311,2.51,-0.404664,2026-02-23
GME,23.64,2026-03-13,18,Call,30,0.13,0.13,0.17,2079,1263,1.65,0.080023,2026-02-23
GME,23.64,2026-03-06,11,Call,23.5,0.79,0.8,0.9,3700,880,4.2,0.541914,2026-02-23
GME,23.64,2026-03-06,11,Put,22,0.17,0.19,0.27,1253,531,2.36,-0.177612,2026-02-23
GME,23.64,2026-02-27,4,Put,25,1.43,1.5,1.53,901,517,1.74,-0.819245,2026-02-23
GME,23.64,2026-02-27,4,Put,22.5,0.11,0.11,0.12,3381,1986,1.7,-0.165071,2026-02-23
GME,23.43,2026-03-06,13,Put,22.5,0.3,0.32,0.34,1412,930,1.52,-0.283824,2026-02-20
GME,23.43,2026-02-27,6,Call,25.5,0.09,0.1,0.11,2928,1672,1.75,0.124117,2026-02-20
GME,23.43,2026-02-27,6,Call,24.5,0.17,0.18,0.19,9182,4562,2.01,0.230728,2026-02-20
GME,23.43,2026-02-27,6,Call,23.5,0.41,0.41,0.44,18195,2397,7.59,0.481397,2026-02-20
GME,23.43,2026-02-27,6,Call,22,1.46,1.54,1.63,1930,883,2.19,0.849319,2026-02-20
GME,23.43,2026-02-27,6,Call,21,2.45,2.54,2.76,1777,575,3.09,0.8909,2026-02-20
GME,23.9,2026-03-06,15,Call,29,0.07,0.14,0.19,7063,529,13.35,0.094261,2026-02-19
GME,23.9,2026-03-06,15,Call,28,0.15,0.17,0.21,4807,1150,4.18,0.119099,2026-02-19
GME,23.87,2026-07-17,149,Call,33,1.31,1.33,1.59,806,361,2.23,0.268025,2026-02-18
GME,23.87,2026-07-17,149,Put,20,1.24,1.54,1.8,800,560,1.43,-0.251531,2026-02-18
GME,23.87,2026-07-17,149,Put,13,0.03,0.27,0.6,800,392,2.04,-0.052466,2026-02-18
GME,23.87,2026-02-27,9,Call,24.5,0.42,0.47,0.47,3647,1331,2.74,0.380198,2026-02-18
GME,23.87,2026-02-27,9,Put,23.5,0.41,0.49,0.51,776,287,2.7,-0.40007,2026-02-18
GME,23.87,2026-02-27,9,Call,23.5,0.88,0.91,0.97,1941,970,2,0.593168,2026-02-18
GME,23.87,2026-02-20,2,Put,23.5,0.18,0.19,0.2,5171,3276,1.58,-0.328002,2026-02-18
GME,23.26,2026-10-16,241,Call,40,1.19,1.41,1.88,1509,1114,1.35,0.233772,2026-02-17
GME,23.26,2026-03-13,24,Call,22.5,0.99,1.58,2.37,509,123,4.14,0.620303,2026-02-17
GME,23.26,2026-02-27,10,Put,24,0.91,1.03,1.16,782,585,1.34,-0.688467,2026-02-17
GME,23.26,2026-02-20,3,Put,23.5,0.5,0.53,0.55,6635,2191,3.03,-0.589109,2026-02-17
GME,23.57,2028-06-16,853,Call,42,3.15,4.15,4.5,808,319,2.53,0.39496,2026-02-16
GME,23.57,2026-02-27,13,Call,25.5,0.25,0.31,0.37,1390,991,1.4,0.232387,2026-02-16
GME,23.57,2028-06-16,853,Call,42,3.15,4.15,4.5,808,319,2.53,0.39496,2026-02-13
GME,24.21,2026-02-27,16,Call,24.5,0.63,0.79,0.89,513,279,1.84,0.465639,2026-02-11
GME,24.82,2026-02-20,10,Put,25,0.79,0.82,0.93,2713,1553,1.75,-0.528001,2026-02-10
GME,24.64,2026-03-06,25,Call,22.5,2.15,2.5,3.45,504,328,1.54,0.784426,2026-02-09
GME,24.98,2026-02-20,13,Call,34,0.14,0.16,0.17,823,138,5.96,0.076267,2026-02-06
GME,24.98,2026-02-13,6,Call,26.5,0.3,0.32,0.32,4838,1358,3.56,0.258105,2026-02-06
GME,24.98,2026-02-13,6,Call,25.5,0.52,0.54,0.56,4513,1976,2.28,0.407623,2026-02-06
GME,24.98,2026-02-13,6,Put,25,0.66,0.73,0.73,4434,2125,2.09,-0.491714,2026-02-06
GME,24.98,2026-02-13,6,Put,24.5,0.43,0.46,0.48,1399,208,6.73,-0.376241,2026-02-06
GME,24.98,2026-02-13,6,Call,21,3.85,4.05,4.25,2535,715,3.55,0.940586,2026-02-06
GME,24.69,2026-03-13,36,Call,34,0.34,0.5,0.57,935,151,6.19,0.155726,2026-02-05
GME,24.69,2026-02-13,8,Call,24.5,0.95,1,1.03,4918,1205,4.08,0.549325,2026-02-05
GME,24.69,2026-02-06,1,Put,25,0.52,0.55,0.58,9942,2005,4.96,-0.623028,2026-02-05
GME,24.98,2026-02-06,2,Put,25,0.47,0.5,0.54,3695,1706,2.17,-0.497592,2026-02-04
GME,24.52,2026-04-17,73,Call,42,0.51,0.62,0.71,3400,747,4.55,0.139705,2026-02-03
GME,24.52,2026-02-27,24,Put,21,0.09,0.36,0.4,2252,286,7.87,-0.156299,2026-02-03
GME,24.52,2026-02-20,17,Put,23.5,0.68,0.78,0.84,835,258,3.24,-0.347431,2026-02-03
GME,24.52,2026-02-13,10,Call,24.5,0.95,1,1.03,1612,791,2.04,0.520837,2026-02-03
GME,24.52,2026-02-13,10,Put,24,0.67,0.72,0.75,1678,432,3.88,-0.3966,2026-02-03
GME,24.52,2026-02-13,10,Call,24,1.21,1.21,1.28,8359,3375,2.48,0.603681,2026-02-03
GME,24.52,2026-02-13,10,Put,22.5,0.21,0.27,0.27,641,354,1.81,-0.187269,2026-02-03
GME,24.52,2026-02-06,3,Put,24,0.32,0.33,0.37,7769,4254,1.83,-0.34356,2026-02-03
GME,25.85,2028-12-15,1047,Call,35,6.65,7.25,7.5,861,150,5.74,0.531329,2026-02-02
GME,25.85,2027-12-17,683,Put,5,0.45,0.45,0.46,7456,2874,2.59,-0.023526,2026-02-02
GME,25.85,2026-04-17,74,Call,34,1.1,1.2,1.36,584,272,2.15,0.261228,2026-02-02
GME,25.85,2026-03-20,46,Call,37,0.64,0.68,0.72,2185,362,6.04,0.172567,2026-02-02
GME,25.85,2026-03-20,46,Call,31,1,1.15,1.09,910,192,4.74,0.282253,2026-02-02
GME,25.85,2026-03-06,32,Call,37,0.48,0.5,0.5,15242,335,45.5,0.143588,2026-02-02
GME,25.85,2026-03-06,32,Call,30,0.85,0.88,0.93,1722,859,2,0.279996,2026-02-02
GME,25.85,2026-02-27,25,Call,37,0.4,0.41,0.45,1262,510,2.47,0.126986,2026-02-02
GME,25.85,2026-02-27,25,Call,29,0.65,0.85,1.1,538,311,1.73,0.300772,2026-02-02
GME,25.85,2026-02-27,25,Call,27,1.2,1.25,1.34,1425,757,1.88,0.427466,2026-02-02
GME,25.85,2026-02-20,18,Call,28,0.81,0.83,0.85,5006,3026,1.65,0.332986,2026-02-02
GME,25.85,2026-02-20,18,Call,25.5,1.52,1.6,1.61,2395,891,2.69,0.563018,2026-02-02
GME,25.85,2026-02-13,11,Call,37,0.18,0.21,0.25,3706,1169,3.17,0.082114,2026-02-02
GME,25.85,2026-02-13,11,Call,32,0.32,0.35,0.39,1052,482,2.18,0.149853,2026-02-02
GME,25.85,2026-02-13,11,Call,28,0.61,0.64,0.64,2355,1350,1.74,0.302807,2026-02-02
GME,25.85,2026-02-13,11,Call,27.5,0.67,0.73,0.75,1584,531,2.98,0.342453,2026-02-02
GME,25.85,2026-02-13,11,Call,26.5,0.9,0.97,1,740,274,2.7,0.44123,2026-02-02
GME,25.85,2026-02-13,11,Call,26,1.09,1.11,1.13,7760,2529,3.07,0.500517,2026-02-02
GME,25.85,2026-02-13,11,Call,25.5,1.29,1.33,1.36,1458,375,3.89,0.567875,2026-02-02
GME,25.85,2026-02-13,11,Put,25,0.69,0.73,0.75,4003,195,20.53,-0.359889,2026-02-02
GME,25.85,2026-02-13,11,Call,24.5,1.73,1.89,1.9,1039,537,1.93,0.705221,2026-02-02
GME,25.85,2026-02-13,11,Put,23.5,0.24,0.26,0.26,932,100,9.32,-0.170127,2026-02-02
GME,25.85,2026-02-06,4,Call,33,0.13,0.13,0.15,2532,1361,1.86,0.074494,2026-02-02
GME,25.85,2026-02-06,4,Call,32,0.14,0.15,0.17,3682,770,4.78,0.088722,2026-02-02
GME,25.85,2026-02-06,4,Call,31,0.14,0.17,0.18,3318,933,3.56,0.105436,2026-02-02
GME,25.85,2026-02-06,4,Call,30,0.19,0.2,0.2,22439,12194,1.84,0.129914,2026-02-02
GME,25.85,2026-02-06,4,Call,29.5,0.21,0.22,0.24,1164,158,7.37,0.146261,2026-02-02
GME,25.85,2026-02-06,4,Call,29,0.24,0.25,0.26,6270,1656,3.79,0.168408,2026-02-02
GME,25.85,2026-02-06,4,Call,28.5,0.26,0.28,0.3,2215,126,17.58,0.193258,2026-02-02
GME,25.85,2026-02-06,4,Call,28,0.31,0.31,0.33,21307,2983,7.14,0.222025,2026-02-02
GME,25.85,2026-02-06,4,Call,27.5,0.36,0.37,0.38,2504,583,4.3,0.266007,2026-02-02
GME,25.85,2026-02-06,4,Call,27,0.43,0.44,0.44,17860,5351,3.34,0.31986,2026-02-02
GME,25.85,2026-02-06,4,Call,26.5,0.51,0.53,0.55,6742,3379,2,0.389158,2026-02-02
GME,25.85,2026-02-06,4,Call,26,0.66,0.7,0.7,31269,8299,3.77,0.482933,2026-02-02
GME,25.85,2026-02-06,4,Put,25.5,0.51,0.56,0.58,2170,320,6.78,-0.410349,2026-02-02
GME,25.85,2026-02-06,4,Put,25,0.33,0.36,0.36,8146,418,19.49,-0.303568,2026-02-02
GME,25.85,2026-02-06,4,Put,24.5,0.2,0.21,0.22,2815,213,13.22,-0.205741,2026-02-02
GME,25.85,2026-02-06,4,Put,24,0.12,0.14,0.14,4242,2555,1.66,-0.142736,2026-02-02
GME,23.88,2026-02-06,6,Call,25.5,0.29,0.3,0.31,7032,1121,6.27,0.245604,2026-01-30
GME,23.88,2026-02-06,6,Call,24.5,0.48,0.5,0.53,9182,2738,3.35,0.388039,2026-01-30
GME,23.88,2026-02-06,6,Put,24,0.72,0.77,0.77,4517,2065,2.19,-0.514162,2026-01-30
GME,23.88,2026-02-06,6,Call,24,0.66,0.66,0.7,21291,9730,2.19,0.486503,2026-01-30
GME,23.88,2026-02-06,6,Put,23.5,0.38,0.46,0.46,2497,453,5.51,-0.393834,2026-01-30
GME,23.88,2026-02-06,6,Call,23.5,0.87,0.89,0.98,6799,2846,2.39,0.59906,2026-01-30
GME,23.88,2026-02-06,6,Put,23,0.24,0.27,0.27,2572,1150,2.24,-0.273095,2026-01-30
GME,23.64,2026-02-20,23,Call,23.5,1.26,1.29,1.37,1907,1183,1.61,0.538763,2026-01-28
GME,23.64,2026-02-06,9,Call,37,0.09,0.11,0.11,1934,959,2.02,0.04863,2026-01-28
GME,23.64,2026-01-30,2,Put,23.5,0.31,0.32,0.36,5235,1625,3.22,-0.435416,2026-01-28
GME,24.21,2026-04-17,80,Call,36,0.63,0.8,0.97,1044,447,2.34,0.188093,2026-01-27
GME,24.21,2026-03-20,52,Call,24,2.1,2.22,2.22,8244,2690,3.06,0.552181,2026-01-27
GME,24.21,2026-03-06,38,Call,24,1.76,1.87,2.09,604,369,1.64,0.549173,2026-01-27
GME,24.21,2026-02-06,10,Call,33,0.15,0.17,0.2,722,553,1.31,0.08096,2026-01-27
GME,24.21,2026-02-06,10,Call,26.5,0.33,0.36,0.39,1493,991,1.51,0.232799,2026-01-27
GME,24.21,2026-02-06,10,Call,24.5,0.78,0.82,0.84,2669,1544,1.73,0.469214,2026-01-27
GME,24.21,2026-02-06,10,Put,24,0.75,0.79,0.82,2782,141,19.73,-0.446192,2026-01-27
GME,24.21,2026-02-06,10,Call,23.5,1.28,1.28,1.3,2725,1704,1.6,0.639726,2026-01-27
GME,24.21,2026-01-30,3,Put,24,0.42,0.44,0.48,3625,2253,1.61,-0.428189,2026-01-27
GME,24.21,2026-01-30,3,Call,24,0.64,0.67,0.68,35219,21548,1.63,0.569509,2026-01-27
GME,24.21,2026-01-30,3,Put,23.5,0.24,0.25,0.27,1869,1287,1.45,-0.287952,2026-01-27
GME,24.01,2028-12-15,1054,Call,30,7.15,7.18,7.35,6194,1491,4.15,0.554376,2026-01-26
GME,24.01,2028-01-21,725,Put,8,0,2.51,3.05,1187,869,1.37,-0.065999,2026-01-26
GME,24.01,2027-12-17,690,Put,8,0,2.49,3.05,1187,394,3.01,-0.066192,2026-01-26
GME,24.01,2027-01-15,354,Call,42,1.43,1.79,2.85,881,122,7.22,0.258469,2026-01-26
GME,24.01,2026-06-18,143,Call,26,2.7,3,3,782,469,1.67,0.48759,2026-01-26
GME,24.01,2026-03-20,53,Call,30,0.8,0.85,0.85,13811,3372,4.1,0.246079,2026-01-26
GME,24.01,2026-03-20,53,Call,28,1.01,1.05,1.09,2752,632,4.35,0.307478,2026-01-26
GME,24.01,2026-03-20,53,Call,26,1.39,1.37,1.5,2717,1610,1.69,0.405229,2026-01-26
GME,24.01,2026-03-20,53,Call,25,1.7,1.75,1.78,7186,4677,1.54,0.468212,2026-01-26
GME,24.01,2026-03-20,53,Call,24,2.08,2.14,2.34,3170,2150,1.47,0.537976,2026-01-26
GME,24.01,2026-03-20,53,Put,22,0.97,1.03,1.07,528,393,1.34,-0.299624,2026-01-26
GME,24.01,2026-03-20,53,Put,21,0.58,0.72,0.84,1669,313,5.33,-0.227416,2026-01-26
GME,24.01,2026-03-06,39,Call,25,1.3,1.51,1.71,762,244,3.12,0.455685,2026-01-26
GME,24.01,2026-02-27,32,Call,35,0.35,0.38,0.47,1891,1388,1.36,0.123525,2026-01-26
GME,24.01,2026-02-20,25,Call,31,0.43,0.43,0.44,9680,803,12.05,0.161229,2026-01-26
GME,24.01,2026-02-20,25,Call,30,0.45,0.47,0.49,19362,12284,1.58,0.180724,2026-01-26
GME,24.01,2026-02-20,25,Call,28,0.58,0.6,0.63,2401,1297,1.85,0.239904,2026-01-26
GME,24.01,2026-02-20,25,Call,26,0.85,0.9,0.94,4842,2127,2.28,0.350867,2026-01-26
GME,24.01,2026-02-20,25,Call,25.5,0.9,0.89,1.05,650,470,1.38,0.384303,2026-01-26
GME,24.01,2026-02-20,25,Call,25,1.1,1.14,1.18,23468,12249,1.92,0.430104,2026-01-26
GME,24.01,2026-02-20,25,Call,24.5,1.17,1.25,1.38,2117,295,7.18,0.473988,2026-01-26
GME,24.01,2026-02-20,25,Call,24,1.47,1.51,1.51,9154,4778,1.92,0.527801,2026-01-26
GME,24.01,2026-02-13,18,Call,31,0.29,0.37,0.41,549,105,5.23,0.147763,2026-01-26
GME,24.01,2026-02-13,18,Call,30,0.36,0.36,0.41,2683,1357,1.98,0.155486,2026-01-26
GME,24.01,2026-02-13,18,Call,27,0.57,0.59,0.65,1069,339,3.15,0.263936,2026-01-26
GME,24.01,2026-02-13,18,Call,26,0.71,0.77,0.8,2825,1220,2.32,0.332918,2026-01-26
GME,24.01,2026-02-13,18,Call,25,0.94,0.97,1,5378,2618,2.05,0.415171,2026-01-26
GME,24.01,2026-02-13,18,Call,24,1.28,1.3,1.4,3431,2089,1.64,0.524432,2026-01-26
GME,24.01,2026-02-13,18,Put,23,0.68,0.77,0.91,524,112,4.68,-0.347138,2026-01-26
GME,24.01,2026-02-13,18,Put,19,0.07,0.1,0.09,546,205,2.66,-0.050477,2026-01-26
GME,24.01,2026-02-06,11,Call,35,0.19,0.21,0.21,7231,4351,1.66,0.083901,2026-01-26
GME,24.01,2026-02-06,11,Call,32,0.22,0.23,0.25,729,219,3.33,0.103644,2026-01-26
GME,24.01,2026-02-06,11,Call,30,0.25,0.27,0.28,13518,3662,3.69,0.131255,2026-01-26
GME,24.01,2026-02-06,11,Call,29,0.29,0.31,0.32,568,444,1.28,0.154827,2026-01-26
GME,24.01,2026-02-06,11,Call,28,0.33,0.35,0.37,1364,933,1.46,0.182753,2026-01-26
GME,24.01,2026-02-06,11,Call,27,0.41,0.43,0.44,3160,1107,2.85,0.228377,2026-01-26
GME,24.01,2026-02-06,11,Call,26,0.52,0.56,0.65,4925,1232,4,0.295999,2026-01-26
GME,24.01,2026-02-06,11,Call,25.5,0.61,0.62,0.71,2136,302,7.07,0.334585,2026-01-26
GME,24.01,2026-02-06,11,Call,25,0.75,0.75,0.79,15531,7200,2.16,0.390242,2026-01-26
GME,24.01,2026-02-06,11,Call,24.5,0.86,0.91,0.93,3744,430,8.71,0.452976,2026-01-26
GME,24.01,2026-02-06,11,Call,24,1.06,1.1,1.15,8846,4503,1.96,0.521596,2026-01-26
GME,24.01,2026-02-06,11,Call,23.5,1.26,1.3,1.4,2568,1070,2.4,0.596269,2026-01-26
GME,24.01,2026-02-06,11,Put,23,0.53,0.58,0.6,1033,324,3.19,-0.326035,2026-01-26
GME,24.01,2026-02-06,11,Put,22.5,0.36,0.38,0.41,642,184,3.49,-0.247572,2026-01-26
GME,24.01,2026-02-06,11,Call,22.5,1.83,1.93,1.95,2162,1594,1.36,0.739502,2026-01-26
GME,24.01,2026-02-06,11,Call,21.5,2.34,2.57,2.95,929,585,1.59,0.920814,2026-01-26
GME,24.01,2026-01-30,4,Call,35,0.11,0.11,0.12,23465,17222,1.36,0.053555,2026-01-26
GME,24.01,2026-01-30,4,Call,33,0.11,0.13,0.14,2180,1344,1.62,0.066812,2026-01-26
GME,24.01,2026-01-30,4,Call,32,0.11,0.15,0.14,1512,1074,1.41,0.06915,2026-01-26
GME,24.01,2026-01-30,4,Call,31,0.13,0.15,0.16,1419,838,1.69,0.083838,2026-01-26
GME,24.01,2026-01-30,4,Call,30,0.17,0.18,0.18,55480,9609,5.77,0.102134,2026-01-26
GME,24.01,2026-01-30,4,Call,29,0.17,0.18,0.2,3066,724,4.23,0.111978,2026-01-26
GME,24.01,2026-01-30,4,Call,28,0.19,0.21,0.21,17698,2940,6.02,0.137307,2026-01-26
GME,24.01,2026-01-30,4,Call,27,0.24,0.24,0.25,16426,4340,3.78,0.169721,2026-01-26
GME,24.01,2026-01-30,4,Call,26,0.29,0.31,0.33,20771,4395,4.73,0.230127,2026-01-26
GME,24.01,2026-01-30,4,Call,25.5,0.35,0.4,0.39,10269,1513,6.79,0.276859,2026-01-26
GME,24.01,2026-01-30,4,Call,25,0.44,0.45,0.45,90027,30871,2.92,0.337361,2026-01-26
GME,24.01,2026-01-30,4,Call,24.5,0.55,0.57,0.6,21764,7911,2.75,0.417354,2026-01-26
GME,24.01,2026-01-30,4,Put,24,0.68,0.72,0.79,11940,1440,8.29,-0.483879,2026-01-26
GME,24.01,2026-01-30,4,Call,24,0.74,0.74,0.76,48223,17620,2.74,0.516099,2026-01-26
GME,24.01,2026-01-30,4,Put,23.5,0.43,0.45,0.49,3370,335,10.06,-0.368841,2026-01-26
GME,24.01,2026-01-30,4,Put,23,0.26,0.28,0.29,9634,2828,3.41,-0.261708,2026-01-26
GME,24.01,2026-01-30,4,Put,22.5,0.14,0.16,0.17,5132,3034,1.69,-0.170629,2026-01-26
GME,24.01,2026-01-30,4,Put,22,0.08,0.1,0.09,4038,2640,1.53,-0.102199,2026-01-26
GME,24.01,2026-01-30,4,Call,20,3.95,3.9,4.15,1755,1284,1.37,0.95922,2026-01-26
GME,22.99,2026-02-13,20,Call,22,1.46,1.52,1.62,986,574,1.72,0.673212,2026-01-23
GME,22.99,2026-02-06,13,Call,23,0.82,0.82,0.85,3651,2151,1.7,0.511943,2026-01-23
GME,22.99,2026-01-30,6,Call,25.5,0.14,0.15,0.15,1441,447,3.22,0.142391,2026-01-23
GME,22.99,2026-01-30,6,Put,22.5,0.25,0.3,0.31,3595,633,5.68,-0.341526,2026-01-23
GME,22.99,2026-01-30,6,Put,22,0.16,0.17,0.17,3727,2119,1.76,-0.217094,2026-01-23
GME,22.99,2026-01-30,6,Call,21.5,1.56,1.57,1.64,3812,2709,1.41,0.874651,2026-01-23
GME,22.99,2026-01-30,6,Call,20.5,2.31,2.55,2.69,3087,200,15.44,0.923678,2026-01-23
GME,22.99,2026-01-23,0,Call,22.5,0.39,0.48,0.51,21161,4909,4.31,0,2026-01-23
GME,23.14,2028-12-15,1058,Call,30,5.9,6.43,6.8,937,566,1.66,0.531183,2026-01-22
GME,23.14,2026-07-17,176,Call,18,6.05,6.32,6.95,1000,331,3.02,0.776801,2026-01-22
GME,23.14,2026-06-18,147,Call,29,1.49,1.73,1.88,807,260,3.1,0.341852,2026-01-22
GME,23.14,2026-03-20,57,Call,26,0.84,0.92,0.98,1642,148,11.09,0.320522,2026-01-22
GME,23.14,2026-03-20,57,Call,25,1.15,1.2,1.2,4773,2494,1.91,0.388996,2026-01-22
GME,23.14,2026-03-20,57,Call,23,1.87,1.99,1.99,2844,582,4.89,0.544309,2026-01-22
GME,23.14,2026-02-27,36,Call,35,0.15,0.2,0.2,842,456,1.85,0.078666,2026-01-22
GME,23.14,2026-02-27,36,Call,24,1.02,1.04,1.12,2812,665,4.23,0.42973,2026-01-22
GME,23.14,2026-02-27,36,Put,21.5,0.45,0.55,0.72,875,214,4.09,-0.272047,2026-01-22
GME,23.14,2026-02-13,22,Call,35,0.13,0.13,0.15,1670,944,1.77,0.058337,2026-01-22
GME,23.14,2026-02-13,22,Call,30,0.11,0.17,0.19,1321,707,1.87,0.092098,2026-01-22
GME,23.14,2026-02-13,22,Call,24,0.77,0.76,0.82,1342,832,1.61,0.405696,2026-01-22
GME,23.14,2026-02-06,15,Call,27,0.18,0.23,0.28,775,416,1.86,0.147176,2026-01-22
GME,23.14,2026-02-06,15,Call,23,0.95,1,1.03,4679,1754,2.67,0.539555,2026-01-22
GME,23.14,2026-01-30,8,Call,29,0.09,0.11,0.1,665,204,3.26,0.06803,2026-01-22
GME,23.14,2026-01-30,8,Call,27,0.12,0.13,0.14,4606,2270,2.03,0.104644,2026-01-22
GME,23.14,2026-01-30,8,Call,26,0.17,0.18,0.19,4100,2016,2.03,0.147963,2026-01-22
GME,23.14,2026-01-30,8,Call,25.5,0.14,0.13,0.26,684,170,4.02,0.171787,2026-01-22
GME,23.14,2026-01-30,8,Call,24.5,0.28,0.34,0.34,4805,258,18.62,0.276198,2026-01-22
GME,23.14,2026-01-30,8,Call,23.5,0.56,0.58,0.61,13475,673,20.02,0.437261,2026-01-22
GME,23.14,2026-01-30,8,Put,23,0.55,0.64,0.67,4913,393,12.5,-0.455618,2026-01-22
GME,23.14,2026-01-30,8,Put,22,0.23,0.27,0.27,2980,1468,2.03,-0.245627,2026-01-22
GME,23.14,2026-01-23,1,Call,24,0.13,0.13,0.14,23819,5584,4.27,0.218932,2026-01-22
GME,23.14,2026-01-23,1,Call,23.5,0.21,0.21,0.22,23639,1101,21.47,0.35251,2026-01-22
GME,23.14,2026-01-23,1,Put,23,0.24,0.26,0.28,3217,392,8.21,-0.425503,2026-01-22
GME,23.14,2026-01-23,1,Call,23,0.38,0.42,0.43,52468,18857,2.78,0.570751,2026-01-22
GME,21.69,2028-01-21,730,Put,8,0.67,0.86,0.97,653,295,2.21,-0.062408,2026-01-21
GME,21.69,2026-12-18,331,Call,30,2.01,2.19,2.26,774,509,1.52,0.34975,2026-01-21
GME,21.69,2026-03-20,58,Call,29,0.22,0.23,0.25,2652,688,3.85,0.108952,2026-01-21
GME,21.69,2026-03-20,58,Call,25,0.51,0.54,0.55,1961,1078,1.82,0.244545,2026-01-21
GME,21.69,2026-01-30,9,Put,21.5,0.37,0.44,0.44,849,407,2.09,-0.43468,2026-01-21
GME,21.69,2026-01-23,2,Call,22,0.14,0.15,0.15,27712,18360,1.51,0.332904,2026-01-21
GME,21.1,2027-12-17,696,Put,5,0.45,0.44,0.52,2026,858,2.36,-0.032132,2026-01-20
GME,21.1,2026-04-17,87,Call,46,0.11,0.2,0.43,684,191,3.58,0.05849,2026-01-20
GME,21.1,2026-02-27,38,Call,21,0.86,1,1.32,556,206,2.7,0.528271,2026-01-20
GME,21.1,2026-01-30,10,Call,21.5,0.36,0.42,0.45,2069,821,2.52,0.40527,2026-01-20
GME,21.1,2026-01-30,10,Put,20.5,0.24,0.26,0.3,1035,447,2.32,-0.309501,2026-01-20
GME,21.1,2026-01-23,3,Put,21,0.26,0.26,0.3,4843,3163,1.53,-0.443488,2026-01-20
GME,21.1,2026-01-23,3,Call,21,0.36,0.39,0.4,14417,9336,1.54,0.552326,2026-01-20
GME,21.1,2026-06-18,152,Call,35,0.52,0.59,0.71,2022,554,3.65,0.151309,2026-01-19
GME,21.1,2026-04-17,90,Call,37,0.07,0.31,0.34,696,296,2.35,0.095054,2026-01-19
GME,21.1,2026-04-17,90,Call,36,0.22,0.3,0.34,699,412,1.7,0.095383,2026-01-19
GME,21.1,2026-01-30,13,Call,23,0.13,0.14,0.14,13525,5822,2.32,0.157356,2026-01-19
GME,21.1,2026-01-30,13,Call,22.5,0.17,0.18,0.18,1332,306,4.35,0.206064,2026-01-19
GME,21.1,2026-01-30,13,Call,21,0.56,0.59,0.61,8228,2600,3.16,0.535399,2026-01-19
GME,21.1,2026-01-23,6,Call,22,0.1,0.11,0.11,13130,9659,1.36,0.197884,2026-01-19
GME,21.1,2026-01-23,6,Call,21.5,0.19,0.19,0.2,17151,4367,3.93,0.331456,2026-01-19
GME,21.1,2026-01-23,6,Call,21,0.36,0.36,0.4,10009,1509,6.63,0.55319,2026-01-19
GME,21.1,2026-01-23,6,Call,20.5,0.68,0.75,0.75,3754,219,17.14,0.737826,2026-01-19
GME,21.1,2026-01-23,6,Call,20,1.14,1.25,1.22,1271,524,2.43,0.85012,2026-01-19
GME,21.1,2026-06-18,152,Call,35,0.52,0.59,0.71,2022,554,3.65,0.151309,2026-01-16
GME,21.1,2026-04-17,90,Call,37,0.07,0.31,0.34,696,296,2.35,0.095054,2026-01-16
GME,21.1,2026-04-17,90,Call,36,0.22,0.3,0.34,699,412,1.7,0.095383,2026-01-16
GME,21.1,2026-01-30,13,Call,23,0.13,0.14,0.14,13525,5822,2.32,0.157356,2026-01-16
GME,21.1,2026-01-30,13,Call,22.5,0.17,0.18,0.18,1332,306,4.35,0.206064,2026-01-16
GME,21.1,2026-01-30,13,Call,21,0.56,0.59,0.61,8228,2600,3.16,0.535399,2026-01-16
GME,21.1,2026-01-23,6,Call,21.5,0.19,0.19,0.2,17151,4367,3.93,0.331456,2026-01-16
GME,21.1,2026-01-23,6,Call,21,0.36,0.36,0.4,10009,1509,6.63,0.55319,2026-01-16
GME,21.1,2026-01-23,6,Call,20.5,0.68,0.75,0.75,3754,219,17.14,0.737826,2026-01-16
GME,21.1,2026-01-23,6,Call,20,1.14,1.25,1.22,1271,524,2.43,0.85012,2026-01-16
GME,21.36,2026-04-17,92,Call,46,0.2,0.25,0.72,696,180,3.87,0.068765,2026-01-15
GME,21.02,2026-12-18,338,Call,30,1.78,1.94,2.19,795,389,2.04,0.326909,2026-01-14
GME,21.02,2026-04-17,93,Call,37,0.19,0.38,0.52,579,295,1.96,0.108952,2026-01-14
GME,21.02,2026-04-17,93,Call,36,0.07,0.43,0.62,581,411,1.41,0.121176,2026-01-14
GME,21.02,2026-02-13,30,Call,22,0.2,0.61,0.65,501,176,2.85,0.368942,2026-01-14
GME,21.02,2026-02-06,23,Call,21,0.76,0.86,1.05,1264,421,3,0.516495,2026-01-14
GME,21.02,2026-06-18,156,Put,21,2.41,2.68,2.8,2001,885,2.26,-0.441894,2026-01-13
GME,21.02,2026-04-17,94,Put,17,0.45,0.52,0.64,535,402,1.33,-0.167453,2026-01-13
GME,20.98,2028-12-15,1068,Call,25,5.65,6.55,7.05,769,229,3.36,0.566157,2026-01-12
GME,20.98,2026-04-17,95,Call,37,0.13,0.38,0.55,695,292,2.38,0.10888,2026-01-12
GME,20.98,2026-04-17,95,Call,36,0.3,0.34,0.48,698,415,1.68,0.103566,2026-01-12
GME,20.98,2026-01-23,11,Put,21,0.35,0.43,0.57,2519,1280,1.97,-0.505183,2026-01-12
GME,21.23,2026-01-23,13,Call,21.5,0.48,0.52,0.53,728,244,2.98,0.444295,2026-01-09
GME,21.23,2026-01-16,6,Call,21.5,0.31,0.34,0.34,11965,3043,3.93,0.415884,2026-01-09
GME,21.23,2026-01-09,0,Put,21.5,0.2,0.32,0.35,1911,1251,1.53,-0.769421,2026-01-09
GME,21.23,2026-01-09,0,Call,21,0.18,0.24,0.32,18474,14092,1.31,0.883296,2026-01-09
GME,21.23,2026-01-09,0,Call,20.5,0.65,0.73,0.87,3356,2527,1.33,0.893147,2026-01-09
GME,21.42,2026-04-17,99,Call,37,0.07,0.43,0.83,679,285,2.38,0.118738,2026-01-08
GME,21.42,2026-04-17,99,Call,36,0.12,0.36,0.62,680,407,1.67,0.108235,2026-01-08
GME,21.29,2027-01-15,373,Put,13,0.4,0.89,1.21,4000,211,18.96,-0.121248,2026-01-07
GME,21.29,2026-02-20,44,Call,27,0.22,0.25,0.28,656,385,1.7,0.12928,2026-01-07
GME,21.29,2026-02-20,44,Put,22,1.37,1.55,1.64,859,685,1.25,-0.58129,2026-01-07
GME,21.29,2026-02-20,44,Call,22,0.96,0.96,1,2422,1734,1.4,0.434318,2026-01-07
GME,21.29,2026-01-30,23,Call,23,0.35,0.38,0.42,4799,3852,1.25,0.266487,2026-01-07
GME,21.29,2026-01-23,16,Call,22,0.39,0.44,0.48,5112,1368,3.74,0.363629,2026-01-07
GME,21.29,2026-01-16,9,Call,23.5,0.08,0.14,0.15,4956,1338,3.7,0.146385,2026-01-07
GME,21.29,2026-01-16,9,Call,22.5,0.19,0.22,0.24,4773,2177,2.19,0.240641,2026-01-07
GME,21.29,2026-01-16,9,Call,21.5,0.46,0.48,0.5,2790,1910,1.46,0.452343,2026-01-07
GME,21.29,2026-01-09,2,Call,22,0.09,0.1,0.11,21399,6778,3.16,0.210905,2026-01-07
GME,21.29,2026-01-09,2,Put,21.5,0.34,0.35,0.43,3229,1107,2.92,-0.641031,2026-01-07
GME,21.29,2026-01-09,2,Put,21,0.14,0.15,0.17,1872,1150,1.63,-0.329841,2026-01-07
GME,20.66,2026-04-17,101,Call,37,0.24,0.33,0.52,676,281,2.41,0.098588,2026-01-06
GME,20.66,2026-04-17,101,Call,36,0.27,0.41,0.45,674,368,1.83,0.116831,2026-01-06
GME,20.66,2026-02-20,45,Call,21,1.03,1.07,1.09,10231,2294,4.46,0.476494,2026-01-06
GME,20.66,2026-01-16,10,Call,21,0.38,0.4,0.41,8339,5876,1.42,0.412463,2026-01-06
GME,20.72,2027-12-17,711,Put,50,27,28.95,32,1870,728,2.57,-0.897623,2026-01-05
GME,20.72,2026-01-30,25,Call,24,0.17,0.18,0.19,4953,1551,3.19,0.138928,2026-01-05
GME,20.62,2028-01-21,748,Call,5,15.3,16.6,17.05,1665,428,3.89,0.924431,2026-01-02
GME,20.62,2027-12-17,713,Call,5,16,16.15,17.5,760,217,3.5,0.935917,2026-01-02
GME,20.62,2026-09-18,258,Call,35,1,1.03,1.15,591,222,2.66,0.209131,2026-01-02
GME,20.62,2026-04-17,104,Call,37,0.2,0.36,0.51,674,277,2.43,0.104512,2026-01-02
GME,20.62,2026-04-17,104,Call,36,0.2,0.44,0.7,672,365,1.84,0.122309,2026-01-02
GME,20.62,2026-01-09,6,Call,22,0.1,0.11,0.12,6149,1914,3.21,0.16203,2026-01-02
GME,20.62,2026-01-09,6,Put,21.5,0.85,1.01,1.15,742,446,1.66,-0.7915,2026-01-02
GME,20.62,2026-01-09,6,Call,21,0.25,0.26,0.26,12584,3866,3.26,0.367174,2026-01-02
GME,20.62,2026-01-09,6,Put,20.5,0.31,0.32,0.34,1344,703,1.91,-0.44428,2026-01-02
GME,20.62,2026-01-02,0,Call,20.5,0.1,0.13,0.18,13533,4998,2.71,0.831725,2026-01-02
GME,20.08,2028-06-16,898,Call,20,7.15,7.3,7.6,1409,686,2.05,0.631324,2026-01-01
GME,20.08,2027-12-17,716,Put,50,29.95,30.05,32.45,563,293,1.92,-0.924336,2026-01-01
GME,20.08,2027-09-17,625,Put,50,29.9,29.95,32.5,1358,399,3.4,-0.95824,2026-01-01
GME,20.08,2026-04-17,107,Call,44,0.27,0.39,0.41,621,275,2.26,0.097252,2026-01-01
GME,20.08,2026-04-17,107,Call,43,0.03,0.37,0.78,622,380,1.64,0.095106,2026-01-01
GME,20.08,2026-02-20,51,Call,30,0.2,0.2,0.21,2443,1968,1.24,0.087752,2026-01-01
GME,20.08,2026-02-20,51,Put,23,2.65,3.35,3.55,503,127,3.96,-0.783144,2026-01-01
GME,20.08,2026-02-20,51,Call,23,0.49,0.52,0.6,2756,1978,1.39,0.253224,2026-01-01
GME,20.08,2026-02-06,37,Call,24,0.26,0.28,0.29,594,168,3.54,0.164877,2026-01-01
GME,20.08,2026-01-30,30,Call,21,0.61,0.65,0.76,1011,726,1.39,0.381576,2026-01-01
GME,20.08,2026-01-09,9,Call,21.5,0.1,0.1,0.12,6280,1886,3.33,0.151518,2026-01-01
GME,20.08,2026-01-09,9,Put,20.5,0.62,0.69,0.75,639,330,1.94,-0.644211,2026-01-01
GME,20.08,2026-01-09,9,Call,20.5,0.21,0.28,0.3,8536,338,25.25,0.36498,2026-01-01
GME,20.08,2026-01-02,2,Call,20,0.21,0.22,0.26,5573,2309,2.41,0.572232,2026-01-01
GME,20.08,2028-06-16,898,Call,20,7.15,7.3,7.6,1409,686,2.05,0.631324,2025-12-31
GME,20.08,2027-12-17,716,Put,50,29.95,30.05,32.45,563,293,1.92,-0.924336,2025-12-31
GME,20.08,2027-09-17,625,Put,50,29.9,29.95,32.5,1358,399,3.4,-0.95824,2025-12-31
GME,20.08,2026-04-17,107,Call,44,0.27,0.39,0.41,621,275,2.26,0.097252,2025-12-31
GME,20.08,2026-04-17,107,Call,43,0.03,0.37,0.78,622,380,1.64,0.095106,2025-12-31
GME,20.08,2026-02-20,51,Call,30,0.2,0.2,0.21,2443,1968,1.24,0.087752,2025-12-31
GME,20.08,2026-02-20,51,Put,23,2.65,3.35,3.55,503,127,3.96,-0.783144,2025-12-31
GME,20.08,2026-02-20,51,Call,23,0.49,0.52,0.6,2756,1978,1.39,0.253224,2025-12-31
GME,20.08,2026-02-06,37,Call,24,0.26,0.28,0.29,594,168,3.54,0.164877,2025-12-31
GME,20.08,2026-01-30,30,Call,21,0.61,0.65,0.76,1011,726,1.39,0.381576,2025-12-31
GME,20.08,2026-01-09,9,Call,21.5,0.1,0.1,0.12,6280,1886,3.33,0.151518,2025-12-31
GME,20.08,2026-01-09,9,Put,20.5,0.62,0.69,0.75,639,330,1.94,-0.644211,2025-12-31
GME,20.08,2026-01-09,9,Call,20.5,0.21,0.28,0.3,8536,338,25.25,0.36498,2025-12-31
GME,20.08,2026-01-02,2,Call,20,0.21,0.22,0.26,5573,2309,2.41,0.572232,2025-12-31
GME,20.5,2028-01-21,752,Put,50,29.3,29.6,32,3059,1203,2.54,-0.930485,2025-12-30
GME,20.5,2026-04-17,108,Call,34,0.24,0.43,0.46,631,234,2.7,0.126534,2025-12-30
GME,20.5,2026-04-17,108,Call,33,0.26,0.45,0.47,626,317,1.97,0.134077,2025-12-30
GME,20.5,2026-02-20,52,Call,25,0.33,0.35,0.35,1614,1059,1.52,0.175057,2025-12-30
GME,20.5,2026-02-20,52,Call,20,1.51,1.59,1.63,2354,738,3.19,0.578838,2025-12-30
GME,20.5,2026-01-30,31,Call,23,0.31,0.31,0.33,1645,1195,1.38,0.210179,2025-12-30
GME,20.5,2026-01-09,10,Call,21,0.22,0.23,0.28,3316,929,3.57,0.329329,2025-12-30
GME,20.5,2026-01-02,3,Put,20.5,0.16,0.19,0.2,1530,1200,1.28,-0.500177,2025-12-30
GME,20.53,2026-04-17,109,Call,44,0.31,0.39,0.39,621,317,1.96,0.097118,2025-12-29
GME,20.53,2026-04-17,109,Call,43,0.14,0.34,0.59,771,404,1.91,0.08957,2025-12-29
GME,20.53,2026-02-20,53,Call,22,0.79,0.8,0.84,638,463,1.38,0.363591,2025-12-29
GME,20.53,2026-01-02,4,Call,21,0.12,0.13,0.13,3933,2836,1.39,0.2773,2025-12-29
GME,20.53,2026-01-02,4,Put,20.5,0.24,0.26,0.29,1802,599,3.01,-0.480033,2025-12-29
GME,20.53,2026-01-02,4,Call,20.5,0.28,0.29,0.34,3212,2295,1.4,0.520061,2025-12-29
GME,20.53,2026-01-02,4,Call,19,1.1,1.61,1.8,810,169,4.79,0.878964,2025-12-29
GME,21.09,2028-06-16,902,Call,20,7.8,8,10.5,520,146,3.56,0.649719,2025-12-26
GME,21.09,2026-04-17,111,Call,34,0.4,0.4,0.55,642,114,5.63,0.121869,2025-12-26
GME,21.09,2026-04-17,111,Call,33,0.46,0.64,0.78,675,286,2.36,0.168718,2025-12-26
GME,21.09,2026-01-09,13,Call,21,0.59,0.61,0.63,736,456,1.61,0.532217,2025-12-26
GME,21.09,2026-01-02,6,Put,22.5,1.41,1.48,1.52,1281,794,1.61,-0.886361,2025-12-26
GME,21.09,2026-01-02,6,Put,21.5,0.51,0.53,0.61,1901,889,2.14,-0.728346,2025-12-26
GME,21.09,2026-01-02,6,Call,21.5,0.17,0.16,0.19,9042,2848,3.17,0.323627,2025-12-26
GME,21.09,2026-01-02,6,Call,21,0.36,0.37,0.38,5886,1481,3.97,0.546554,2025-12-26
GME,21.09,2026-01-02,6,Call,20.5,0.68,0.74,0.76,2577,123,20.95,0.736059,2025-12-26
GME,21.09,2026-01-02,6,Call,20,1.06,1.18,1.55,1444,1129,1.28,0.840719,2025-12-26
GME,21.09,2025-12-26,0,Call,20,0,1.09,2.86,1411,567,2.49,0.999393,2025-12-26
GME,21.53,2026-04-17,114,Call,44,0.33,0.4,0.54,621,351,1.77,0.098717,2025-12-25
GME,21.53,2026-04-17,114,Call,43,0.34,0.43,0.52,623,359,1.74,0.105425,2025-12-25
GME,21.53,2026-04-17,114,Call,44,0.33,0.4,0.54,621,351,1.77,0.098717,2025-12-24
GME,21.53,2026-04-17,114,Call,43,0.34,0.43,0.52,623,359,1.74,0.105425,2025-12-24
GME,21.38,2028-01-21,759,Put,5,0.5,0.5,0.73,15518,7403,2.1,-0.031975,2025-12-23
GME,21.38,2026-04-17,115,Call,33,0.48,0.55,0.6,602,264,2.28,0.154523,2025-12-23
GME,21.38,2026-04-17,115,Call,15,6.7,6.94,7.45,1336,836,1.6,0.852559,2025-12-23
GME,21.38,2026-02-20,59,Call,23,0.85,0.9,1.04,674,281,2.4,0.367783,2025-12-23
GME,21.38,2026-01-02,10,Call,22.5,0.15,0.18,0.19,2438,629,3.88,0.226565,2025-12-23
GME,21.38,2026-01-02,10,Call,22,0.19,0.25,0.29,6820,1639,4.16,0.317909,2025-12-23
GME,21.38,2026-01-02,10,Put,21.5,0.44,0.5,0.52,685,460,1.49,-0.540649,2025-12-23
GME,21.38,2026-01-02,10,Call,21.5,0.35,0.41,0.46,2577,307,8.39,0.465214,2025-12-23
GME,21.38,2025-12-26,3,Call,21.5,0.16,0.17,0.19,5303,1779,2.98,0.418261,2025-12-23
GME,21.38,2025-12-26,3,Call,21,0.46,0.47,0.52,3083,1377,2.24,0.741791,2025-12-23
GME,21.74,2026-02-20,60,Put,20,0.61,0.64,0.71,860,116,7.41,-0.278331,2025-12-22
GME,21.74,2026-01-02,11,Call,23,0.17,0.19,0.21,4038,1986,2.03,0.221031,2025-12-22
GME,21.74,2026-01-02,11,Call,22.5,0.26,0.29,0.29,755,536,1.41,0.314321,2025-12-22
GME,21.74,2026-01-02,11,Call,22,0.38,0.38,0.47,1745,922,1.89,0.424502,2025-12-22
GME,21.74,2026-01-02,11,Put,21.5,0.31,0.38,0.4,575,124,4.64,-0.416137,2025-12-22
GME,21.74,2025-12-26,4,Call,22.5,0.1,0.1,0.12,11328,6353,1.78,0.204095,2025-12-22
GME,21.74,2025-12-26,4,Put,22,0.41,0.43,0.48,4640,3409,1.36,-0.644062,2025-12-22
GME,21.74,2025-12-26,4,Call,22,0.19,0.2,0.21,10897,6841,1.59,0.374809,2025-12-22
GME,21.74,2025-12-26,4,Put,21.5,0.18,0.19,0.2,4155,755,5.5,-0.368546,2025-12-22
GME,22.51,2026-01-16,27,Put,17,0.08,0.1,0.11,686,500,1.37,-0.053344,2025-12-19
GME,22.51,2026-01-09,20,Call,24,0.31,0.37,0.37,731,487,1.5,0.275848,2025-12-19
GME,22.51,2026-01-02,13,Call,23.5,0.27,0.27,0.42,1131,676,1.67,0.280719,2025-12-19
GME,22.51,2026-01-02,13,Put,22,0.3,0.4,0.42,664,354,1.88,-0.361898,2025-12-19
GME,22.51,2025-12-26,6,Call,23.5,0.12,0.14,0.14,4043,2687,1.5,0.212614,2025-12-19
GME,22.51,2025-12-26,6,Call,22.5,0.37,0.39,0.39,6164,2127,2.9,0.508851,2025-12-19
GME,22.51,2025-12-26,6,Put,22,0.13,0.17,0.16,2525,1444,1.75,-0.27096,2025-12-19
GME,22.51,2025-12-26,6,Call,21,1.39,1.5,1.7,1329,742,1.79,0.920365,2025-12-19
GME,22.56,2028-01-21,764,Put,5,0.5,0.55,0.64,5732,1659,3.46,-0.030898,2025-12-18
GME,22.56,2025-12-26,8,Put,22.5,0.4,0.42,0.46,1125,432,2.6,-0.473063,2025-12-18
GME,23.03,2026-04-17,121,Put,22,1.6,2.11,2.05,3463,1017,3.41,-0.384822,2025-12-17
GME,23.03,2026-01-30,44,Call,35,0.18,0.23,0.25,880,357,2.46,0.086166,2025-12-17
GME,23.03,2026-01-16,30,Put,27,4.1,4.3,4.4,506,129,3.92,-0.828963,2025-12-17
GME,23.03,2026-01-16,30,Put,25,2.35,2.5,2.51,4857,1530,3.17,-0.715644,2025-12-17
GME,23.03,2026-01-16,30,Call,19,3.9,4.04,4.35,502,331,1.52,0.975931,2025-12-17
GME,23.03,2025-12-26,9,Call,26,0.1,0.11,0.12,2797,1730,1.62,0.108433,2025-12-17
GME,23.03,2025-12-26,9,Call,24.5,0.16,0.23,0.23,5538,754,7.34,0.226429,2025-12-17
GME,23.03,2025-12-26,9,Put,23,0.48,0.49,0.54,716,474,1.51,-0.483826,2025-12-17
GME,23.03,2025-12-26,9,Call,22.5,0.8,0.82,0.9,2477,1715,1.44,0.66416,2025-12-17
GME,23.03,2025-12-19,2,Call,23.5,0.15,0.15,0.18,13721,7549,1.82,0.292525,2025-12-17
GME,23.03,2025-12-19,2,Put,22.5,0.12,0.12,0.13,2625,826,3.18,-0.247424,2025-12-17
GME,22.28,2026-01-30,45,Call,26,0.4,0.5,0.83,535,228,2.35,0.225974,2025-12-16
GME,22.09,2026-04-17,123,Call,39,0.41,0.46,0.51,640,100,6.4,0.119122,2025-12-15
GME,22.09,2026-04-17,123,Call,38,0.4,0.47,0.56,611,350,1.75,0.123539,2025-12-15
GME,22.09,2026-04-17,123,Put,21,1.7,1.85,2.15,1012,428,2.36,-0.379296,2025-12-15
GME,22.09,2026-01-30,46,Call,25,0.57,0.69,0.69,2034,201,10.12,0.285436,2025-12-15
GME,22.09,2026-01-30,46,Call,22,1.25,1.37,1.6,1326,184,7.21,0.531105,2025-12-15
GME,22.09,2026-01-09,25,Call,30,0.08,0.16,0.19,1020,698,1.46,0.082975,2025-12-15
GME,22.09,2025-12-26,11,Call,26,0.09,0.11,0.13,1504,825,1.82,0.093835,2025-12-15
GME,22.09,2025-12-26,11,Call,24.5,0.08,0.15,0.23,562,305,1.84,0.145377,2025-12-15
GME,22.09,2025-12-26,11,Call,23.5,0.24,0.25,0.27,2505,616,4.07,0.239314,2025-12-15
GME,22.09,2025-12-26,11,Call,22.5,0.45,0.54,0.53,1562,399,3.91,0.415861,2025-12-15
GME,22.09,2025-12-26,11,Call,22,0.61,0.69,0.73,2681,1378,1.95,0.532106,2025-12-15
GME,22.09,2025-12-26,11,Call,21.5,0.84,0.99,1.02,872,602,1.45,0.648486,2025-12-15
GME,22.09,2025-12-19,4,Call,23,0.19,0.19,0.2,20276,15220,1.33,0.25269,2025-12-15
GME,22.09,2025-12-19,4,Call,22.5,0.3,0.3,0.32,18551,5682,3.26,0.374612,2025-12-15
GME,21.23,2026-04-17,125,Call,48,0.21,0.28,0.34,554,170,3.26,0.07235,2025-12-12
GME,21.23,2026-01-30,48,Call,30,0.2,0.24,0.28,535,121,4.42,0.103636,2025-12-12
GME,21.23,2026-01-09,27,Call,23,0.36,0.38,0.4,1964,714,2.75,0.263078,2025-12-12
GME,21.23,2025-12-26,13,Call,21.5,0.35,0.41,0.45,619,117,5.29,0.427718,2025-12-12
GME,21.23,2025-12-19,6,Call,22.5,0.1,0.11,0.11,9452,4775,1.98,0.168539,2025-12-12
GME,21.23,2025-12-19,6,Put,21.5,0.51,0.57,0.59,2232,1101,2.03,-0.596206,2025-12-12
GME,21.23,2025-12-19,6,Call,21.5,0.25,0.26,0.29,8614,1452,5.93,0.394212,2025-12-12
GME,21.23,2025-12-19,6,Put,21,0.27,0.27,0.28,4451,2618,1.7,-0.397428,2025-12-12
GME,21.23,2025-12-19,6,Call,21,0.46,0.5,0.53,3672,1681,2.18,0.600563,2025-12-12
GME,21.23,2025-12-19,6,Put,20.5,0.13,0.13,0.14,2122,773,2.75,-0.222627,2025-12-12
GME,21.23,2025-12-19,6,Call,20.5,0.64,0.86,0.99,542,104,5.21,0.77177,2025-12-12
GME,21.86,2026-06-18,189,Call,40,0.65,0.76,0.76,2565,552,4.65,0.160511,2025-12-11
GME,21.86,2026-06-18,189,Call,35,0.9,0.95,1.02,650,373,1.74,0.203228,2025-12-11
GME,21.86,2026-04-17,127,Call,44,0.1,0.39,0.52,553,103,5.37,0.096925,2025-12-11
GME,21.86,2026-04-17,127,Call,43,0.2,0.4,0.69,552,211,2.62,0.10028,2025-12-11
GME,21.86,2026-01-02,22,Call,30,0.11,0.12,0.12,3258,1685,1.93,0.067419,2025-12-11
GME,21.86,2025-12-19,8,Call,23.5,0.11,0.16,0.13,4633,2496,1.86,0.155543,2025-12-11
GME,21.86,2025-12-19,8,Call,22.5,0.24,0.25,0.31,4449,1449,3.07,0.315443,2025-12-11
GME,21.86,2025-12-19,8,Call,22,0.42,0.43,0.45,9541,3374,2.83,0.463119,2025-12-11
GME,21.86,2025-12-12,1,Call,22,0.15,0.15,0.17,11152,7268,1.53,0.40033,2025-12-11
GME,21.86,2025-12-12,1,Call,21.5,0.43,0.43,0.47,2235,899,2.49,0.764234,2025-12-11
GME,22.12,2026-04-17,128,Call,48,0,0.47,0.95,552,103,5.36,0.104128,2025-12-10
GME,22.12,2026-01-23,44,Call,28,0.11,0.39,0.55,938,108,8.69,0.165253,2025-12-10
GME,22.12,2026-01-16,37,Put,19,0.21,0.27,0.31,4572,1378,3.32,-0.144953,2025-12-10
GME,22.12,2025-12-26,16,Put,22,0.6,0.61,0.74,1340,493,2.72,-0.461204,2025-12-10
GME,22.12,2025-12-19,9,Call,24.5,0.04,0.15,0.17,2909,782,3.72,0.146429,2025-12-10
GME,22.12,2025-12-19,9,Call,23.5,0.22,0.24,0.26,4181,2532,1.65,0.237291,2025-12-10
GME,22.12,2025-12-19,9,Call,23,0.32,0.33,0.36,11244,5858,1.92,0.314917,2025-12-10
GME,22.12,2025-12-19,9,Put,22.5,0.7,0.81,0.91,501,351,1.43,-0.591032,2025-12-10
GME,22.12,2025-12-19,9,Call,22.5,0.44,0.46,0.53,1626,952,1.71,0.416413,2025-12-10
GME,22.12,2025-12-19,9,Call,22,0.67,0.72,0.72,3282,2274,1.44,0.540218,2025-12-10
GME,22.12,2025-12-19,9,Put,21.5,0.32,0.34,0.37,1140,266,4.29,-0.329379,2025-12-10
GME,22.12,2025-12-19,9,Call,21.5,0.88,1.15,1.11,1172,309,3.79,0.659389,2025-12-10
GME,22.12,2025-12-12,2,Call,23,0.1,0.11,0.12,16619,9391,1.77,0.200398,2025-12-10
GME,22.12,2025-12-12,2,Call,22.5,0.19,0.19,0.21,8289,1596,5.19,0.337625,2025-12-10
GME,22.12,2025-12-12,2,Put,22,0.28,0.29,0.32,9311,7135,1.3,-0.438478,2025-12-10
GME,22.12,2025-12-12,2,Call,22,0.38,0.4,0.43,16636,8975,1.85,0.562454,2025-12-10
GME,22.12,2025-12-12,2,Put,21.5,0.12,0.14,0.15,3687,2661,1.39,-0.245834,2025-12-10
GME,22.12,2025-12-12,2,Call,21.5,0.67,0.96,0.91,1857,1286,1.44,0.733879,2025-12-10
GME,23.11,2026-04-17,129,Call,44,0.38,0.56,0.68,555,137,4.05,0.124297,2025-12-09
GME,23.11,2026-04-17,129,Call,43,0.44,0.56,0.75,584,148,3.95,0.126406,2025-12-09
GME,23.11,2026-04-17,129,Put,18,0.77,0.87,1.06,4926,180,27.37,-0.179888,2025-12-09
GME,23.11,2026-01-23,45,Call,25,1.17,1.26,1.38,6185,183,33.8,0.394787,2025-12-09
GME,23.11,2026-01-16,38,Put,19,0.3,0.32,0.35,1117,528,2.12,-0.132505,2025-12-09
GME,23.11,2026-01-02,24,Call,24,0.97,1.11,1.19,988,694,1.42,0.435575,2025-12-09
GME,23.11,2025-12-19,10,Call,25.5,0.48,0.49,0.51,568,357,1.59,0.264343,2025-12-09
GME,23.11,2025-12-19,10,Call,23.5,1.06,1.09,1.15,2093,863,2.43,0.476935,2025-12-09
GME,23.11,2025-12-19,10,Put,19,0.06,0.12,0.13,1101,688,1.6,-0.075972,2025-12-09
GME,23.11,2025-12-12,3,Call,28.5,0.1,0.1,0.11,693,209,3.32,0.073843,2025-12-09
GME,23.11,2025-12-12,3,Call,27.5,0.13,0.15,0.15,1129,352,3.21,0.107184,2025-12-09
GME,23.11,2025-12-12,3,Put,23.5,1.25,1.25,1.3,1305,858,1.52,-0.537622,2025-12-09
GME,23.11,2025-12-12,3,Put,22.5,0.71,0.77,0.78,3332,1928,1.73,-0.386306,2025-12-09
GME,23.35,2025-12-12,4,Put,23.5,1.15,1.18,1.21,705,313,2.25,-0.498719,2025-12-08
GME,23.35,2025-12-12,4,Put,21.5,0.33,0.35,0.35,1657,978,1.69,-0.217592,2025-12-08
GME,23,2026-10-16,314,Call,35,2.2,2.35,2.61,843,290,2.91,0.332346,2025-12-05
GME,23,2026-09-18,286,Call,30,2.72,2.88,3.2,801,627,1.28,0.404163,2025-12-05
GME,23,2026-04-17,132,Call,43,0.45,0.63,1.09,554,127,4.36,0.136528,2025-12-05
GME,23,2026-04-17,132,Call,32,0.95,1.4,1.4,797,551,1.45,0.27901,2025-12-05
GME,23,2026-01-16,41,Call,43,0.18,0.18,0.21,7736,160,48.35,0.057887,2025-12-05
GME,23,2026-01-16,41,Call,33,0.27,0.29,0.3,7964,876,9.09,0.108996,2025-12-05
GME,23,2025-12-12,6,Call,26,0.22,0.23,0.24,10105,5041,2,0.166074,2025-12-05
GME,23,2025-12-12,6,Call,25.5,0.28,0.29,0.29,3583,1079,3.32,0.203358,2025-12-05
GME,23,2025-12-12,6,Call,24.5,0.46,0.48,0.48,4444,603,7.37,0.3062,2025-12-05
GME,23,2025-12-12,6,Call,23.5,0.74,0.74,0.81,7959,3060,2.6,0.437801,2025-12-05
GME,23,2025-12-12,6,Call,22,1.51,1.54,1.64,5557,3795,1.46,0.678265,2025-12-05
GME,23,2025-12-05,0,Call,22.5,0.39,0.48,0.5,9234,6440,1.43,0,2025-12-05
GME,22.95,2027-09-17,652,Call,13,11.4,12.65,13.75,1025,213,4.81,0.814249,2025-12-04
GME,22.95,2026-10-16,316,Put,20,2.63,3.2,3.3,6082,222,27.4,-0.299189,2025-12-04
GME,22.95,2026-07-17,225,Call,30,2.18,2.49,2.53,770,518,1.49,0.382201,2025-12-04
GME,22.95,2026-01-16,43,Call,33,0.27,0.31,0.39,726,352,2.06,0.113562,2025-12-04
GME,22.95,2025-12-19,15,Call,25.5,0.55,0.55,0.61,583,126,4.63,0.271589,2025-12-04
GME,22.95,2025-12-12,8,Put,24,1.65,1.75,1.89,601,371,1.62,-0.620811,2025-12-04
GME,23.21,2028-01-21,779,Call,47,2.73,3.3,4.35,962,241,3.99,0.339522,2025-12-03
GME,23.21,2027-01-15,408,Put,20,2.9,3.82,6,5034,3067,1.64,-0.288895,2025-12-03
GME,23.21,2026-07-17,226,Call,30,2.62,2.74,2.9,710,141,5.04,0.399667,2025-12-03
GME,23.21,2026-01-16,44,Call,43,0.14,0.19,0.64,612,169,3.62,0.060294,2025-12-03
GME,23.21,2026-01-02,30,Call,35,0.17,0.2,0.2,691,425,1.63,0.078913,2025-12-03
GME,22.81,2027-01-15,409,Put,30,9.95,10.3,10.7,2783,1806,1.54,-0.559123,2025-12-02
GME,22.81,2026-04-17,136,Call,21,4.25,4.4,4.7,609,492,1.24,0.641867,2025-12-02
GME,22.81,2026-01-16,45,Call,44,0.11,0.15,0.29,4623,637,7.26,0.049516,2025-12-02
GME,22.81,2026-01-16,45,Call,34,0.2,0.32,0.35,4748,2822,1.68,0.110784,2025-12-02
GME,22.81,2026-01-16,45,Call,33,0.33,0.33,0.48,616,277,2.22,0.117622,2025-12-02
GME,22.81,2026-01-02,31,Call,28,0.36,0.49,0.5,559,188,2.97,0.197036,2025-12-02
GME,22.81,2025-12-19,17,Call,25,0.65,0.65,0.69,13317,9910,1.34,0.305444,2025-12-02
GME,22.81,2025-12-05,3,Call,24.5,0.06,0.1,0.1,5057,2544,1.99,0.138455,2025-12-02
GME,22.81,2025-12-05,3,Call,23.5,0.19,0.19,0.22,29787,12679,2.35,0.279692,2025-12-02
GME,22.81,2025-12-05,3,Put,23,0.49,0.51,0.55,3003,1527,1.97,-0.567028,2025-12-02
GME,22.79,2028-01-21,781,Call,13,10.2,12.8,14,1002,500,2,0.805801,2025-12-01
GME,22.79,2026-01-16,46,Call,44,0,0.23,0.92,558,189,2.95,0.067575,2025-12-01
GME,22.79,2026-01-16,46,Call,43,0.11,0.21,0.25,557,185,3.01,0.064569,2025-12-01
GME,22.79,2026-01-16,46,Call,40,0.22,0.24,0.26,4025,2350,1.71,0.07593,2025-12-01
GME,22.79,2025-12-12,11,Call,23.5,0.82,0.86,0.91,1028,514,2,0.428405,2025-12-01
GME,22.79,2025-12-12,11,Call,21.5,1.57,1.71,2.05,791,568,1.39,0.723553,2025-12-01
GME,22.79,2025-12-05,4,Put,22.5,0.33,0.34,0.35,1876,1113,1.69,-0.39427,2025-12-01
GME,22.79,2025-12-05,4,Put,21.5,0.08,0.1,0.11,1998,1189,1.68,-0.146452,2025-12-01
GME,21.63,2027-12-17,751,Call,40,2,2.98,3.2,516,195,2.65,0.342515,2025-11-27
GME,21.63,2026-04-17,142,Put,25,4.5,5.16,5.45,2010,928,2.17,-0.60007,2025-11-27
GME,21.63,2026-01-16,51,Call,44,0.06,0.18,0.43,550,134,4.1,0.056238,2025-11-27
GME,21.63,2026-01-16,51,Call,43,0,0.15,0.25,550,181,3.04,0.050115,2025-11-27
GME,21.63,2025-12-26,30,Call,35,0.11,0.13,0.13,844,627,1.35,0.055847,2025-11-27
GME,21.63,2025-12-26,30,Call,24,0.66,0.7,0.73,4171,1180,3.53,0.307561,2025-11-27
GME,21.63,2025-12-12,16,Call,24,0.42,0.48,0.51,6523,5117,1.27,0.263665,2025-11-27
GME,21.63,2025-12-12,16,Call,21.5,1.25,1.42,1.41,740,294,2.52,0.541818,2025-11-27
GME,21.63,2025-12-05,9,Call,23.5,0.1,0.11,0.11,4540,525,8.65,0.13871,2025-11-27
GME,21.63,2025-12-05,9,Call,22,0.35,0.36,0.36,14254,10616,1.34,0.397777,2025-11-27
GME,21.63,2025-12-05,9,Put,20.5,0.1,0.13,0.22,3867,399,9.69,-0.179914,2025-11-27
GME,21.63,2025-11-28,2,Put,21.5,0.09,0.1,0.14,2268,482,4.71,-0.368884,2025-11-27
GME,21.63,2027-12-17,751,Call,40,2,2.98,3.2,516,195,2.65,0.342515,2025-11-26
GME,21.63,2026-04-17,142,Put,25,4.5,5.16,5.45,2010,928,2.17,-0.60007,2025-11-26
GME,21.63,2026-01-16,51,Call,44,0.06,0.18,0.43,550,134,4.1,0.056238,2025-11-26
GME,21.63,2026-01-16,51,Call,43,0,0.15,0.25,550,181,3.04,0.050115,2025-11-26
GME,21.63,2025-12-26,30,Call,35,0.11,0.13,0.13,844,627,1.35,0.055847,2025-11-26
GME,21.63,2025-12-26,30,Call,24,0.66,0.7,0.73,4171,1180,3.53,0.307561,2025-11-26
GME,21.63,2025-12-12,16,Call,24,0.42,0.48,0.51,6523,5117,1.27,0.263665,2025-11-26
GME,21.63,2025-12-12,16,Call,21.5,1.25,1.42,1.41,740,294,2.52,0.541818,2025-11-26
GME,21.63,2025-12-05,9,Call,23.5,0.1,0.11,0.11,4540,525,8.65,0.13871,2025-11-26
GME,21.63,2025-12-05,9,Call,22,0.35,0.36,0.36,14254,10616,1.34,0.397777,2025-11-26
GME,21.63,2025-12-05,9,Put,20.5,0.1,0.13,0.22,3867,399,9.69,-0.179914,2025-11-26
GME,21.63,2025-11-28,2,Put,21.5,0.09,0.1,0.14,2268,482,4.71,-0.368884,2025-11-26
GME,21.06,2026-01-16,52,Call,33,0.18,0.28,0.3,551,191,2.88,0.100374,2025-11-25
GME,21.06,2026-01-02,38,Call,25,0.44,0.57,0.58,549,283,1.94,0.238127,2025-11-25
GME,21.06,2025-12-12,17,Call,30,0.1,0.1,0.13,3004,1431,2.1,0.056977,2025-11-25
GME,21.06,2025-12-12,17,Put,19,0.4,0.44,0.46,2485,362,6.86,-0.224588,2025-11-25
GME,21.06,2025-12-05,10,Call,23,0.12,0.14,0.15,7733,3489,2.22,0.156091,2025-11-25
GME,21.06,2025-12-05,10,Call,22.5,0.18,0.16,0.21,2563,485,5.28,0.212122,2025-11-25
GME,21.06,2025-12-05,10,Call,22,0.28,0.3,0.29,7963,5842,1.36,0.292948,2025-11-25
GME,21.06,2025-12-05,10,Call,21.5,0.4,0.42,0.48,8328,1237,6.73,0.398674,2025-11-25
GME,21.06,2025-12-05,10,Call,21,0.65,0.66,0.67,2743,1919,1.43,0.525901,2025-11-25
GME,21.06,2025-12-05,10,Call,20.5,0.88,1.02,1.11,1290,653,1.98,0.63529,2025-11-25
GME,21.06,2025-11-28,3,Call,21.5,0.13,0.13,0.14,17768,9112,1.95,0.284118,2025-11-25
GME,21.06,2025-11-28,3,Call,21,0.31,0.32,0.34,18364,14353,1.28,0.537083,2025-11-25
GME,20.49,2028-01-21,788,Call,32,4.05,4.1,4.2,10610,1176,9.02,0.43719,2025-11-24
GME,20.49,2027-12-17,753,Call,32,3.95,3.95,4.05,2163,604,3.58,0.430229,2025-11-24
GME,20.49,2026-04-17,144,Put,15,0.75,0.86,1,1105,286,3.86,-0.164605,2025-11-24
GME,20.49,2026-01-16,53,Call,44,0.1,0.2,0.7,549,107,5.13,0.060617,2025-11-24
GME,20.49,2026-01-16,53,Call,43,0,0.18,0.34,551,203,2.71,0.057076,2025-11-24
GME,20.49,2025-11-28,4,Call,21,0.11,0.12,0.13,13407,6634,2.02,0.26098,2025-11-24
GME,20.14,2026-01-16,55,Call,33,0.14,0.35,0.45,584,178,3.28,0.114077,2025-11-21
GME,20.14,2025-11-28,6,Call,21.5,0.13,0.13,0.14,10373,1638,6.33,0.178465,2025-11-21
GME,20.14,2025-11-28,6,Call,21,0.19,0.19,0.21,9338,3351,2.79,0.258582,2025-11-21
GME,19.94,2025-12-19,29,Put,17,0.3,0.38,0.41,832,112,7.43,-0.173888,2025-11-20
GME,19.94,2025-12-12,22,Put,23,3.15,3.44,3.65,8269,287,28.81,-0.789927,2025-11-20
GME,19.94,2025-11-28,8,Call,22,0.11,0.12,0.13,9934,2513,3.95,0.139543,2025-11-20
GME,19.94,2025-11-28,8,Call,20.5,0.36,0.36,0.45,9090,1023,8.89,0.366148,2025-11-20
GME,20.42,2027-12-17,758,Put,20,4.45,5.4,5.8,1004,219,4.58,-0.344446,2025-11-19
GME,20.42,2025-12-05,16,Call,21,0.61,0.67,0.76,817,414,1.97,0.420248,2025-11-19
GME,20.42,2025-11-28,9,Call,20.5,0.52,0.53,0.6,748,477,1.57,0.487639,2025-11-19
GME,20.5,2027-01-15,423,Call,40,1.75,1.8,2.5,2549,405,6.29,0.266019,2025-11-18
GME,20.5,2026-01-16,59,Call,43,0.04,0.26,0.44,514,149,3.45,0.074478,2025-11-18
GME,20.5,2025-11-28,10,Call,21.5,0.28,0.3,0.31,728,427,1.7,0.292994,2025-11-18
GME,20.5,2025-11-28,10,Call,21,0.41,0.45,0.45,1533,1198,1.28,0.39582,2025-11-18
GME,20.5,2025-11-28,10,Call,20.5,0.59,0.67,0.79,532,231,2.3,0.51234,2025-11-18
GME,20.5,2025-11-21,3,Call,20.5,0.36,0.39,0.41,3146,2276,1.38,0.50752,2025-11-18
GME,20.5,2025-12-12,25,Call,21,1.05,1.2,1.4,868,529,1.64,0.474772,2025-11-17
GME,20.5,2025-11-28,11,Call,22.5,0.12,0.13,0.13,1161,630,1.84,0.147719,2025-11-17
GME,20.5,2025-11-21,4,Call,20.5,0.43,0.45,0.45,3346,2162,1.55,0.50866,2025-11-17
GME,20.66,2025-11-28,13,Call,21,0.55,0.59,0.62,867,503,1.72,0.441983,2025-11-14
GME,20.66,2025-11-21,6,Call,22,0.11,0.12,0.12,11135,8001,1.39,0.172162,2025-11-14
GME,20.66,2025-11-21,6,Call,21,0.31,0.31,0.32,14452,2310,6.26,0.392357,2025-11-14
GME,20.66,2025-11-21,6,Call,20.5,0.53,0.53,0.58,1712,973,1.76,0.563715,2025-11-14
GME,20.66,2025-11-21,6,Put,19,0.07,0.12,0.12,886,648,1.37,-0.138555,2025-11-14
GME,20.66,2025-11-14,0,Call,20.5,0.05,0.16,0.19,2249,368,6.11,0,2025-11-14
GME,20.96,2027-01-15,428,Call,32,2.7,3.5,3.5,2778,180,15.43,0.416003,2025-11-13
GME,20.96,2025-12-26,43,Call,24,0.9,0.93,1.11,731,202,3.62,0.32121,2025-11-13
GME,20.96,2025-11-21,8,Call,21.5,0.34,0.38,0.38,11999,2576,4.66,0.373965,2025-11-13
GME,21.36,2026-01-16,65,Put,15,0.14,0.15,0.3,2001,143,13.99,-0.06025,2025-11-12
GME,21.36,2025-12-05,23,Call,23,0.54,0.55,0.58,1138,675,1.69,0.313091,2025-11-12
GME,21.36,2025-11-21,9,Call,22.5,0.2,0.23,0.22,6339,5121,1.24,0.241351,2025-11-12
GME,21.45,2026-04-17,157,Call,35,1.1,1.17,1.26,1809,375,4.82,0.229419,2025-11-11
GME,21.45,2026-01-16,66,Call,22,2.12,2.2,2.21,15116,2557,5.91,0.51356,2025-11-11
GME,21.45,2025-11-21,10,Call,22.5,0.26,0.26,0.29,4280,1746,2.45,0.272061,2025-11-11
GME,21.49,2025-12-12,32,Call,24,0.84,0.91,0.95,1289,691,1.87,0.335073,2025-11-10
GME,21.49,2025-12-12,32,Call,20,2.3,2.45,2.78,1511,269,5.62,0.672324,2025-11-10
GME,21.49,2025-11-28,18,Call,22,0.68,0.68,0.69,804,512,1.57,0.428346,2025-11-10
GME,21.49,2025-11-21,11,Call,22,0.43,0.47,0.5,5157,3885,1.33,0.397504,2025-11-10
GME,21.49,2025-11-14,4,Call,21.5,0.39,0.42,0.43,6539,2063,3.17,0.503839,2025-11-10
GME,21.49,2025-11-14,4,Put,20.5,0.1,0.12,0.12,1571,534,2.94,-0.184885,2025-11-10
GME,21.49,2025-11-14,4,Call,23,0.08,0.11,0.16,523,161,3.25,0.154958,2025-11-10
GME,21.5,2025-12-12,34,Call,24,0.95,1,1.12,820,264,3.11,0.347187,2025-11-07
GME,21.5,2025-11-21,13,Put,22.5,1.37,1.35,1.51,6066,560,10.83,-0.669258,2025-11-07
GME,21.5,2025-11-14,6,Call,21.5,0.5,0.52,0.55,2985,733,4.07,0.509209,2025-11-07
GME,21.5,2025-11-14,6,Call,21,0.75,0.78,0.84,1924,410,4.69,0.664117,2025-11-07
GME,21.5,2025-11-14,6,Put,20.5,0.16,0.19,0.2,590,228,2.59,-0.225716,2025-11-07
GME,21.5,2025-11-14,6,Put,20,0.12,0.13,0.15,2920,823,3.55,-0.153638,2025-11-07
GME,21.5,2025-11-07,0,Call,21,0.27,0.51,0.82,1240,484,2.56,0.92889,2025-11-07
GME,21.35,2025-12-12,36,Call,25,0.8,0.88,0.87,820,424,1.93,0.291182,2025-11-06
GME,21.35,2025-11-14,8,Call,24.5,0.07,0.11,0.13,6371,1920,3.32,0.105776,2025-11-06
GME,21.35,2025-11-14,8,Call,23,0.17,0.18,0.18,17338,4613,3.76,0.192292,2025-11-06
GME,21.35,2025-11-14,8,Call,22.5,0.23,0.24,0.26,7694,2672,2.88,0.255011,2025-11-06
GME,21.35,2025-11-14,8,Call,22,0.35,0.37,0.38,10936,3172,3.45,0.355337,2025-11-06
GME,21.35,2025-11-14,8,Call,21.5,0.54,0.56,0.58,1064,195,5.46,0.474089,2025-11-06
GME,21.35,2025-11-07,1,Call,21.5,0.21,0.23,0.24,1191,393,3.03,0.426893,2025-11-06
GME,22.01,2025-11-14,9,Put,24,2,2.1,2.22,2234,961,2.32,-0.873936,2025-11-05
GME,22.01,2025-11-14,9,Call,21.5,0.94,1.1,1.21,625,149,4.19,0.612489,2025-11-05
GME,21.98,2026-04-17,164,Call,22,3.7,3.95,3.95,1459,156,9.35,0.573856,2025-11-04
GME,21.98,2025-12-05,31,Put,22,1.21,1.35,1.45,821,604,1.36,-0.475541,2025-11-04
GME,21.98,2025-11-21,17,Call,22,1,1.04,1.1,1918,1274,1.51,0.516605,2025-11-04
GME,21.98,2025-11-14,10,Call,23.5,0.3,0.34,0.38,1164,821,1.42,0.26616,2025-11-04
GME,21.98,2025-11-14,10,Call,23,0.41,0.42,0.45,2969,1742,1.7,0.327459,2025-11-04
GME,21.98,2025-11-14,10,Call,22.5,0.55,0.57,0.65,2182,1519,1.44,0.413342,2025-11-04
GME,21.98,2025-11-14,10,Put,21.5,0.43,0.46,0.55,781,567,1.38,-0.375483,2025-11-04
GME,21.98,2025-11-07,3,Call,22.5,0.2,0.2,0.22,6159,3720,1.66,0.312946,2025-11-04
GME,21.98,2025-11-07,3,Call,23,0.12,0.24,0.22,728,449,1.62,0.230339,2025-11-04
GME,22.11,2025-12-19,46,Call,35,0.38,0.45,0.48,711,299,2.38,0.131255,2025-11-03
GME,22.11,2025-12-05,32,Call,27,0.35,0.54,0.55,796,188,4.23,0.213099,2025-11-03
GME,22.11,2025-11-14,11,Call,24.5,0.24,0.24,0.26,1616,738,2.19,0.18846,2025-11-03
GME,22.11,2025-11-14,11,Call,22.5,0.57,0.58,0.65,1343,388,3.46,0.432678,2025-11-03
GME,22.11,2025-11-14,11,Put,21,0.26,0.27,0.29,822,448,1.83,-0.248221,2025-11-03
GME,22.11,2025-11-07,4,Call,23.5,0.1,0.11,0.11,8247,4922,1.68,0.161235,2025-11-03
GME,22.11,2025-11-07,4,Call,22.5,0.28,0.3,0.32,5066,1764,2.87,0.378796,2025-11-03
GME,22.29,2025-12-19,49,Call,22,2.19,2.31,2.35,519,204,2.54,0.562747,2025-10-31
GME,22.29,2025-12-05,35,Call,29,0.5,0.52,0.64,632,261,2.42,0.184715,2025-10-31
GME,22.29,2025-11-14,14,Put,22.5,0.92,0.96,1,934,309,3.02,-0.523669,2025-10-31
GME,22.29,2025-11-14,14,Call,22,1.05,1.08,1.13,662,245,2.7,0.566188,2025-10-31
GME,22.29,2025-11-07,7,Call,23.5,0.22,0.23,0.25,4952,1464,3.38,0.245358,2025-10-31
GME,22.29,2025-11-07,7,Call,23,0.31,0.32,0.35,19307,7378,2.62,0.332076,2025-10-31
GME,22.29,2025-11-07,7,Put,22.5,0.59,0.61,0.62,9062,1711,5.3,-0.559426,2025-10-31
GME,22.29,2025-11-07,7,Call,22.5,0.47,0.48,0.48,1859,365,5.09,0.452977,2025-10-31
GME,22.29,2025-11-07,7,Call,22,0.7,0.75,0.75,2878,1265,2.28,0.58704,2025-10-31
GME,22.58,2025-11-07,9,Call,24.5,0.21,0.21,0.25,5945,2165,2.75,0.193755,2025-10-30
GME,22.58,2025-11-07,9,Call,23,0.46,0.5,0.52,6727,1209,5.56,0.41658,2025-10-30
GME,22.58,2025-10-31,1,Call,23,0.15,0.16,0.16,7335,4242,1.73,0.310803,2025-10-30
GME,23.38,2026-01-16,80,Call,34,0.7,0.85,1.08,3009,177,17,0.203514,2025-10-29
GME,23.38,2025-11-28,31,Call,28,0.52,0.62,0.68,3814,682,5.59,0.231865,2025-10-29
GME,23.38,2025-11-07,10,Call,23.5,0.8,0.82,0.86,860,647,1.33,0.494602,2025-10-29
GME,23.3,2025-11-28,32,Put,22,0.74,0.8,0.86,1629,655,2.49,-0.325224,2025-10-28
GME,23.3,2025-11-21,25,Call,38,0.13,0.22,0.25,579,163,3.55,0.076227,2025-10-28
GME,23.3,2025-11-07,11,Put,21.5,0.13,0.12,0.18,562,272,2.07,-0.152263,2025-10-28
GME,23.53,2026-01-16,82,Call,37,0.68,0.84,0.83,2647,814,3.25,0.174847,2025-10-27
GME,23.53,2025-11-07,12,Call,25.5,0.34,0.39,0.4,898,241,3.73,0.255938,2025-10-27
GME,23.53,2025-11-07,12,Call,24.5,0.57,0.57,0.6,1480,824,1.8,0.363779,2025-10-27
GME,23.53,2025-11-07,12,Call,23.5,0.9,0.86,1.01,857,446,1.92,0.522106,2025-10-27
GME,23.53,2025-10-31,4,Call,25.5,0.14,0.16,0.16,4417,2371,1.86,0.16607,2025-10-27
GME,23.53,2025-10-31,4,Put,25,1.5,1.48,1.79,963,677,1.42,-0.803062,2025-10-27
GME,23.53,2025-10-31,4,Put,23.5,0.52,0.53,0.57,2906,1547,1.88,-0.48098,2025-10-27
GME,23.3,2026-01-16,84,Call,37,0.69,0.85,0.88,671,147,4.56,0.187112,2025-10-24
GME,23.3,2026-01-16,84,Call,36,0.77,0.83,1.01,680,200,3.4,0.189171,2025-10-24
GME,23.3,2025-11-21,28,Call,40,0.12,0.18,0.2,3899,1627,2.4,0.062497,2025-10-24
GME,23.3,2025-10-31,6,Call,23.5,0.41,0.42,0.47,8842,3679,2.4,0.447136,2025-10-24
GME,23.63,2028-01-21,821,Call,32,5.15,6.09,6.45,796,223,3.57,0.515795,2025-10-23
GME,23.63,2027-12-17,786,Call,30,6.35,6.4,6.4,2739,224,12.23,0.538031,2025-10-23
GME,23.63,2027-01-15,450,Call,23,6.1,6.3,9,549,135,4.07,0.613178,2025-10-23
GME,23.63,2026-09-18,330,Call,32,2.87,2.98,3.1,1964,278,7.06,0.394178,2025-10-23
GME,23.63,2026-09-18,330,Call,25,4.75,4.9,6.35,544,106,5.13,0.555098,2025-10-23
GME,23.63,2026-01-16,86,Call,39,0.67,0.7,0.98,592,218,2.72,0.159287,2025-10-23
GME,23.63,2026-01-16,86,Call,38,0.63,0.81,1.08,598,156,3.83,0.178246,2025-10-23
GME,23.63,2025-12-19,58,Call,30,0.87,0.94,1,1401,623,2.25,0.254245,2025-10-23
GME,23.63,2025-12-19,58,Call,25,1.89,1.92,2.01,3923,1509,2.6,0.461873,2025-10-23
GME,23.63,2025-11-28,37,Call,25,1.11,1.15,1.21,1830,1177,1.55,0.408562,2025-10-23
GME,23.63,2025-11-28,37,Put,23,1,1.19,1.46,1218,222,5.49,-0.403969,2025-10-23
GME,23.63,2025-11-14,23,Call,35,0.13,0.16,0.21,1134,281,4.04,0.068632,2025-10-23
GME,23.63,2025-11-14,23,Call,28,0.39,0.42,0.48,547,280,1.95,0.193872,2025-10-23
GME,23.63,2025-11-14,23,Call,26,0.58,0.68,0.68,904,476,1.9,0.302346,2025-10-23
GME,23.63,2025-11-14,23,Call,25,0.83,0.83,0.88,22740,5194,4.38,0.374067,2025-10-23
GME,23.63,2025-11-07,16,Call,30,0.19,0.21,0.23,3068,1904,1.61,0.109279,2025-10-23
GME,23.63,2025-11-07,16,Call,24.5,0.73,0.77,0.79,646,164,3.94,0.402594,2025-10-23
GME,23.63,2025-11-07,16,Call,23,1.26,1.37,1.42,878,410,2.14,0.61349,2025-10-23
GME,23.63,2025-10-31,8,Call,30,0.09,0.1,0.1,9837,6466,1.52,0.067135,2025-10-23
GME,23.63,2025-10-31,8,Call,27.5,0.12,0.17,0.25,1200,598,2.01,0.12302,2025-10-23
GME,23.63,2025-10-31,8,Call,27,0.19,0.19,0.2,6992,2309,3.03,0.140715,2025-10-23
GME,23.63,2025-10-31,8,Call,26.5,0.18,0.22,0.23,7860,1211,6.49,0.165004,2025-10-23
GME,23.63,2025-10-31,8,Call,26,0.25,0.25,0.26,4495,2596,1.73,0.192532,2025-10-23
GME,23.63,2025-10-31,8,Call,25,0.36,0.37,0.39,16383,11191,1.46,0.284784,2025-10-23
GME,23.63,2025-10-31,8,Call,24.5,0.45,0.45,0.49,8449,3642,2.32,0.348812,2025-10-23
GME,23.63,2025-10-31,8,Put,24,0.86,0.96,1.04,3499,1039,3.37,-0.563409,2025-10-23
GME,23.63,2025-10-31,8,Call,23.5,0.8,0.81,0.88,4624,2048,2.26,0.541005,2025-10-23
GME,23.63,2025-10-31,8,Call,22.5,1.38,1.46,1.52,1013,671,1.51,0.731728,2025-10-23
GME,23.63,2025-10-31,8,Call,22,1.66,1.88,1.9,1483,603,2.46,0.794727,2025-10-23
GME,23.63,2025-10-24,1,Call,24,0.18,0.18,0.2,23151,13511,1.71,0.334693,2025-10-23
GME,23.63,2025-10-24,1,Put,23.5,0.23,0.24,0.25,2068,1251,1.65,-0.425749,2025-10-23
GME,23.63,2025-10-24,1,Call,23,0.66,0.74,0.75,14341,6909,2.08,0.777729,2025-10-23
GME,22.49,2028-01-21,822,Call,25,7.35,7.55,8.15,3084,373,8.27,0.60267,2025-10-22
GME,22.49,2026-01-16,87,Call,27,1.15,1.3,1.48,1000,655,1.53,0.326936,2025-10-22
GME,22.49,2026-01-16,87,Put,18,0.54,0.68,0.78,575,122,4.71,-0.175834,2025-10-22
GME,22.49,2025-12-19,59,Call,32,0.5,0.55,0.67,1426,322,4.43,0.166062,2025-10-22
GME,22.49,2025-12-19,59,Call,30,0.62,0.67,0.71,874,551,1.59,0.202916,2025-10-22
GME,22.49,2025-11-28,38,Call,23,1.18,1.23,1.23,563,313,1.8,0.471525,2025-10-22
GME,22.49,2025-11-28,38,Put,22,0.82,1.01,1.11,505,232,2.18,-0.413779,2025-10-22
GME,22.49,2025-11-21,31,Call,25.5,0.45,0.48,0.6,699,175,3.99,0.240386,2025-10-22
GME,22.49,2025-11-14,24,Call,30,0.14,0.17,0.18,4313,408,10.57,0.088442,2025-10-22
GME,22.49,2025-10-31,9,Call,23.5,0.25,0.28,0.3,2466,1223,2.02,0.28369,2025-10-22
GME,22.49,2025-10-31,9,Call,23,0.4,0.41,0.45,2609,1668,1.56,0.384985,2025-10-22
GME,22.49,2025-10-31,9,Call,22.5,0.57,0.62,0.65,747,252,2.96,0.508122,2025-10-22
GME,22.49,2025-10-31,9,Put,22,0.27,0.36,0.43,2187,1214,1.8,-0.356179,2025-10-22
GME,22.49,2025-10-31,9,Put,21.5,0.14,0.26,0.25,1386,117,11.85,-0.229864,2025-10-22
GME,22.49,2025-10-31,9,Put,21,0.07,0.16,0.21,655,178,3.68,-0.171576,2025-10-22
GME,22.49,2025-10-24,2,Call,23,0.14,0.15,0.17,13863,5723,2.42,0.284708,2025-10-22
GME,22.49,2025-10-24,2,Call,22.5,0.3,0.36,0.38,3222,839,3.84,0.502577,2025-10-22
GME,22.49,2025-10-24,2,Put,22,0.08,0.15,0.18,2838,1728,1.64,-0.276962,2025-10-22
GME,22.8,2026-01-16,88,Call,50,0.3,0.35,0.4,3794,2583,1.47,0.082697,2025-10-21
GME,22.8,2026-01-16,88,Call,29,0.85,0.93,0.94,925,639,1.45,0.255474,2025-10-21
GME,22.8,2025-12-19,60,Call,25,1.22,1.3,1.3,962,540,1.78,0.386595,2025-10-21
GME,22.8,2025-12-19,60,Put,23,1.85,1.85,1.95,978,185,5.29,-0.48365,2025-10-21
GME,22.8,2025-11-21,32,Call,28,0.25,0.25,0.27,7176,1903,3.77,0.13426,2025-10-21
GME,22.8,2025-11-21,32,Call,25,0.5,0.52,0.56,14944,6021,2.48,0.277591,2025-10-21
GME,22.8,2025-10-31,10,Call,25.5,0.05,0.1,0.14,889,712,1.25,0.107722,2025-10-21
GME,22.8,2025-10-31,10,Call,24.5,0.13,0.15,0.19,1804,1006,1.79,0.171939,2025-10-21
GME,22.8,2025-10-31,10,Call,23.5,0.29,0.32,0.38,1266,894,1.42,0.332588,2025-10-21
GME,22.8,2025-10-31,10,Put,22,0.2,0.24,0.26,835,499,1.67,-0.272103,2025-10-21
GME,22.8,2025-10-24,3,Call,23.5,0.15,0.15,0.17,17525,8284,2.12,0.253243,2025-10-21
GME,22.8,2025-10-24,3,Call,23,0.3,0.45,0.48,548,391,1.4,0.452472,2025-10-21
GME,23.37,2026-01-16,89,Put,23,1.97,2.14,2.15,2139,732,2.92,-0.426956,2025-10-20
GME,23.37,2025-11-21,33,Call,44,0,0.13,0.13,545,197,2.77,0.044801,2025-10-20
GME,23.37,2025-11-21,33,Call,38,0.11,0.11,0.17,567,130,4.36,0.046511,2025-10-20
GME,23.37,2025-11-07,19,Call,28,0.06,0.1,0.11,596,302,1.97,0.079891,2025-10-20
GME,23.37,2025-10-31,11,Call,24.5,0.24,0.26,0.27,880,332,2.65,0.264154,2025-10-20
GME,23.37,2025-10-31,11,Call,24,0.36,0.38,0.39,9166,2003,4.58,0.359323,2025-10-20
GME,23.37,2025-10-31,11,Put,22.5,0.18,0.25,0.31,5252,500,10.5,-0.267367,2025-10-20
GME,23.37,2025-10-24,4,Call,24.5,0.09,0.1,0.11,3760,2081,1.81,0.169323,2025-10-20
GME,23.37,2025-10-24,4,Call,24,0.17,0.18,0.19,12123,7938,1.53,0.282531,2025-10-20
GME,23.37,2025-10-24,4,Call,24,0.1,0.21,0.33,1478,852,1.73,0.298936,2025-10-20
GME,23.37,2025-10-24,4,Call,23.5,0.35,0.43,0.57,662,149,4.44,0.467008,2025-10-20
GME,23.07,2025-11-28,42,Call,26,0.54,0.65,0.77,1250,329,3.8,0.277025,2025-10-17
GME,23.07,2025-11-14,28,Call,25,0.45,0.59,0.63,2289,1460,1.57,0.304471,2025-10-17
GME,23.07,2025-10-31,13,Put,23.5,0.86,0.95,1,873,268,3.26,-0.584272,2025-10-17
GME,23.07,2025-10-31,13,Call,23.5,0.42,0.61,0.6,813,134,6.07,0.415507,2025-10-17
GME,23.07,2025-10-24,6,Put,24,0.99,1,1.11,2602,910,2.86,-0.854958,2025-10-17
GME,23.07,2025-10-24,6,Call,24,0.18,0.19,0.2,7423,3318,2.24,0.250033,2025-10-17
GME,23.07,2025-10-24,6,Put,23,0.38,0.42,0.44,3985,1455,2.74,-0.468092,2025-10-17
GME,23.07,2025-10-24,6,Call,23,0.52,0.54,0.57,5078,1639,3.1,0.530327,2025-10-17
GME,23.07,2025-10-24,6,Call,22.5,0.77,0.84,1.04,775,417,1.86,0.679927,2025-10-17
GME,23.07,2025-10-24,6,Put,22,0.1,0.13,0.14,1678,699,2.4,-0.185107,2025-10-17
GME,23.07,2025-10-17,0,Call,23,0.07,0.12,0.14,4840,2993,1.62,0.634534,2025-10-17
GME,22.95,2026-04-17,183,Call,23,3.7,4.5,4.45,715,109,6.56,0.571173,2025-10-16
GME,22.95,2025-11-14,30,Call,25,0.59,0.61,0.74,1317,229,5.75,0.302804,2025-10-16
GME,22.95,2025-11-07,23,Call,25,0.37,0.45,0.45,1087,451,2.41,0.267954,2025-10-16
GME,22.95,2025-10-31,15,Call,25,0.25,0.28,0.31,6002,2944,2.04,0.216528,2025-10-16
GME,22.95,2025-10-24,8,Call,23.5,0.36,0.38,0.39,3250,1040,3.13,0.371626,2025-10-16
GME,22.95,2025-10-24,8,Call,22,1.12,1.2,1.36,732,200,3.66,0.738513,2025-10-16
GME,22.95,2025-10-17,1,Call,23,0.21,0.22,0.25,4775,2465,1.94,0.471982,2025-10-16
GME,23.38,2027-09-17,702,Call,8,16.65,16.7,18.2,2812,794,3.54,0.895001,2025-10-15
GME,23.38,2027-09-17,702,Put,25,6,6.85,7.65,611,363,1.68,-0.406412,2025-10-15
GME,23.38,2025-11-21,38,Call,23,1.51,1.7,1.75,820,510,1.61,0.565449,2025-10-15
GME,23.38,2025-11-07,24,Call,30,0.14,0.16,0.17,704,476,1.48,0.089999,2025-10-15
GME,23.38,2025-11-07,24,Call,24,0.73,0.85,0.96,1548,399,3.88,0.433302,2025-10-15
GME,23.38,2025-10-24,9,Call,25.5,0.08,0.13,0.14,857,364,2.35,0.142594,2025-10-15
GME,23.38,2025-10-24,9,Call,24,0.37,0.38,0.41,1942,1253,1.55,0.361082,2025-10-15
GME,23.21,2026-01-16,95,Put,21,1.21,1.32,1.48,1710,1074,1.59,-0.304166,2025-10-14
GME,23.21,2025-11-07,25,Call,27,0.21,0.26,0.29,548,215,2.55,0.158824,2025-10-14
GME,23.21,2025-10-31,17,Call,25,0.35,0.38,0.4,1757,627,2.8,0.261776,2025-10-14
GME,23.21,2025-10-24,10,Call,23.5,0.48,0.54,0.57,659,464,1.42,0.443639,2025-10-14
GME,23.59,2026-01-16,96,Call,24,2.5,2.62,2.82,2131,962,2.22,0.526599,2025-10-13
GME,23.59,2025-10-24,11,Call,26,0.14,0.14,0.15,765,415,1.84,0.139272,2025-10-13
GME,23.59,2025-10-24,11,Call,25,0.26,0.27,0.27,2453,448,5.48,0.247058,2025-10-13
GME,23.59,2025-10-24,11,Call,24.5,0.35,0.36,0.4,642,200,3.21,0.3203,2025-10-13
GME,23.59,2025-10-24,11,Call,24,0.48,0.58,0.58,997,313,3.19,0.429062,2025-10-13
GME,23.59,2025-10-24,11,Call,23.5,0.69,0.73,0.82,704,215,3.27,0.53183,2025-10-13
GME,23.59,2025-10-17,4,Call,24.5,0.12,0.14,0.14,7464,4383,1.7,0.220569,2025-10-13
GME,23.3,2026-06-18,250,Put,25,4.7,4.9,5.75,550,107,5.14,-0.483711,2025-10-10
GME,23.3,2025-11-21,42,Put,21,0.49,0.55,0.56,773,172,4.49,-0.23425,2025-10-10
GME,23.3,2025-10-31,20,Call,27,0.25,0.34,0.33,518,154,3.36,0.170735,2025-10-10
GME,23.3,2025-10-31,20,Call,24,0.78,0.82,1,686,240,2.86,0.423275,2025-10-10
GME,23.3,2025-10-24,13,Call,25,0.25,0.36,0.37,529,128,4.13,0.260892,2025-10-10
GME,23.3,2025-10-17,6,Call,25.5,0.1,0.1,0.14,2663,475,5.61,0.12025,2025-10-10
GME,23.3,2025-10-17,6,Call,23,0.73,0.78,0.87,1513,351,4.31,0.587212,2025-10-10
GME,23.3,2025-10-17,6,Put,22.5,0.23,0.24,0.29,578,118,4.9,-0.271669,2025-10-10
GME,24.07,2027-01-15,464,Call,25,5.8,5.95,6.6,1040,167,6.23,0.58085,2025-10-09
GME,24.07,2027-01-15,464,Call,20,7.8,8,8.65,1171,284,4.12,0.695058,2025-10-09
GME,24.07,2026-10-16,372,Call,32,3.1,3.1,3.2,7504,447,16.79,0.401429,2025-10-09
GME,24.07,2026-01-16,100,Call,24,2.82,2.92,3.15,913,248,3.68,0.553386,2025-10-09
GME,24.07,2026-01-16,100,Call,12,12.25,12.25,14.25,876,341,2.57,0.949124,2025-10-09
GME,24.07,2025-11-21,44,Put,23,0.93,0.92,1,1509,760,1.99,-0.356535,2025-10-09
GME,24.07,2025-10-24,15,Put,24,0.74,0.82,0.85,824,414,1.99,-0.471834,2025-10-09
GME,24.07,2025-10-17,8,Call,24.5,0.42,0.44,0.48,3353,113,29.67,0.403741,2025-10-09
GME,24.07,2025-10-17,8,Call,22,1.78,2.15,2.56,601,112,5.37,0.897329,2025-10-09
GME,24.41,2025-11-21,45,Call,32,0.36,0.4,0.45,1121,727,1.54,0.148539,2025-10-08
GME,24.41,2025-10-17,9,Call,27,0.13,0.13,0.15,9910,5542,1.79,0.128405,2025-10-08
GME,24.41,2025-10-17,9,Call,26,0.22,0.24,0.26,7533,4089,1.84,0.223195,2025-10-08
GME,24.41,2025-10-17,9,Call,25,0.45,0.46,0.48,7408,4369,1.7,0.383428,2025-10-08
GME,24.41,2025-10-10,2,Call,25.5,0.07,0.14,0.19,2336,1070,2.18,0.203939,2025-10-08
GME,24.35,2028-01-21,837,Call,40,4.2,4.4,5.5,1120,735,1.52,0.412302,2025-10-07
GME,24.35,2026-01-16,102,Call,25,2.7,2.71,2.84,1456,825,1.76,0.518098,2025-10-07
GME,24.35,2025-11-21,46,Call,50,0.2,0.22,0.25,536,312,1.72,0.059374,2025-10-07
GME,24.35,2025-11-21,46,Call,32,0.41,0.46,0.51,785,150,5.23,0.160836,2025-10-07
GME,24.35,2025-11-21,46,Call,30,0.55,0.58,0.59,1723,907,1.9,0.20638,2025-10-07
GME,24.35,2025-11-21,46,Call,28,0.74,0.8,0.82,962,251,3.83,0.281039,2025-10-07
GME,24.35,2025-11-21,46,Put,24,1.4,1.4,1.45,1979,804,2.46,-0.434666,2025-10-07
GME,24.35,2025-11-21,46,Put,22,0.53,0.64,0.69,1623,172,9.44,-0.245517,2025-10-07
GME,24.35,2025-10-17,10,Call,32,0.09,0.11,0.11,999,343,2.91,0.064614,2025-10-07
GME,24.35,2025-10-17,10,Call,31,0.1,0.1,0.12,529,285,1.86,0.065287,2025-10-07
GME,24.35,2025-10-17,10,Put,26,1.77,1.9,1.95,833,337,2.47,-0.779271,2025-10-07
GME,24.35,2025-10-17,10,Call,26,0.31,0.32,0.33,4437,2908,1.53,0.250385,2025-10-07
GME,24.35,2025-10-17,10,Call,25,0.52,0.53,0.53,5474,1363,4.02,0.389094,2025-10-07
GME,24.35,2025-10-17,10,Put,24,0.52,0.51,0.57,3278,1475,2.22,-0.409135,2025-10-07
GME,24.35,2025-10-17,10,Call,24,0.9,0.95,1,2548,698,3.65,0.584799,2025-10-07
GME,25.05,2028-01-21,838,Call,40,4,4.1,6.5,1153,429,2.69,0.396793,2025-10-06
GME,25.05,2025-11-21,47,Put,18,0.11,0.16,0.48,695,134,5.19,-0.059457,2025-10-06
GME,25.05,2027-12-17,803,Put,23,4.7,4.7,7.4,1375,193,7.12,-0.322131,2025-10-06
GME,25.05,2026-04-17,193,Call,50,0.88,1.1,2.38,515,211,2.44,0.176953,2025-10-06
GME,27.22,2025-10-31,29,Call,35,0.49,0.52,0.55,1047,496,2.11,0.168805,2025-10-02
GME,27.22,2025-10-10,8,Call,29,0.53,0.57,0.6,3436,1828,1.88,0.306469,2025-10-02
GME,27.22,2025-10-10,8,Put,27.5,1.14,1.19,1.26,2344,117,20.03,-0.524364,2025-10-02
GME,27.22,2025-10-10,8,Put,27,0.91,0.92,0.99,5109,1583,3.23,-0.447767,2025-10-02
GME,27.22,2025-10-10,8,Put,26.5,0.55,0.72,0.83,1267,628,2.02,-0.373271,2025-10-02
GME,27.22,2025-10-10,8,Put,26,0.5,0.5,0.55,2368,1239,1.91,-0.296108,2025-10-02
GME,27.22,2025-10-10,8,Put,25.5,0.35,0.35,0.42,869,268,3.24,-0.227708,2025-10-02
GME,27.22,2025-10-03,1,Call,28.5,0.13,0.13,0.17,11736,5797,2.02,0.182014,2025-10-02
GME,27.22,2025-10-03,1,Put,28,0.97,0.96,1.07,1909,592,3.22,-0.708628,2025-10-02
GME,27.22,2025-10-03,1,Call,28,0.2,0.23,0.24,37065,18401,2.01,0.28711,2025-10-02
GME,27.22,2025-10-03,1,Put,27.5,0.44,0.62,0.7,2970,845,3.51,-0.586643,2025-10-02
GME,27.69,2026-06-18,260,Call,13,14.3,15.35,16.05,1195,254,4.7,0.910532,2025-10-01
GME,27.69,2025-10-24,23,Call,28,1.33,1.41,1.59,2633,806,3.27,0.493802,2025-10-01
GME,27.69,2025-10-10,9,Call,28.5,0.59,0.64,0.68,856,511,1.68,0.388292,2025-10-01
GME,27.69,2025-10-10,9,Put,27,0.39,0.55,0.67,1501,752,2,-0.359173,2025-10-01
GME,27.69,2025-10-10,9,Put,26,0.24,0.28,0.3,1093,667,1.64,-0.20969,2025-10-01
GME,27.69,2025-10-03,2,Put,27.5,0.37,0.39,0.42,2461,229,10.75,-0.428987,2025-10-01
GME,27.28,2027-01-15,473,Put,35,10.95,11.35,11.6,604,150,4.03,-0.548164,2025-09-30
GME,27.28,2025-10-24,24,Call,32,0.44,0.6,0.64,668,334,2,0.222433,2025-09-30
GME,27.21,2026-04-17,200,Put,20,1.11,1.32,1.34,1500,306,4.9,-0.173163,2025-09-29
GME,27.21,2025-10-10,11,Put,28,1.25,1.55,1.76,596,242,2.46,-0.593378,2025-09-29
GME,27.21,2025-10-03,4,Call,28.5,0.29,0.31,0.32,3778,1455,2.6,0.269736,2025-09-29
GME,26.42,2025-10-17,20,Call,29,0.77,0.83,0.84,10385,4458,2.33,0.315941,2025-09-26
GME,26.42,2025-10-03,6,Call,31,0.16,0.18,0.18,1676,908,1.85,0.11573,2025-09-26
GME,26.42,2025-10-03,6,Call,29.5,0.23,0.24,0.27,3694,105,35.18,0.166107,2025-09-26
GME,26.42,2025-10-03,6,Put,29,2.67,3.13,3.65,1234,727,1.7,-0.732135,2025-09-26
GME,26.42,2025-10-03,6,Call,28.5,0.25,0.34,0.35,1101,687,1.6,0.234515,2025-09-26
GME,26.42,2025-10-03,6,Call,27,0.6,0.62,0.62,12186,6839,1.78,0.411359,2025-09-26
GME,26.42,2025-10-03,6,Put,26.5,0.8,0.79,0.89,2146,1075,2,-0.501575,2025-09-26
GME,26.42,2025-10-03,6,Put,25.5,0.37,0.38,0.38,2505,1017,2.46,-0.300574,2025-09-26
GME,26.42,2025-09-26,0,Put,26.5,0.06,0.1,0.1,6399,2663,2.4,-0.74367,2025-09-26
GME,26.42,2025-09-26,0,Call,26,0.38,0.41,0.44,15291,9519,1.61,0,2025-09-26
GME,25.27,2028-01-21,849,Put,20,3.75,3.9,5.2,1474,206,7.16,-0.240403,2025-09-25
GME,25.27,2025-10-10,15,Put,24,0.33,0.45,0.47,3371,326,10.34,-0.282015,2025-09-25
GME,25.27,2025-10-03,8,Put,29,3.55,3.78,4.4,1145,602,1.9,-0.947404,2025-09-25
GME,25.27,2025-10-03,8,Put,25,0.53,0.59,0.6,2624,1430,1.83,-0.427576,2025-09-25
GME,25.27,2025-10-03,8,Put,24.5,0.32,0.4,0.4,1051,579,1.82,-0.322727,2025-09-25
GME,26.25,2025-10-24,30,Call,45,0.29,0.36,0.42,4316,1001,4.31,0.093518,2025-09-24
GME,26.25,2025-10-03,9,Put,30,3.85,3.84,4,599,273,2.19,-0.875395,2025-09-24
GME,26.8,2028-01-21,851,Put,50,23.4,24.35,25,1212,234,5.18,-0.75901,2025-09-23
GME,26.8,2026-06-18,268,Call,50,1.4,1.42,1.48,3257,800,4.07,0.206054,2025-09-23
GME,26.8,2025-09-26,3,Call,27.5,0.3,0.29,0.33,19694,4378,4.5,0.33072,2025-09-23
GME,26.78,2025-11-21,61,Put,24,1.01,1.13,1.25,1971,111,17.76,-0.273583,2025-09-22
GME,26.78,2025-10-31,39,Call,28,1.5,1.63,1.74,974,250,3.9,0.448262,2025-09-22
GME,26.78,2025-10-03,11,Put,26,0.58,0.61,0.67,1813,560,3.24,-0.355466,2025-09-22
GME,26.78,2025-09-26,4,Call,29,0.14,0.15,0.16,10290,2297,4.48,0.150144,2025-09-22
GME,26.78,2025-09-26,4,Call,28.5,0.18,0.19,0.19,5154,1167,4.42,0.192199,2025-09-22
GME,26.78,2025-09-26,4,Put,28,1.36,1.42,1.5,1112,444,2.5,-0.77278,2025-09-22
GME,26.78,2025-09-26,4,Put,27.5,1,1.07,1.08,2331,119,19.59,-0.661763,2025-09-22
GME,26.78,2025-09-26,4,Call,27.5,0.35,0.35,0.37,7686,2216,3.47,0.338906,2025-09-22
GME,26.78,2025-09-26,4,Put,27,0.67,0.7,0.72,6579,1046,6.29,-0.550109,2025-09-22
GME,26.78,2025-09-26,4,Put,26.5,0.43,0.44,0.46,3643,601,6.06,-0.412459,2025-09-22
GME,26.78,2025-09-26,4,Put,26,0.26,0.28,0.29,5411,2444,2.21,-0.289652,2025-09-22
GME,26.08,2026-10-16,391,Call,32,3.7,3.62,5.55,2542,367,6.93,0.480186,2025-09-19
GME,26.08,2025-10-24,34,Call,28,1.03,1.06,1.28,1367,303,4.51,0.370629,2025-09-19
GME,26.08,2025-10-03,13,Call,24.5,1.8,2.03,2.05,1108,516,2.15,0.737764,2025-09-19
GME,26.08,2025-09-26,6,Call,28,0.21,0.22,0.22,17801,8217,2.17,0.19706,2025-09-19
GME,26.08,2025-09-26,6,Call,27.5,0.26,0.28,0.28,2322,1129,2.06,0.249782,2025-09-19
GME,26.08,2025-09-26,6,Call,27,0.34,0.35,0.35,16187,5225,3.1,0.315974,2025-09-19
GME,25.88,2025-10-31,43,Call,40,0.35,0.42,0.65,630,205,3.07,0.11669,2025-09-18
GME,25.88,2025-09-19,1,Put,26.5,0.64,0.59,0.71,1018,379,2.69,-0.83451,2025-09-18
GME,26.1,2025-11-21,66,Call,40,0.49,0.61,0.64,671,338,1.99,0.148254,2025-09-17
GME,26.1,2025-10-03,16,Call,29,0.39,0.48,0.6,1186,608,1.95,0.241584,2025-09-17
GME,26.34,2025-11-21,67,Call,27,2.11,2.23,2.28,774,407,1.9,0.500931,2025-09-16
GME,26.34,2025-10-24,38,Call,27,1.48,1.6,1.77,901,240,3.75,0.477303,2025-09-16
GME,26.34,2025-10-10,24,Call,45,0.21,0.27,0.27,857,529,1.62,0.076799,2025-09-16
GME,26.34,2025-10-10,24,Call,29,0.64,0.72,0.8,704,333,2.11,0.296024,2025-09-16
GME,26.34,2025-10-03,17,Call,35,0.18,0.24,0.25,1008,576,1.75,0.100933,2025-09-16
GME,26.34,2025-10-03,17,Call,28,0.67,0.67,0.74,7145,1460,4.89,0.331532,2025-09-16
GME,26.34,2025-10-03,17,Put,27,1.49,1.63,1.74,3346,241,13.88,-0.559383,2025-09-16
GME,26.34,2025-10-03,17,Call,26.5,1.09,1.14,1.18,2353,706,3.33,0.499824,2025-09-16
GME,26.34,2025-10-03,17,Put,22,0.13,0.15,0.22,3471,2229,1.56,-0.085015,2025-09-16
GME,26.34,2025-09-26,10,Call,33,0.13,0.14,0.15,10584,416,25.44,0.081045,2025-09-16
GME,26.34,2025-09-26,10,Call,26.5,0.82,0.84,0.87,1764,1301,1.36,0.487957,2025-09-16
GME,26.34,2025-09-26,10,Put,26,0.7,0.72,0.72,1134,441,2.57,-0.423008,2025-09-16
GME,26.34,2025-09-26,10,Put,25.5,0.47,0.51,0.52,1199,470,2.55,-0.334657,2025-09-16
GME,26.34,2025-09-19,3,Call,29,0.09,0.12,0.11,6733,2529,2.66,0.107849,2025-09-16
GME,26.34,2025-09-19,3,Call,27.5,0.21,0.23,0.23,4609,3410,1.35,0.248336,2025-09-16
GME,26.34,2025-09-19,3,Call,26.5,0.45,0.45,0.48,9039,5703,1.58,0.460885,2025-09-16
GME,26.34,2025-09-19,3,Put,26,0.35,0.37,0.38,3172,1204,2.63,-0.388422,2025-09-16
GME,26.34,2025-09-19,3,Put,25.5,0.2,0.21,0.22,4062,2091,1.94,-0.254398,2025-09-16
GME,25.53,2025-11-21,68,Call,50,0.36,0.38,0.63,975,137,7.12,0.08791,2025-09-15
GME,25.53,2025-11-21,68,Call,26,2.06,2.2,2.25,636,128,4.97,0.510029,2025-09-15
GME,25.53,2025-10-03,18,Call,30,0.33,0.37,0.37,5718,3699,1.55,0.178085,2025-09-15
GME,25.53,2025-10-03,18,Call,24,1.92,2.15,2.18,2806,1077,2.61,0.706242,2025-09-15
GME,25.53,2025-09-26,11,Call,35,0.08,0.11,0.1,1393,803,1.73,0.049623,2025-09-15
GME,25.53,2025-09-26,11,Call,28.5,0.25,0.26,0.27,681,124,5.49,0.176659,2025-09-15
GME,25.53,2025-09-26,11,Call,28,0.3,0.31,0.31,6885,1149,5.99,0.209526,2025-09-15
GME,25.53,2025-09-26,11,Call,27.5,0.35,0.38,0.36,827,242,3.42,0.244475,2025-09-15
GME,25.53,2025-09-26,11,Call,26.5,0.53,0.53,0.57,1230,673,1.83,0.355135,2025-09-15
GME,25.53,2025-09-26,11,Put,25,0.53,0.56,0.59,2404,675,3.56,-0.381328,2025-09-15
GME,25.53,2025-09-26,11,Put,24.5,0.31,0.38,0.42,5951,290,20.52,-0.288709,2025-09-15
GME,25.53,2025-09-19,4,Call,27.5,0.13,0.14,0.14,3803,1323,2.87,0.153784,2025-09-15
GME,25.53,2025-09-19,4,Call,26.5,0.23,0.23,0.25,7501,2743,2.73,0.265885,2025-09-15
GME,25.53,2025-09-19,4,Put,25.5,0.46,0.48,0.49,4353,256,17,-0.481665,2025-09-15
GME,24.93,2026-01-16,126,Call,12,12.85,13.13,13.45,765,424,1.8,0.947458,2025-09-12
GME,24.93,2025-11-21,70,Call,30,0.8,0.86,0.99,1711,182,9.4,0.259688,2025-09-12
GME,24.93,2025-11-21,70,Call,25,2,2.15,2.22,703,175,4.02,0.530945,2025-09-12
GME,24.93,2025-11-21,70,Call,24,2.19,2.6,2.72,748,111,6.74,0.602359,2025-09-12
GME,24.93,2025-10-10,27,Call,26,0.8,0.91,0.94,966,439,2.2,0.401889,2025-09-12
GME,24.93,2025-09-26,13,Put,24.5,0.5,0.57,0.59,694,156,4.45,-0.397881,2025-09-12
GME,24.93,2025-09-26,13,Call,24.5,1.01,1.04,1.07,1251,702,1.78,0.596448,2025-09-12
GME,24.93,2025-09-19,6,Put,24.5,0.29,0.29,0.3,2712,1484,1.83,-0.350938,2025-09-12
GME,24.85,2025-09-12,1,Put,24.5,0.11,0.11,0.13,5273,2807,1.88,-0.281552,2025-09-11
GME,24.37,2027-12-17,829,Put,30,8.75,9.25,12,1374,723,1.9,-0.516368,2025-09-10
GME,24.37,2026-06-18,281,Call,32,2,2.22,2.55,2216,1005,2.2,0.351577,2025-09-10
GME,24.37,2026-04-17,219,Call,30,2.08,2.23,2.33,3201,390,8.21,0.376928,2025-09-10
GME,24.37,2026-01-16,129,Put,30,6.25,6.8,7.05,16002,3723,4.3,-0.703803,2025-09-10
GME,24.37,2025-10-24,44,Call,35,0.24,0.32,0.34,507,242,2.1,0.11181,2025-09-10
GME,24.37,2025-10-24,44,Call,25,1.33,1.5,1.6,799,303,2.64,0.475777,2025-09-10
GME,24.37,2025-10-17,37,Call,38,0.09,0.25,0.27,1693,511,3.31,0.08508,2025-09-10
GME,24.37,2025-10-10,30,Call,30,0.3,0.34,0.4,1475,361,4.09,0.154049,2025-09-10
GME,24.37,2025-10-10,30,Call,25,1.05,1.1,1.31,831,222,3.74,0.452488,2025-09-10
GME,24.37,2025-10-10,30,Call,23.5,1.62,1.57,2.33,1049,443,2.37,0.615894,2025-09-10
GME,24.37,2025-10-03,23,Call,30,0.25,0.27,0.32,2814,791,3.56,0.13464,2025-09-10
GME,24.37,2025-10-03,23,Call,28,0.35,0.41,0.42,514,346,1.49,0.205884,2025-09-10
GME,24.37,2025-10-03,23,Call,27,0.41,0.51,0.56,1102,463,2.38,0.258342,2025-09-10
GME,24.37,2025-10-03,23,Call,26,0.57,0.63,0.66,1292,348,3.71,0.327152,2025-09-10
GME,24.37,2025-10-03,23,Call,25,0.86,0.95,0.99,4536,804,5.64,0.441403,2025-09-10
GME,24.37,2025-10-03,23,Put,22,0.23,0.36,0.46,1579,461,3.43,-0.195444,2025-09-10
GME,24.37,2025-10-03,23,Put,20,0.08,0.13,0.13,516,244,2.11,-0.0768,2025-09-10
GME,24.37,2025-09-26,16,Call,32,0.02,0.14,0.15,666,111,6,0.076219,2025-09-10
GME,24.37,2025-09-26,16,Call,29,0.14,0.17,0.3,593,206,2.88,0.111843,2025-09-10
GME,24.37,2025-09-26,16,Call,28,0.2,0.24,0.27,1816,911,1.99,0.154554,2025-09-10
GME,24.37,2025-09-26,16,Call,25.5,0.59,0.67,0.82,1128,643,1.75,0.367068,2025-09-10
GME,24.37,2025-09-26,16,Call,25,0.76,0.78,0.81,3721,2183,1.7,0.425629,2025-09-10
GME,24.37,2025-09-26,16,Put,24,0.78,0.76,0.89,1607,123,13.07,-0.422799,2025-09-10
GME,24.37,2025-09-26,16,Put,23.5,0.43,0.68,0.84,649,361,1.8,-0.351862,2025-09-10
GME,24.37,2025-09-26,16,Call,23.5,1.43,1.68,1.68,1244,731,1.7,0.634188,2025-09-10
GME,24.37,2025-09-26,16,Put,23,0.35,0.44,0.5,1594,789,2.02,-0.271273,2025-09-10
GME,24.37,2025-09-26,16,Put,22,0.21,0.25,0.35,1307,835,1.57,-0.165344,2025-09-10
GME,24.37,2025-09-19,9,Call,27.5,0.14,0.18,0.17,601,384,1.57,0.12928,2025-09-10
GME,24.37,2025-09-19,9,Put,27,2.37,2.77,3.6,4064,1132,3.59,-0.869693,2025-09-10
GME,24.37,2025-09-19,9,Call,26.5,0.23,0.27,0.27,1781,983,1.81,0.209086,2025-09-10
GME,24.37,2025-09-19,9,Call,25.5,0.41,0.42,0.44,6826,3514,1.94,0.316818,2025-09-10
GME,24.37,2025-09-19,9,Call,24.5,0.74,0.76,0.81,3467,1941,1.79,0.489783,2025-09-10
GME,24.37,2025-09-19,9,Put,24,0.6,0.62,0.64,3183,895,3.56,-0.411149,2025-09-10
GME,24.37,2025-09-19,9,Put,23.5,0.42,0.44,0.46,898,407,2.21,-0.31811,2025-09-10
GME,24.37,2025-09-19,9,Put,22.5,0.2,0.22,0.24,2179,1220,1.79,-0.177272,2025-09-10
GME,24.37,2025-09-19,9,Put,22,0.15,0.17,0.17,11746,6003,1.96,-0.135888,2025-09-10
GME,24.37,2025-09-12,2,Call,26,0.12,0.12,0.13,33306,12885,2.58,0.155745,2025-09-10
GME,24.37,2025-09-12,2,Call,25.5,0.18,0.18,0.2,13559,4530,2.99,0.225929,2025-09-10
GME,24.37,2025-09-12,2,Put,25,0.87,0.91,0.99,3788,724,5.23,-0.67112,2025-09-10
GME,24.37,2025-09-12,2,Call,25,0.3,0.31,0.31,48196,33584,1.44,0.339974,2025-09-10
GME,24.37,2025-09-12,2,Put,24.5,0.6,0.6,0.65,6101,240,25.42,-0.52855,2025-09-10
GME,24.37,2025-09-12,2,Call,24.5,0.5,0.49,0.55,7330,4502,1.63,0.476276,2025-09-10
GME,24.37,2025-09-12,2,Put,24,0.4,0.41,0.42,9733,1720,5.66,-0.387778,2025-09-10
GME,24.37,2025-09-12,2,Put,23.5,0.26,0.29,0.3,7807,2279,3.43,-0.280409,2025-09-10
GME,24.37,2025-09-12,2,Put,23,0.19,0.2,0.22,22034,7181,3.07,-0.199103,2025-09-10
GME,23.59,2026-06-18,282,Call,35,2.23,2.25,2.37,5082,1882,2.7,0.32764,2025-09-09
GME,23.59,2025-10-17,38,Put,19,0.2,0.3,0.42,1414,954,1.48,-0.118914,2025-09-09
GME,23.59,2025-09-26,17,Call,25.5,0.79,0.91,0.93,536,169,3.17,0.357321,2025-09-09
GME,23.59,2025-09-26,17,Call,24,1.27,1.36,1.5,1105,808,1.37,0.488519,2025-09-09
GME,23.59,2025-09-26,17,Call,20,3.5,3.75,4.15,615,161,3.82,0.893318,2025-09-09
GME,23.59,2025-09-19,10,Call,26.5,0.52,0.54,0.53,914,431,2.12,0.253897,2025-09-09
GME,23.59,2025-09-19,10,Call,24.5,0.95,1,1,1865,591,3.16,0.425745,2025-09-09
GME,23.59,2025-09-19,10,Call,23.5,1.38,1.39,1.41,4736,1485,3.19,0.537369,2025-09-09
GME,23.59,2025-09-12,3,Call,28.5,0.2,0.22,0.23,1163,430,2.7,0.127958,2025-09-09
GME,23.59,2025-09-12,3,Call,24.5,0.82,0.84,0.85,4259,3412,1.25,0.409725,2025-09-09
GME,23.59,2025-09-12,3,Call,24,1.03,1.03,1.04,29222,15319,1.91,0.472001,2025-09-09
GME,23.59,2025-09-12,3,Put,21.5,0.38,0.4,0.41,20577,4176,4.93,-0.216417,2025-09-09
GME,23.59,2025-09-12,3,Put,21,0.29,0.3,0.3,5999,3360,1.79,-0.170524,2025-09-09
GME,23.59,2025-09-12,3,Put,19.5,0.13,0.14,0.14,1221,758,1.61,-0.08386,2025-09-09
GME,23.22,2025-10-24,46,Put,22,1.25,1.39,1.65,508,310,1.64,-0.361316,2025-09-08
GME,23.22,2025-09-12,4,Call,34,0.09,0.1,0.1,554,301,1.84,0.050865,2025-09-08
GME,23.22,2025-09-12,4,Call,32,0.11,0.12,0.12,972,611,1.59,0.064367,2025-09-08
GME,23.22,2025-09-12,4,Call,26.5,0.3,0.31,0.32,1724,1204,1.43,0.187381,2025-09-08
GME,22.61,2027-12-17,833,Call,23,7.6,7.75,8.35,14106,1225,11.52,0.623063,2025-09-05
GME,22.61,2025-09-19,13,Call,31,0.12,0.21,0.3,616,339,1.82,0.096433,2025-09-05
GME,22.61,2025-09-12,6,Put,19,0.16,0.18,0.18,842,488,1.73,-0.105617,2025-09-05
GME,22.37,2025-09-12,8,Call,27.5,0.21,0.26,0.26,839,497,1.69,0.139309,2025-09-04
GME,22.88,2027-12-17,836,Put,50,27.3,28.1,28.4,564,310,1.82,-0.772138,2025-09-03
GME,22.88,2026-04-17,226,Call,23,4.4,4.7,5,1342,1020,1.32,0.582158,2025-09-03
GME,22.88,2025-09-19,16,Call,33,0.19,0.18,0.24,700,457,1.53,0.089431,2025-09-03
GME,22.88,2025-09-19,16,Call,31,0.22,0.24,0.24,513,375,1.37,0.10654,2025-09-03
GME,22.88,2025-09-19,16,Call,25.5,0.62,0.77,0.82,2509,418,6,0.309793,2025-09-03
GME,22.88,2025-09-05,2,Put,23.5,0.69,0.7,0.74,1975,908,2.18,-0.801331,2025-09-03
GME,22.88,2025-09-05,2,Call,23.5,0.13,0.14,0.14,13507,9355,1.44,0.258109,2025-09-03
GME,23.41,2026-04-17,227,Call,25,4.05,4.15,4.4,527,174,3.03,0.535491,2025-09-02
GME,23.41,2025-09-19,17,Call,31,0.32,0.32,0.36,570,379,1.5,0.131157,2025-09-02
GME,23.41,2025-09-19,17,Call,28.5,0.36,0.48,0.51,702,425,1.65,0.196272,2025-09-02
GME,23.41,2025-09-19,17,Call,27.5,0.48,0.53,0.64,517,205,2.52,0.224886,2025-09-02
GME,23.41,2025-09-19,17,Call,26.5,0.61,0.69,0.8,530,208,2.55,0.280616,2025-09-02
GME,23.41,2025-09-12,10,Call,45,0.08,0.1,0.1,2361,1859,1.27,0.036112,2025-09-02
GME,23.41,2025-09-12,10,Call,29,0.31,0.33,0.36,962,675,1.43,0.153195,2025-09-02
GME,23.41,2025-09-12,10,Call,28.5,0.31,0.35,0.41,686,107,6.41,0.165105,2025-09-02
GME,23.41,2025-09-12,10,Call,23.5,1.39,1.42,1.43,4598,2158,2.13,0.519845,2025-09-02
GME,23.41,2025-09-12,10,Put,20.5,0.36,0.41,0.42,1123,290,3.87,-0.183866,2025-09-02
GME,23.41,2025-09-12,10,Put,20,0.29,0.31,0.32,1453,739,1.97,-0.146951,2025-09-02
GME,23.41,2025-09-12,10,Call,20,3.65,3.72,3.75,2063,811,2.54,0.849452,2025-09-02
GME,23.41,2025-09-05,3,Call,25,0.1,0.11,0.12,22786,11433,1.99,0.150544,2025-09-02
GME,23.41,2025-09-05,3,Call,24.5,0.14,0.15,0.15,3692,2008,1.84,0.210982,2025-09-02
GME,23.41,2025-09-05,3,Call,24,0.22,0.23,0.23,11281,6858,1.64,0.315183,2025-09-02
GME,23.41,2025-09-05,3,Put,23.5,0.48,0.51,0.53,828,610,1.36,-0.522192,2025-09-02
GME,23.41,2025-09-05,3,Call,23.5,0.39,0.39,0.4,16160,5204,3.11,0.475036,2025-09-02
GME,23.41,2025-09-05,3,Call,23,0.65,0.65,0.66,22290,13612,1.64,0.660129,2025-09-02
GME,23.41,2025-09-05,3,Call,22.5,1.01,1.02,1.05,8159,4059,2.01,0.811904,2025-09-02
GME,22.41,2025-09-19,20,Call,25.5,0.61,0.66,0.75,1244,199,6.25,0.276283,2025-09-01
GME,22.41,2025-09-19,20,Call,22.5,1.41,1.48,1.49,702,340,2.06,0.521275,2025-09-01
GME,22.41,2025-09-12,13,Call,25.5,0.5,0.51,0.54,742,541,1.37,0.246201,2025-09-01
GME,22.41,2025-09-12,13,Call,24,0.78,0.84,0.83,5245,3930,1.33,0.360547,2025-09-01
GME,22.41,2025-09-12,13,Call,20,2.82,2.87,3.1,532,351,1.52,0.783551,2025-09-01
GME,22.41,2025-09-05,6,Call,22.5,0.34,0.34,0.35,5382,2100,2.56,0.468459,2025-09-01
GME,22.41,2025-09-05,6,Put,22,0.2,0.22,0.22,5739,3378,1.7,-0.331571,2025-09-01
GME,22.41,2025-09-05,6,Put,21.5,0.12,0.13,0.15,1405,1101,1.28,-0.20057,2025-09-01
GME,22.41,2025-09-19,20,Call,25.5,0.61,0.66,0.75,1244,199,6.25,0.276283,2025-08-29
GME,22.41,2025-09-19,20,Call,22.5,1.41,1.48,1.49,702,340,2.06,0.521275,2025-08-29
GME,22.41,2025-09-12,13,Call,25.5,0.5,0.51,0.54,742,541,1.37,0.246201,2025-08-29
GME,22.41,2025-09-12,13,Call,24,0.78,0.84,0.83,5245,3930,1.33,0.360547,2025-08-29
GME,22.41,2025-09-12,13,Call,20,2.82,2.87,3.1,532,351,1.52,0.783551,2025-08-29
GME,22.41,2025-09-05,6,Call,22.5,0.34,0.34,0.35,5382,2100,2.56,0.468459,2025-08-29
GME,22.41,2025-09-05,6,Put,22,0.2,0.22,0.22,5739,3378,1.7,-0.331571,2025-08-29
GME,22.79,2027-12-17,842,Put,55,32.25,32.85,34.15,1151,498,2.31,-0.816897,2025-08-28
GME,22.79,2027-12-17,842,Call,27,6.75,7.08,7.2,5029,1959,2.57,0.576366,2025-08-28
GME,22.79,2027-01-15,506,Call,35,3.6,3.65,4.3,5791,3947,1.47,0.406188,2025-08-28
GME,22.79,2026-01-16,142,Call,28,2.09,2.21,2.24,2025,1249,1.62,0.389681,2025-08-28
GME,22.79,2025-09-19,22,Call,24.5,0.95,0.99,1.12,516,197,2.62,0.377194,2025-08-28
GME,22.5,2026-04-17,233,Call,23,4.55,4.7,5,866,157,5.52,0.575595,2025-08-27
GME,22.5,2025-09-26,30,Call,26,0.71,0.75,0.83,4913,339,14.49,0.280152,2025-08-27
GME,22.5,2025-09-12,16,Call,33,0.17,0.21,0.21,662,239,2.77,0.086824,2025-08-27
GME,22.5,2025-08-29,2,Call,22.5,0.26,0.26,0.28,8694,4469,1.95,0.504308,2025-08-27
GME,22.3,2027-12-17,844,Put,8,1.1,1.22,1.26,5002,2042,2.45,-0.066684,2025-08-26
GME,22.3,2026-06-18,296,Call,35,2.6,2.68,2.98,1964,709,2.77,0.355226,2025-08-26
GME,22.3,2025-09-05,10,Put,22.5,0.68,0.71,0.73,1959,1206,1.62,-0.5425,2025-08-26
GME,22.3,2025-08-29,3,Call,22.5,0.27,0.27,0.28,4168,3007,1.39,0.419207,2025-08-26
GME,22.68,2025-09-26,32,Put,21,0.68,0.88,0.9,829,316,2.62,-0.304429,2025-08-25
GME,22.68,2025-08-29,4,Put,24,1.25,1.37,1.46,2107,792,2.66,-0.900283,2025-08-25
GME,22.89,2027-12-17,847,Put,20,5.55,5.8,5.85,1305,495,2.64,-0.266144,2025-08-22
GME,22.89,2025-10-17,55,Call,41,0.4,0.43,0.43,1254,403,3.11,0.110848,2025-08-22
GME,22.89,2025-09-12,20,Put,23,1.36,1.55,1.58,2269,811,2.8,-0.480509,2025-08-22
GME,22.89,2025-08-29,6,Call,24,0.12,0.12,0.13,8793,4881,1.8,0.187489,2025-08-22
GME,22.89,2025-08-29,6,Call,23.5,0.19,0.2,0.2,8830,3102,2.85,0.296693,2025-08-22
GME,22.89,2025-08-29,6,Put,23,0.41,0.42,0.44,4964,2756,1.8,-0.543901,2025-08-22
GME,22.89,2025-08-29,6,Call,23,0.34,0.35,0.35,15468,7592,2.04,0.462851,2025-08-22
GME,22.63,2027-12-17,850,Put,10,1.22,1.7,1.75,24180,18184,1.33,-0.092234,2025-08-20
GME,22.63,2027-01-15,514,Put,20,4.35,4.66,4.65,2585,990,2.61,-0.294382,2025-08-20
GME,22.63,2026-06-18,302,Call,45,1.8,1.8,2.21,4509,207,21.78,0.25282,2025-08-20
GME,22.82,2025-09-05,17,Call,28,0.13,0.13,0.15,892,524,1.7,0.089623,2025-08-19
GME,23.11,2025-09-26,39,Call,27,0.74,0.79,0.85,722,415,1.74,0.275986,2025-08-18
GME,23.11,2025-09-12,25,Put,24,1.87,1.9,2.05,581,314,1.85,-0.572403,2025-08-18
GME,23.11,2025-09-05,18,Call,27,0.15,0.14,0.19,2621,753,3.48,0.122703,2025-08-18
GME,23.11,2025-09-05,18,Call,25,0.35,0.36,0.39,4691,3069,1.53,0.250789,2025-08-18
GME,23.11,2025-09-05,18,Call,24,0.52,0.59,0.59,1893,1356,1.4,0.374235,2025-08-18
GME,22.94,2026-06-18,306,Call,30,3.75,3.72,3.9,5913,3233,1.83,0.454,2025-08-15
GME,22.94,2025-09-19,34,Put,25,2.98,3.16,3.45,1304,737,1.77,-0.625085,2025-08-15
GME,22.94,2025-09-19,34,Put,19,0.26,0.33,0.45,1115,675,1.65,-0.137939,2025-08-15
GME,22.94,2025-09-12,27,Call,40,0.07,0.23,0.3,602,206,2.92,0.073994,2025-08-15
GME,22.94,2025-09-12,27,Call,22.5,1.56,1.74,1.95,520,177,2.94,0.574144,2025-08-15
GME,22.94,2025-09-05,20,Call,26,0.3,0.32,0.32,1286,700,1.84,0.195705,2025-08-15
GME,22.94,2025-09-05,20,Call,24,0.54,0.58,0.65,1452,848,1.71,0.357542,2025-08-15
GME,22.94,2025-09-05,20,Put,21,0.24,0.31,0.36,721,270,2.67,-0.202442,2025-08-15
GME,22.94,2025-08-22,6,Call,24,0.13,0.14,0.14,10444,6559,1.59,0.206465,2025-08-15
GME,22.94,2025-08-22,6,Call,23.5,0.2,0.21,0.22,8967,3035,2.95,0.310106,2025-08-15
GME,22.89,2025-09-05,22,Put,19,0.02,0.1,0.22,595,317,1.88,-0.070766,2025-08-14
GME,23.02,2027-01-15,521,Put,60,37.35,37.5,37.45,2631,1197,2.2,-0.862249,2025-08-13
GME,23.02,2025-09-05,23,Call,23.5,0.72,0.78,0.9,526,347,1.52,0.441525,2025-08-13
GME,22.93,2025-09-05,24,Call,40,0.08,0.12,0.19,990,158,6.27,0.046326,2025-08-12
GME,22.93,2025-09-05,24,Call,27,0.23,0.24,0.25,539,356,1.51,0.147101,2025-08-12
GME,22.93,2025-08-22,10,Put,25,1.99,2.42,2.25,689,228,3.02,-0.92922,2025-08-12
GME,22.93,2025-08-22,10,Call,23.5,0.32,0.34,0.34,1446,1096,1.32,0.357363,2025-08-12
GME,22.93,2025-08-22,10,Call,23,0.49,0.52,0.52,4355,1678,2.6,0.488626,2025-08-12
GME,22.41,2025-09-12,32,Call,24,0.87,1.09,1.18,806,264,3.05,0.393866,2025-08-11
GME,22.41,2025-08-22,11,Call,23.5,0.25,0.27,0.27,834,647,1.29,0.272247,2025-08-11
GME,22.27,2025-09-12,34,Call,26,0.56,0.63,0.69,713,264,2.7,0.253459,2025-08-08
GME,22.27,2025-08-15,6,Put,22.5,0.52,0.55,0.56,3220,2307,1.4,-0.579623,2025-08-08
GME,22.27,2025-08-15,6,Call,22.5,0.34,0.34,0.36,3445,2011,1.71,0.426073,2025-08-08
GME,22.65,2025-09-12,36,Call,25,0.89,0.95,0.98,830,447,1.86,0.344473,2025-08-07
GME,22.81,2027-12-17,864,Call,32,7,7.05,7.55,5001,1048,4.77,0.55092,2025-08-06
GME,22.81,2025-08-22,16,Call,28,0.11,0.11,0.14,6127,2049,2.99,0.080251,2025-08-06
GME,22.63,2025-09-05,32,Call,30,0.26,0.32,0.32,742,440,1.69,0.133351,2025-08-04
GME,22.63,2025-08-15,11,Call,22.5,0.71,0.73,0.75,1179,852,1.38,0.542078,2025-08-04
GME,22.63,2025-08-08,4,Call,22.5,0.46,0.48,0.48,5105,2264,2.25,0.556983,2025-08-04
GME,22.1,2025-08-08,6,Call,25,0.12,0.13,0.13,9797,6606,1.48,0.122101,2025-08-01
GME,22.1,2025-08-08,6,Call,24,0.14,0.15,0.15,10853,7115,1.53,0.163659,2025-08-01
GME,22.1,2025-08-08,6,Call,23.5,0.18,0.19,0.19,5222,2406,2.17,0.212113,2025-08-01
GME,22.1,2025-08-08,6,Call,23,0.25,0.25,0.26,11155,3489,3.2,0.28319,2025-08-01
GME,22.1,2025-08-08,6,Call,22.5,0.37,0.38,0.4,2182,1445,1.51,0.397756,2025-08-01
GME,22.1,2025-08-08,6,Put,22,0.44,0.46,0.48,5695,3047,1.87,-0.459246,2025-08-01
GME,22.1,2025-08-08,6,Put,21.5,0.24,0.25,0.27,3870,1261,3.07,-0.304831,2025-08-01
GME,22.1,2025-08-01,0,Call,22,0.08,0.13,0.18,3666,1803,2.03,0.715988,2025-08-01
GME,22.45,2025-08-01,1,Call,22.5,0.22,0.24,0.25,5919,3442,1.72,0.475103,2025-07-31
GME,22.45,2025-08-08,9,Put,25,2.35,2.54,2.84,1144,332,3.45,-0.799959,2025-07-30
GME,22.45,2025-08-08,9,Call,22.5,0.57,0.59,0.62,927,306,3.03,0.497804,2025-07-30
GME,22.45,2025-08-08,9,Put,21.5,0.17,0.2,0.19,1143,335,3.41,-0.226543,2025-07-30
GME,22.55,2027-12-17,872,Call,3,18,20.33,22.95,1372,945,1.45,0.956897,2025-07-29
GME,22.55,2025-09-19,52,Call,28,0.92,1.08,1.2,2208,1126,1.96,0.287616,2025-07-29
GME,22.55,2025-08-01,3,Call,23,0.25,0.25,0.26,5376,3911,1.37,0.349303,2025-07-29
GME,22.55,2025-08-01,3,Call,21.5,1.1,1.2,1.28,614,193,3.18,0.798747,2025-07-29
GME,22.98,2027-12-17,873,Call,3,20.6,20.65,23,1683,176,9.56,0.956843,2025-07-28
GME,22.98,2027-12-17,873,Put,27,8.1,10.25,11.9,941,131,7.18,-0.384036,2025-07-28
GME,22.98,2026-01-16,173,Call,18,6.75,6.93,7.55,623,162,3.85,0.751082,2025-07-28
GME,22.98,2025-08-29,32,Call,45,0.18,0.22,0.21,2522,1250,2.02,0.059001,2025-07-28
GME,22.98,2025-08-08,11,Call,24,0.4,0.41,0.42,2987,2380,1.26,0.324281,2025-07-28
GME,22.98,2025-08-08,11,Call,23.5,0.52,0.52,0.55,1164,685,1.7,0.404765,2025-07-28
GME,22.98,2025-08-08,11,Call,23,0.71,0.73,0.74,889,627,1.42,0.508761,2025-07-28
GME,22.98,2025-08-01,4,Call,23.5,0.25,0.27,0.28,11438,4759,2.4,0.343553,2025-07-28
GME,22.98,2025-08-01,4,Call,23,0.44,0.45,0.46,3580,2823,1.27,0.501421,2025-07-28
GME,23.33,2025-08-08,13,Call,23.5,0.76,0.81,0.83,706,354,1.99,0.485977,2025-07-25
GME,23.33,2025-08-01,6,Call,23.5,0.49,0.49,0.52,4723,2789,1.69,0.463082,2025-07-25
GME,23.33,2025-07-25,0,Call,22.5,0.7,0.8,0.91,1161,902,1.29,0.83253,2025-07-25
GME,23.96,2025-09-19,58,Call,32,0.97,1,1.06,890,444,2,0.243099,2025-07-23
GME,23.96,2025-09-19,58,Call,27,1.66,1.75,1.79,1249,448,2.79,0.398051,2025-07-23
GME,23.96,2025-08-15,23,Call,26.5,0.73,0.73,0.79,3121,223,14,0.304341,2025-07-23
GME,23.96,2025-08-15,23,Call,25.5,0.89,0.93,0.99,712,405,1.76,0.377069,2025-07-23
GME,24.26,2026-01-16,179,Call,55,0.76,0.92,1.12,2858,933,3.06,0.150506,2025-07-22
GME,24.26,2025-08-01,10,Call,25.5,0.5,0.5,0.52,6396,1458,4.39,0.327429,2025-07-22
GME,24.26,2025-07-25,3,Put,24,0.35,0.36,0.37,5556,3278,1.69,-0.405291,2025-07-22
GME,24.2,2025-09-19,60,Put,21,0.96,1.13,1.2,1580,807,1.96,-0.253558,2025-07-21
GME,24.2,2025-08-08,18,Call,25,0.85,0.89,0.91,1958,999,1.96,0.421764,2025-07-21
GME,24.2,2025-08-08,18,Call,24.5,0.98,1.05,1.1,1277,711,1.8,0.481743,2025-07-21
GME,24.2,2025-08-08,18,Call,24,1.11,1.26,1.34,2432,1302,1.87,0.547856,2025-07-21
GME,24.2,2025-08-01,11,Call,29,0.21,0.21,0.24,3258,820,3.97,0.125236,2025-07-21
GME,24.2,2025-08-01,11,Call,28,0.24,0.26,0.27,6587,2838,2.32,0.158549,2025-07-21
GME,24.2,2025-08-01,11,Call,26.5,0.35,0.4,0.39,1373,238,5.77,0.235505,2025-07-21
GME,24.2,2025-08-01,11,Call,26,0.42,0.42,0.44,3879,2494,1.56,0.272479,2025-07-21
GME,24.2,2025-08-01,11,Call,25.5,0.51,0.51,0.54,1246,773,1.61,0.325195,2025-07-21
GME,24.2,2025-08-01,11,Call,25,0.62,0.63,0.65,16402,6710,2.44,0.389673,2025-07-21
GME,24.2,2025-08-01,11,Call,23.5,1.21,1.25,1.3,3140,538,5.84,0.641414,2025-07-21
GME,24.2,2025-07-25,4,Call,27.5,0.11,0.13,0.13,2313,505,4.58,0.113383,2025-07-21
GME,24.2,2025-07-25,4,Call,27,0.14,0.15,0.15,9996,3682,2.71,0.134439,2025-07-21
GME,24.2,2025-07-25,4,Call,26,0.21,0.21,0.22,16331,6746,2.42,0.199003,2025-07-21
GME,24.2,2025-07-25,4,Call,25.5,0.25,0.26,0.26,9756,5016,1.94,0.251223,2025-07-21
GME,24.2,2025-07-25,4,Call,25,0.34,0.34,0.35,73835,26692,2.77,0.327148,2025-07-21
GME,24.2,2025-07-25,4,Call,24.5,0.46,0.45,0.49,26708,9636,2.77,0.434099,2025-07-21
GME,24.2,2025-07-25,4,Call,24,0.65,0.66,0.69,31754,13690,2.32,0.567047,2025-07-21
GME,24.2,2025-07-25,4,Put,23.5,0.23,0.23,0.24,3297,2142,1.54,-0.281532,2025-07-21
GME,24.2,2025-07-25,4,Call,23.5,0.91,0.95,1,19520,3607,5.41,0.708882,2025-07-21
GME,24.2,2025-07-25,4,Call,23,1.3,1.37,1.47,9950,5351,1.86,0.79992,2025-07-21
GME,23.28,2026-06-18,334,Put,30,9.05,9.95,10.5,824,241,3.42,-0.54458,2025-07-18
GME,23.28,2025-08-29,41,Call,30,0.33,0.4,0.4,974,339,2.87,0.157661,2025-07-18
GME,23.28,2025-08-01,13,Put,25,1.89,1.98,2.14,1192,413,2.89,-0.779007,2025-07-18
GME,23.28,2025-07-25,6,Call,25.5,0.09,0.1,0.1,3904,1765,2.21,0.119702,2025-07-18
GME,23.28,2025-07-25,6,Call,23.5,0.38,0.4,0.41,4261,1346,3.17,0.439413,2025-07-18
GME,23.4,2025-09-19,64,Call,26,1.7,1.76,1.92,1660,366,4.54,0.411226,2025-07-17
GME,23.4,2025-08-29,43,Call,26,0.8,0.91,0.9,614,143,4.29,0.320244,2025-07-17
GME,23.4,2025-08-15,29,Call,33,0.2,0.19,0.21,4430,727,6.09,0.08828,2025-07-17
GME,23.4,2025-08-01,15,Call,28,0.11,0.13,0.16,1481,853,1.74,0.095187,2025-07-17
GME,23.4,2025-08-01,15,Call,24.5,0.48,0.49,0.51,1394,423,3.3,0.336164,2025-07-17
GME,23.4,2025-08-01,15,Call,22,1.65,1.85,1.9,712,185,3.85,0.725272,2025-07-17
GME,23.4,2025-07-25,8,Call,24.5,0.26,0.26,0.27,5315,2583,2.06,0.26721,2025-07-17
GME,23.4,2025-07-25,8,Put,23.5,0.58,0.6,0.63,1069,646,1.65,-0.51989,2025-07-17
GME,23.68,2025-08-01,16,Call,29,0.14,0.15,0.17,620,332,1.87,0.096547,2025-07-16
GME,23.68,2025-08-01,16,Call,27.5,0.19,0.2,0.22,557,128,4.35,0.136145,2025-07-16
GME,23.68,2025-07-25,9,Call,24.5,0.42,0.43,0.45,2462,694,3.55,0.349246,2025-07-16
GME,23.68,2025-07-25,9,Call,23.5,0.8,0.8,0.84,784,570,1.38,0.552569,2025-07-16
GME,23.68,2025-07-18,2,Call,24.5,0.12,0.13,0.13,11800,8223,1.43,0.223183,2025-07-16
GME,23.22,2025-09-19,66,Call,45,0.35,0.34,0.4,763,192,3.97,0.09374,2025-07-15
GME,23.7,2027-12-17,887,Put,60,36.6,37.7,39.05,581,344,1.69,-0.719802,2025-07-14
GME,23.7,2025-07-25,11,Call,25.5,0.22,0.23,0.25,1131,548,2.06,0.207847,2025-07-14
GME,23.7,2025-07-25,11,Call,24.5,0.42,0.43,0.45,561,408,1.38,0.351135,2025-07-14
GME,23.33,2025-09-19,69,Call,30,1.15,1.2,1.23,665,143,4.65,0.282866,2025-07-11
GME,23.33,2025-09-19,69,Call,25,2.15,2.26,2.44,1528,376,4.06,0.469684,2025-07-11
GME,23.33,2025-08-22,41,Call,22,2.17,2.61,2.66,543,217,2.5,0.643406,2025-07-11
GME,23.33,2025-07-25,13,Call,24.5,0.47,0.53,0.5,564,116,4.86,0.329674,2025-07-11
GME,23.33,2025-07-18,6,Call,25.5,0.13,0.15,0.15,2887,1455,1.98,0.152962,2025-07-11
GME,23.33,2025-07-18,6,Call,24.5,0.23,0.24,0.25,5503,2593,2.12,0.252875,2025-07-11
GME,23.33,2025-07-18,6,Call,24,0.33,0.33,0.35,14132,11200,1.26,0.340498,2025-07-11
GME,23.33,2025-07-18,6,Put,23.5,0.61,0.61,0.65,4009,1714,2.34,-0.543006,2025-07-11
GME,23.33,2025-07-11,0,Put,23.5,0.1,0.13,0.2,15434,3584,4.31,-0.775756,2025-07-11
GME,23.33,2025-07-11,0,Call,23,0.35,0.35,0.5,11856,9551,1.24,0.864493,2025-07-11
GME,23.1,2026-01-16,191,Call,36,1.87,1.98,2.08,3312,415,7.98,0.303305,2025-07-10
GME,23.1,2025-08-01,22,Call,27,0.28,0.32,0.35,2248,1047,2.15,0.17621,2025-07-10
GME,23.1,2025-08-01,22,Call,24,0.78,0.81,0.84,2437,1808,1.35,0.40498,2025-07-10
GME,23.19,2025-07-11,2,Call,24.5,0.1,0.12,0.12,8501,6477,1.31,0.173694,2025-07-09
GME,23.19,2025-07-11,2,Call,24,0.15,0.17,0.17,21403,15170,1.41,0.252301,2025-07-09
GME,23.19,2025-07-11,2,Call,23.5,0.25,0.28,0.28,15332,6932,2.21,0.391271,2025-07-09
GME,23.19,2025-07-11,2,Call,23,0.46,0.47,0.49,20768,9013,2.3,0.588256,2025-07-09
GME,23.19,2025-07-11,2,Call,22.5,0.75,0.81,0.87,3703,1986,1.86,0.777881,2025-07-09
GME,22.75,2027-01-15,557,Put,65,41.5,42.95,45.45,1177,703,1.67,-0.819141,2025-07-08
GME,22.75,2025-10-17,101,Call,19,5.05,5.49,5.8,650,361,1.8,0.728876,2025-07-08
GME,22.75,2025-07-18,10,Call,26.5,0.1,0.1,0.12,1146,448,2.56,0.090129,2025-07-08
GME,22.75,2025-07-18,10,Call,23.5,0.42,0.44,0.46,4530,1723,2.63,0.35982,2025-07-08
GME,22.75,2025-07-18,10,Put,22.5,0.53,0.55,0.58,2071,1624,1.28,-0.428106,2025-07-08
GME,22.62,2027-01-15,558,Put,65,41.65,43.15,43.8,932,237,3.93,-0.811898,2025-07-07
GME,22.62,2025-07-25,18,Call,27,0.22,0.23,0.25,1935,1368,1.41,0.139014,2025-07-07
GME,22.62,2025-07-18,11,Put,22.5,0.71,0.75,0.77,1430,640,2.23,-0.460502,2025-07-07
GME,22.62,2025-07-11,4,Call,24,0.15,0.16,0.17,22576,14096,1.6,0.196293,2025-07-07
GME,22.62,2025-07-11,4,Call,23.5,0.23,0.24,0.24,6370,2870,2.22,0.281039,2025-07-07
GME,22.62,2025-07-11,4,Call,23,0.38,0.37,0.4,7767,3868,2.01,0.404054,2025-07-07
GME,22.62,2025-07-11,4,Put,22.5,0.44,0.47,0.48,3768,2481,1.52,-0.453422,2025-07-07
GME,22.62,2025-07-11,4,Call,22.5,0.56,0.59,0.61,1996,684,2.92,0.546061,2025-07-07
GME,22.62,2025-07-11,4,Put,22,0.24,0.26,0.27,2928,1141,2.57,-0.304868,2025-07-07
GME,22.62,2025-07-11,4,Put,21.5,0.13,0.15,0.15,1475,333,4.43,-0.192887,2025-07-07
GME,23.59,2025-07-25,22,Call,28.5,0.22,0.26,0.38,2664,725,3.67,0.140876,2025-07-04
GME,23.59,2025-07-11,8,Put,25,1.51,1.59,1.62,1179,770,1.53,-0.798284,2025-07-04
GME,23.59,2025-07-11,8,Call,25,0.23,0.23,0.25,16480,12945,1.27,0.230368,2025-07-04
GME,23.59,2025-07-11,8,Put,24.5,1.13,1.17,1.19,618,161,3.84,-0.717172,2025-07-04
GME,23.59,2025-07-11,8,Call,24,0.47,0.47,0.51,19101,3943,4.84,0.412999,2025-07-04
GME,23.59,2025-07-11,8,Call,23.5,0.69,0.71,0.75,2365,1335,1.77,0.533146,2025-07-04
GME,23.59,2025-07-03,1,Put,24,0.14,0.41,0.4,4742,2956,1.6,0,2025-07-04
GME,23.59,2025-07-25,22,Call,28.5,0.22,0.26,0.38,2664,725,3.67,0.140876,2025-07-03
GME,23.59,2025-07-11,8,Put,25,1.51,1.59,1.62,1179,770,1.53,-0.798284,2025-07-03
GME,23.59,2025-07-11,8,Call,25,0.23,0.23,0.25,16480,12945,1.27,0.230368,2025-07-03
GME,23.59,2025-07-11,8,Put,24.5,1.13,1.17,1.19,618,161,3.84,-0.717172,2025-07-03
GME,23.59,2025-07-11,8,Call,24,0.47,0.47,0.51,19101,3943,4.84,0.412999,2025-07-03
GME,23.59,2025-07-11,8,Call,23.5,0.69,0.71,0.75,2365,1335,1.77,0.533146,2025-07-03
GME,23.59,2025-07-03,1,Put,24,0.14,0.41,0.4,4742,2956,1.6,0,2025-07-03
GME,23.95,2025-07-25,23,Call,28.5,0.26,0.3,0.35,528,203,2.6,0.15817,2025-07-02
GME,23.95,2025-07-25,23,Call,28,0.35,0.35,0.41,4035,826,4.88,0.181313,2025-07-02
GME,23.95,2025-07-18,16,Call,28.5,0.17,0.17,0.27,1151,112,10.28,0.113039,2025-07-02
GME,23.95,2025-07-11,9,Call,22.5,1.44,1.59,1.72,614,346,1.77,0.831177,2025-07-02
GME,23.68,2025-08-15,45,Put,24,1.9,1.99,2.19,1577,982,1.61,-0.491694,2025-07-01
GME,23.68,2025-07-18,17,Call,23.5,1.06,1.2,1.18,1055,691,1.53,0.54579,2025-07-01
GME,23.68,2025-07-11,10,Put,23.5,0.57,0.53,0.61,3846,2814,1.37,-0.445403,2025-07-01
GME,23.68,2025-07-11,10,Put,23,0.38,0.39,0.39,2591,1531,1.69,-0.332175,2025-07-01
GME,23.68,2025-07-11,10,Put,22,0.15,0.16,0.17,1006,550,1.83,-0.160947,2025-07-01
GME,23.68,2025-07-03,2,Put,24.5,0.8,0.81,0.93,1308,756,1.73,-0.795212,2025-07-01
GME,23.68,2025-07-03,2,Put,24,0.46,0.5,0.53,4845,3007,1.61,-0.653294,2025-07-01
GME,24.39,2025-07-11,11,Call,27.5,0.14,0.14,0.17,1831,502,3.65,0.122026,2025-06-30
GME,24.39,2025-07-11,11,Call,26,0.3,0.31,0.31,3027,1442,2.1,0.249223,2025-06-30
GME,24.39,2025-07-11,11,Call,24.5,0.72,0.74,0.75,2636,1429,1.84,0.491751,2025-06-30
GME,24.39,2025-07-03,3,Call,25.5,0.11,0.12,0.12,4186,2375,1.76,0.187425,2025-06-30
GME,24.39,2025-07-03,3,Put,24,0.24,0.24,0.26,3616,1963,1.84,-0.343525,2025-06-30
GME,24.39,2025-07-03,3,Put,23.5,0.12,0.14,0.13,4838,2388,2.03,-0.199332,2025-06-30
GME,23.59,2026-06-18,355,Put,15,0.96,2.17,2.8,600,274,2.19,-0.159967,2025-06-27
GME,23.59,2025-07-11,13,Call,33,0.05,0.12,0.13,1847,196,9.42,0.06185,2025-06-27
GME,23.59,2025-07-11,13,Call,25.5,0.33,0.34,0.36,1434,456,3.14,0.243602,2025-06-27
GME,23.59,2025-07-11,13,Call,24.5,0.48,0.54,0.55,1527,225,6.79,0.363522,2025-06-27
GME,23.59,2025-07-11,13,Put,23.5,0.67,0.71,0.79,1168,535,2.18,-0.467372,2025-06-27
GME,23.59,2025-07-11,13,Put,22.5,0.14,0.39,0.48,1110,461,2.41,-0.284294,2025-06-27
GME,23.59,2025-07-03,5,Call,24,0.33,0.33,0.36,21464,5113,4.2,0.382926,2025-06-27
GME,23.59,2025-07-03,5,Put,23.5,0.41,0.43,0.45,2342,1267,1.85,-0.461336,2025-06-27
GME,23.59,2025-07-03,5,Call,23.5,0.53,0.54,0.57,4562,2429,1.88,0.537386,2025-06-27
GME,23.59,2025-06-27,0,Put,24,0.37,0.44,0.48,4865,1662,2.93,-0.853342,2025-06-27
GME,23.88,2025-07-11,15,Call,31,0.05,0.1,0.15,812,271,3,0.063031,2025-06-26
GME,23.88,2025-07-03,7,Call,24.5,0.36,0.36,0.38,6561,2133,3.08,0.355973,2025-06-26
GME,23.88,2025-06-27,1,Put,24,0.29,0.33,0.36,2364,1407,1.68,-0.566841,2025-06-26
GME,23.55,2025-08-01,37,Call,23,1.98,2.01,2.1,572,450,1.27,0.58091,2025-06-25
GME,23.55,2025-07-25,30,Put,21,0.45,0.51,0.53,1304,598,2.18,-0.216459,2025-06-25
GME,23.29,2025-07-18,24,Call,23.5,1.15,1.2,1.27,504,356,1.42,0.49829,2025-06-24
GME,23.29,2025-07-18,24,Call,22.5,1.54,1.69,1.79,591,224,2.64,0.619813,2025-06-24
GME,23.29,2025-06-27,3,Call,22.5,0.85,0.91,0.98,2690,1366,1.97,0.790486,2025-06-24
GME,22.82,2025-10-17,116,Call,31,2.01,2.2,2.33,3538,595,5.95,0.356664,2025-06-23
GME,22.82,2025-07-03,10,Call,24.5,0.31,0.32,0.34,746,340,2.19,0.24963,2025-06-23
GME,22.82,2025-06-27,4,Call,23.5,0.25,0.27,0.27,12799,3127,4.09,0.318574,2025-06-23
GME,22.82,2025-06-27,4,Call,23,0.41,0.42,0.45,7451,4127,1.81,0.453042,2025-06-23
GME,22.82,2025-06-27,4,Call,22.5,0.65,0.68,0.73,1324,805,1.64,0.608665,2025-06-23
GME,22.82,2025-06-27,4,Call,22,0.97,1.1,1.11,2554,1215,2.1,0.715313,2025-06-23
GME,23.46,2026-01-16,210,Put,19,2.56,2.9,2.92,610,138,4.42,-0.254449,2025-06-20
GME,23.46,2025-07-03,12,Call,25,0.52,0.54,0.56,6005,4523,1.33,0.316362,2025-06-20
GME,23.46,2025-06-27,6,Call,25.5,0.22,0.23,0.25,3003,1735,1.73,0.197341,2025-06-20
GME,23.46,2025-06-27,6,Call,24.5,0.38,0.39,0.4,5432,2766,1.96,0.317352,2025-06-20
GME,23.46,2025-06-27,6,Put,23.5,0.7,0.73,0.74,1753,1159,1.51,-0.495139,2025-06-20
GME,23.46,2025-06-27,6,Call,23.5,0.68,0.7,0.72,3867,1412,2.74,0.504846,2025-06-20
GME,23.46,2025-06-27,6,Put,23,0.46,0.49,0.49,2935,2290,1.28,-0.382536,2025-06-20
GME,23.46,2025-06-27,6,Put,22,0.18,0.18,0.19,2520,2036,1.24,-0.183559,2025-06-20
GME,23.44,2025-07-11,23,Call,29,0.32,0.44,0.53,1444,700,2.06,0.180403,2025-06-19
GME,23.44,2025-07-11,23,Put,23,1,1.12,1.2,1329,633,2.1,-0.420795,2025-06-19
GME,23.44,2025-06-27,9,Call,26.5,0.2,0.22,0.22,1137,723,1.57,0.160235,2025-06-19
GME,23.44,2025-06-27,9,Call,24.5,0.49,0.5,0.53,2596,645,4.02,0.342453,2025-06-19
GME,23.44,2025-06-27,9,Call,23.5,0.83,0.83,0.86,1630,1030,1.58,0.505101,2025-06-19
GME,23.44,2025-06-20,2,Call,24.5,0.09,0.1,0.1,9851,4492,2.19,0.174883,2025-06-19
GME,23.44,2025-06-20,2,Call,24,0.16,0.17,0.17,15417,10794,1.43,0.288526,2025-06-19
GME,23.44,2025-06-20,2,Put,23.5,0.35,0.36,0.4,4072,2761,1.47,-0.523164,2025-06-19
GME,23.44,2025-06-20,2,Call,23.5,0.32,0.32,0.36,7699,4726,1.63,0.479133,2025-06-19
GME,23.44,2025-07-11,23,Call,29,0.32,0.44,0.53,1444,700,2.06,0.180403,2025-06-18
GME,23.44,2025-07-11,23,Put,23,1,1.12,1.2,1329,633,2.1,-0.420795,2025-06-18
GME,23.44,2025-06-27,9,Call,26.5,0.2,0.22,0.22,1137,723,1.57,0.160235,2025-06-18
GME,23.44,2025-06-27,9,Call,24.5,0.49,0.5,0.53,2596,645,4.02,0.342453,2025-06-18
GME,23.44,2025-06-27,9,Call,23.5,0.83,0.83,0.86,1630,1030,1.58,0.505101,2025-06-18
GME,23.44,2025-06-20,2,Call,24.5,0.09,0.1,0.1,9851,4492,2.19,0.174883,2025-06-18
GME,23.44,2025-06-20,2,Call,24,0.16,0.17,0.17,15417,10794,1.43,0.288526,2025-06-18
GME,23.44,2025-06-20,2,Put,23.5,0.35,0.36,0.4,4072,2761,1.47,-0.523164,2025-06-18
GME,23.44,2025-06-20,2,Call,23.5,0.32,0.32,0.36,7699,4726,1.63,0.479133,2025-06-18
GME,22.99,2027-12-17,914,Put,3,0.4,0.4,0.41,18104,1452,12.47,-0.01673,2025-06-17
GME,22.99,2025-10-17,122,Put,24,4.7,4.8,4.95,3548,1306,2.72,-0.442893,2025-06-17
GME,22.99,2025-10-17,122,Call,18,6.2,7,7.7,1001,184,5.44,0.75528,2025-06-17
GME,22.99,2025-07-03,16,Call,28,0.29,0.32,0.35,818,324,2.52,0.158169,2025-06-17
GME,22.99,2025-07-03,16,Put,26.5,3.6,3.34,4.2,521,165,3.16,-0.796342,2025-06-17
GME,22.99,2025-07-03,16,Put,23,1.13,1.23,1.3,1060,689,1.54,-0.476219,2025-06-17
GME,22.99,2025-06-27,10,Call,27,0.23,0.24,0.25,11099,3259,3.41,0.148536,2025-06-17
GME,22.99,2025-06-27,10,Put,23.5,1.26,1.3,1.32,762,493,1.55,-0.558551,2025-06-17
GME,22.99,2025-06-27,10,Put,22.5,0.69,0.7,0.73,973,720,1.35,-0.397681,2025-06-17
GME,22.99,2025-06-20,3,Put,22.5,0.32,0.34,0.36,3462,2688,1.29,-0.350562,2025-06-17
GME,23.32,2027-01-15,579,Call,3,19.1,22.5,22.2,1820,427,4.26,0.967078,2025-06-16
GME,23.32,2026-01-16,215,Put,21,4,4.1,4.3,554,373,1.49,-0.314507,2025-06-16
GME,23.32,2025-10-17,123,Put,24,4.6,4.85,4.9,942,651,1.45,-0.425232,2025-06-16
GME,23.32,2025-06-27,11,Call,28,0.25,0.24,0.28,3123,1764,1.77,0.146154,2025-06-16
GME,23.32,2025-06-27,11,Call,27,0.32,0.32,0.34,2939,1383,2.13,0.180958,2025-06-16
GME,23.32,2025-06-27,11,Call,26,0.42,0.45,0.46,3021,1689,1.79,0.243975,2025-06-16
GME,23.32,2025-06-27,11,Call,25.5,0.49,0.45,0.54,857,299,2.87,0.278509,2025-06-16
GME,23.32,2025-06-27,11,Call,23.5,1.01,1,1.07,822,557,1.48,0.496671,2025-06-16
GME,23.32,2025-06-27,11,Put,21,0.2,0.23,0.23,1051,697,1.51,-0.160042,2025-06-16
GME,23.32,2025-06-27,11,Put,20,0.1,0.1,0.12,1640,1250,1.31,-0.079678,2025-06-16
GME,23.32,2025-06-20,4,Call,26.5,0.12,0.11,0.15,2016,1124,1.79,0.118638,2025-06-16
GME,23.32,2025-06-20,4,Call,24.5,0.33,0.35,0.37,5629,2011,2.8,0.293636,2025-06-16
GME,23.32,2025-06-20,4,Call,24,0.46,0.46,0.49,12440,7580,1.64,0.373377,2025-06-16
GME,23.32,2025-06-20,4,Put,23,0.51,0.57,0.54,5220,4068,1.28,-0.411269,2025-06-16
GME,23.32,2025-06-20,4,Put,21.5,0.11,0.13,0.13,2122,457,4.64,-0.137675,2025-06-16
GME,23.32,2025-06-20,4,Call,21.5,1.63,1.72,2.13,1019,187,5.45,0.789732,2025-06-16
GME,23.32,2025-06-20,4,Call,18,5,5.14,5.45,934,660,1.42,0.932981,2025-06-16
GME,22.14,2025-10-17,125,Put,30,9.75,10.03,10.4,10107,1904,5.31,-0.62778,2025-06-13
GME,22.14,2025-10-17,125,Call,30,2.75,2.8,2.8,15773,8413,1.87,0.402702,2025-06-13
GME,22.14,2025-08-15,62,Put,18,0.74,0.88,0.95,2663,296,9,-0.202199,2025-06-13
GME,22.14,2025-07-03,19,Call,25.5,0.65,0.75,0.84,725,289,2.51,0.284891,2025-06-13
GME,22.14,2025-07-03,19,Put,22,1.36,1.4,1.42,9725,5853,1.66,-0.45306,2025-06-13
GME,22.14,2025-07-03,19,Call,21,1.9,2.27,2.34,719,270,2.66,0.641228,2025-06-13
GME,22.14,2025-06-27,13,Call,28,0.35,0.35,0.43,1354,898,1.51,0.156446,2025-06-13
GME,22.14,2025-06-27,13,Call,27,0.4,0.46,0.53,1200,555,2.16,0.196996,2025-06-13
GME,22.14,2025-06-27,13,Put,23,1.8,1.81,1.92,677,486,1.39,-0.573922,2025-06-13
GME,22.14,2025-06-27,13,Call,23,1.03,1.03,1.06,2089,1606,1.3,0.433567,2025-06-13
GME,22.14,2025-06-27,13,Put,22.5,1.38,1.48,1.63,588,415,1.42,-0.516795,2025-06-13
GME,22.14,2025-06-27,13,Call,21,1.8,1.98,2.09,603,255,2.36,0.658744,2025-06-13
GME,22.14,2025-06-27,13,Call,20,2.38,2.6,2.6,890,540,1.65,0.770885,2025-06-13
GME,22.14,2025-06-20,6,Call,4,17.65,18.77,19.3,755,233,3.24,0.971382,2025-06-13
GME,22.14,2025-06-20,6,Call,3,18.1,19.2,19.95,814,498,1.63,0.99294,2025-06-13
GME,22.14,2025-06-20,6,Call,24.5,0.35,0.37,0.37,1976,733,2.7,0.235032,2025-06-13
GME,22.14,2025-06-20,6,Call,23.5,0.47,0.49,0.52,3428,2345,1.46,0.31857,2025-06-13
GME,22.14,2025-06-20,6,Put,22.5,1.04,1.06,1.11,2315,1441,1.61,-0.547753,2025-06-13
GME,22.14,2025-06-20,6,Call,22.5,0.74,0.75,0.77,2795,1619,1.73,0.457054,2025-06-13
GME,22.14,2025-06-13,0,Put,23,0.63,0.85,0.94,9201,4388,2.1,-0.828417,2025-06-13
GME,22.14,2025-06-13,0,Put,22.5,0.24,0.36,0.36,7430,2250,3.3,0,2025-06-13
GME,22.14,2027-12-17,919,Put,8,1.15,1.35,1.51,945,101,9.36,-0.068533,2025-06-12
GME,22.14,2027-12-17,919,Call,35,6.95,7,7.3,1767,268,6.59,0.541448,2025-06-12
GME,22.14,2027-12-17,919,Call,32,6.05,8,8.3,747,108,6.92,0.585309,2025-06-12
GME,22.14,2027-12-17,919,Call,15,12.35,12.5,12.95,1754,179,9.8,0.778037,2025-06-12
GME,22.14,2027-01-15,583,Call,5,15.5,17.75,20,4117,248,16.6,0.938229,2025-06-12
GME,22.14,2027-01-15,583,Put,27,10.1,11,11.35,6451,324,19.91,-0.39242,2025-06-12
GME,22.14,2027-01-15,583,Call,27,6.9,7.3,7.7,6334,1150,5.51,0.593752,2025-06-12
GME,22.14,2027-01-15,583,Put,25,8.45,9.3,9.35,4751,563,8.44,-0.369275,2025-06-12
GME,22.14,2027-01-15,583,Call,25,7.6,7.75,8.1,6642,1157,5.74,0.619807,2025-06-12
GME,22.14,2027-01-15,583,Call,20,8.95,9,10.55,7857,3570,2.2,0.688291,2025-06-12
GME,22.14,2026-06-18,371,Call,30,5.5,5.55,6.5,1116,329,3.39,0.525081,2025-06-12
GME,22.14,2026-06-18,371,Call,25,6.5,6.8,7.7,1863,600,3.11,0.601494,2025-06-12
GME,22.14,2026-01-16,219,Call,31,3.85,4.15,4.35,946,600,1.58,0.464835,2025-06-12
GME,22.14,2026-01-16,219,Put,25,7.4,7.78,7.9,8475,6436,1.32,-0.429075,2025-06-12
GME,22.14,2026-01-16,219,Call,25,5.3,5.39,5.55,14504,11741,1.24,0.565562,2025-06-12
GME,22.14,2026-01-16,219,Call,24,5.55,5.76,5.9,861,110,7.83,0.588215,2025-06-12
GME,22.14,2025-10-17,127,Call,45,1.44,1.86,1.85,1801,1090,1.65,0.243717,2025-06-12
GME,22.14,2025-10-17,127,Call,32,2.53,2.85,2.89,1466,989,1.48,0.390191,2025-06-12
GME,22.14,2025-10-17,127,Call,30,3,3.05,3.2,6430,5127,1.25,0.417792,2025-06-12
GME,22.14,2025-10-17,127,Call,26,3.5,3.8,4,786,548,1.43,0.498805,2025-06-12
GME,22.14,2025-10-17,127,Call,25,4.05,4.1,4.2,9309,3424,2.72,0.525184,2025-06-12
GME,22.14,2025-10-17,127,Call,24,4.2,4.2,4.5,2228,368,6.05,0.544645,2025-06-12
GME,22.14,2025-10-17,127,Put,23,4.95,5.15,5.3,1506,585,2.57,-0.420813,2025-06-12
GME,22.14,2025-10-17,127,Call,23,4.45,4.5,4.8,3152,324,9.73,0.572311,2025-06-12
GME,22.14,2025-10-17,127,Call,22,4.8,5,5.1,2385,895,2.66,0.605257,2025-06-12
GME,22.14,2025-10-17,127,Call,21,5.2,5.3,5.5,1493,407,3.67,0.633713,2025-06-12
GME,22.14,2025-10-17,127,Put,20,3.05,3.28,3.35,3793,2486,1.53,-0.323225,2025-06-12
GME,22.14,2025-10-17,127,Call,20,5.7,5.6,5.9,6244,3058,2.04,0.665317,2025-06-12
GME,22.14,2025-10-17,127,Put,15,1.01,1.07,1.14,5445,520,10.47,-0.149355,2025-06-12
GME,22.14,2025-10-17,127,Call,15,8,8.3,8.7,2546,527,4.83,0.827648,2025-06-12
GME,22.14,2025-10-17,127,Put,14,0.66,0.8,0.86,2306,136,16.96,-0.119044,2025-06-12
GME,22.14,2025-10-17,127,Put,10,0.1,0.16,0.27,1712,602,2.84,-0.031298,2025-06-12
GME,22.14,2025-10-17,127,Call,10,12,12.4,13.55,1108,340,3.26,0.940186,2025-06-12
GME,22.14,2025-08-15,64,Call,60,0.5,0.5,0.58,3807,1435,2.65,0.097023,2025-06-12
GME,22.14,2025-08-15,64,Call,35,1.1,1.2,1.35,916,520,1.76,0.236747,2025-06-12
GME,22.14,2025-08-15,64,Call,32,1.3,1.43,1.57,857,118,7.26,0.28017,2025-06-12
GME,22.14,2025-08-15,64,Call,31,1.5,1.5,1.67,1274,484,2.63,0.29524,2025-06-12
GME,22.14,2025-08-15,64,Call,30,1.69,1.68,1.7,5883,993,5.92,0.322843,2025-06-12
GME,22.14,2025-08-15,64,Call,29,1.77,1.73,1.91,715,412,1.74,0.346094,2025-06-12
GME,22.14,2025-08-15,64,Call,28,1.7,2.02,2.06,1204,104,11.58,0.372836,2025-06-12
GME,22.14,2025-08-15,64,Call,25,2.46,2.57,2.75,10139,231,43.89,0.459427,2025-06-12
GME,22.14,2025-08-15,64,Put,23,3.55,3.8,3.9,1621,387,4.19,-0.465755,2025-06-12
GME,22.14,2025-08-15,64,Put,20,1.9,2.03,2.03,2432,360,6.76,-0.321853,2025-06-12
GME,22.14,2025-08-15,64,Call,20,4.3,4.15,4.4,2329,109,21.37,0.66778,2025-06-12
GME,22.14,2025-07-25,43,Call,30,1.05,1.15,1.45,3453,257,13.44,0.267631,2025-06-12
GME,22.14,2025-07-25,43,Call,29,1.02,1.35,1.66,605,184,3.29,0.300841,2025-06-12
GME,22.14,2025-07-18,36,Call,31,0.85,0.95,1.08,3492,1840,1.9,0.233667,2025-06-12
GME,22.14,2025-07-18,36,Call,28,1.18,1.2,1.43,4312,2870,1.5,0.297469,2025-06-12
GME,22.14,2025-07-18,36,Call,25,1.66,1.77,1.81,16078,6498,2.47,0.409817,2025-06-12
GME,22.14,2025-07-18,36,Call,24,1.95,1.97,2.09,5401,1022,5.28,0.452665,2025-06-12
GME,22.14,2025-07-18,36,Put,23,2.84,3.1,3.2,2147,842,2.55,-0.49318,2025-06-12
GME,22.14,2025-07-18,36,Call,23,2.08,2.28,2.35,6279,933,6.73,0.505246,2025-06-12
GME,22.14,2025-07-18,36,Put,22,2.18,2.22,2.48,2801,1214,2.31,-0.439454,2025-06-12
GME,22.14,2025-07-18,36,Call,22,2.5,2.65,2.67,5933,3932,1.51,0.562419,2025-06-12
GME,22.14,2025-07-18,36,Put,21,1.63,1.75,1.9,12920,1284,10.06,-0.370739,2025-06-12
GME,22.14,2025-07-18,36,Call,21,2.7,2.85,3.2,723,228,3.17,0.62463,2025-06-12
GME,22.14,2025-07-18,36,Put,20,1.21,1.33,1.39,10468,3630,2.88,-0.304312,2025-06-12
GME,22.14,2025-07-18,36,Call,20,3.35,3.55,3.6,5175,3299,1.57,0.686595,2025-06-12
GME,22.14,2025-07-18,36,Put,18,0.5,0.62,0.66,1880,584,3.22,-0.176981,2025-06-12
GME,22.14,2025-07-18,36,Put,15,0.1,0.17,0.21,504,174,2.9,-0.058947,2025-06-12
GME,22.14,2025-07-11,29,Call,30,0.83,0.85,0.94,1571,981,1.6,0.229038,2025-06-12
GME,22.14,2025-07-11,29,Call,28,0.9,1.1,1.23,745,206,3.62,0.285886,2025-06-12
GME,22.14,2025-07-11,29,Put,25,4.2,4.5,4.7,575,388,1.48,-0.597949,2025-06-12
GME,22.14,2025-07-03,21,Call,30,0.65,0.75,0.74,1783,1302,1.37,0.205488,2025-06-12
GME,22.14,2025-07-03,21,Call,24,1.42,1.42,1.65,515,243,2.12,0.414528,2025-06-12
GME,22.14,2025-07-03,21,Put,23,2.38,2.72,2.86,729,158,4.61,-0.510616,2025-06-12
GME,22.14,2025-07-03,21,Put,22,1.79,1.95,2.35,7232,430,16.82,-0.444084,2025-06-12
GME,22.14,2025-07-03,21,Put,20,0.81,1,1.1,740,321,2.31,-0.286389,2025-06-12
GME,22.14,2025-06-27,15,Call,28,0.46,0.73,0.75,747,599,1.25,0.234057,2025-06-12
GME,22.14,2025-06-27,15,Call,27,0.7,0.84,0.96,615,192,3.2,0.267002,2025-06-12
GME,22.14,2025-06-27,15,Call,26,0.8,0.9,1,1582,181,8.74,0.295888,2025-06-12
GME,22.14,2025-06-27,15,Put,25,3.8,3.9,4.05,898,543,1.65,-0.658481,2025-06-12
GME,22.14,2025-06-27,15,Call,25,1.08,1.2,1.2,3370,483,6.98,0.359656,2025-06-12
GME,22.14,2025-06-27,15,Call,24,1.28,1.38,1.45,3761,122,30.83,0.411632,2025-06-12
GME,22.14,2025-06-27,15,Put,23,2.29,2.62,2.51,934,461,2.03,-0.528089,2025-06-12
GME,22.14,2025-06-27,15,Put,22,1.6,1.91,1.8,777,143,5.43,-0.448182,2025-06-12
GME,22.14,2025-06-27,15,Put,20,0.62,0.85,0.84,2262,438,5.16,-0.263024,2025-06-12
GME,22.14,2025-06-20,8,Call,33,0.22,0.28,0.31,13834,5553,2.49,0.104025,2025-06-12
GME,22.14,2025-06-20,8,Call,30.5,0.3,0.34,0.37,2603,1760,1.48,0.131982,2025-06-12
GME,22.14,2025-06-20,8,Call,28.5,0.4,0.42,0.47,882,630,1.4,0.168101,2025-06-12
GME,22.14,2025-06-20,8,Call,28,0.43,0.47,0.5,11633,6386,1.82,0.185186,2025-06-12
GME,22.14,2025-06-20,8,Put,27.5,5.6,5.8,6,917,739,1.24,-0.815043,2025-06-12
GME,22.14,2025-06-20,8,Call,27.5,0.47,0.47,0.55,1096,634,1.73,0.191879,2025-06-12
GME,22.14,2025-06-20,8,Call,26.5,0.56,0.52,0.63,1690,430,3.93,0.234668,2025-06-12
GME,22.14,2025-06-20,8,Call,26,0.62,0.65,0.69,4707,2193,2.15,0.255658,2025-06-12
GME,22.14,2025-06-20,8,Put,25.5,3.85,4.2,4.3,10804,230,46.97,-0.70008,2025-06-12
GME,22.14,2025-06-20,8,Call,25.5,0.68,0.68,0.75,3097,300,10.32,0.273462,2025-06-12
GME,22.14,2025-06-20,8,Call,25,0.78,0.79,0.79,25208,8386,3.01,0.306609,2025-06-12
GME,22.14,2025-06-20,8,Put,24,2.7,2.97,2.89,5066,2968,1.71,-0.634312,2025-06-12
GME,22.14,2025-06-20,8,Call,24,0.95,1,1,11335,1476,7.68,0.373664,2025-06-12
GME,22.14,2025-06-20,8,Put,23,1.99,2.18,2.1,6488,2160,3,-0.552176,2025-06-12
GME,22.14,2025-06-20,8,Call,23,1.21,1.22,1.25,29335,1922,15.26,0.450144,2025-06-12
GME,22.14,2025-06-20,8,Call,22.5,1.33,1.38,1.42,3065,115,26.65,0.496743,2025-06-12
GME,22.14,2025-06-20,8,Put,22,1.33,1.42,1.41,13550,1939,6.99,-0.452626,2025-06-12
GME,22.14,2025-06-20,8,Call,22,1.51,1.57,1.59,8585,2706,3.17,0.547232,2025-06-12
GME,22.14,2025-06-20,8,Put,21,0.8,0.85,0.86,8242,1475,5.59,-0.339056,2025-06-12
GME,22.14,2025-06-20,8,Call,21,2.02,2.02,2.06,2504,833,3.01,0.657114,2025-06-12
GME,22.14,2025-06-20,8,Put,20,0.44,0.47,0.48,21901,5652,3.87,-0.226545,2025-06-12
GME,22.14,2025-06-20,8,Put,19,0.22,0.25,0.27,9741,1085,8.98,-0.137989,2025-06-12
GME,22.14,2025-06-20,8,Put,18,0.13,0.15,0.16,8646,1845,4.69,-0.08583,2025-06-12
GME,22.14,2025-06-13,1,Call,27,0.08,0.1,0.13,6255,1139,5.49,0.07859,2025-06-12
GME,22.14,2025-06-13,1,Call,26.5,0.11,0.13,0.16,1046,289,3.62,0.098799,2025-06-12
GME,22.14,2025-06-13,1,Call,26,0.15,0.19,0.2,8561,387,22.12,0.132746,2025-06-12
GME,22.14,2025-06-13,1,Put,25,2.92,3.1,3.3,11246,8206,1.37,-0.825683,2025-06-12
GME,22.14,2025-06-13,1,Call,25,0.25,0.26,0.26,25962,1090,23.82,0.182195,2025-06-12
GME,22.14,2025-06-13,1,Put,24.5,2.53,2.8,2.9,1366,453,3.02,-0.745306,2025-06-12
GME,22.14,2025-06-13,1,Put,24,2.15,2.2,2.31,5883,4062,1.45,-0.752196,2025-06-12
GME,22.14,2025-06-13,1,Call,24,0.38,0.4,0.41,32538,909,35.8,0.266235,2025-06-12
GME,22.14,2025-06-13,1,Put,23.5,1.74,1.97,1.89,5579,347,16.08,-0.689427,2025-06-12
GME,22.14,2025-06-13,1,Put,23,1.34,1.4,1.45,20315,682,29.79,-0.628933,2025-06-12
GME,22.14,2025-06-13,1,Put,22.5,0.98,1.09,1.06,10259,359,28.58,-0.550775,2025-06-12
GME,22.14,2025-06-13,1,Put,22,0.65,0.65,0.69,32133,1155,27.82,-0.453022,2025-06-12
GME,22.14,2025-06-13,1,Call,22,0.82,0.85,0.85,22061,108,204.27,0.545839,2025-06-12
GME,22.14,2025-06-13,1,Put,21,0.16,0.18,0.18,23272,573,40.61,-0.206982,2025-06-12
GME,22.14,2025-06-13,1,Call,21,1.28,1.35,1.42,2227,122,18.25,0.778359,2025-06-12
GME,22.14,2025-06-13,1,Call,20,2.1,2.3,2.29,2047,126,16.25,0.924354,2025-06-12
GME,28.55,2026-01-16,220,Call,36,4.1,4.2,4.45,825,156,5.29,0.44839,2025-06-11
GME,28.55,2025-08-15,65,Call,60,0.55,0.6,0.94,1176,446,2.64,0.106361,2025-06-11
GME,28.55,2025-08-15,65,Call,30,2.6,2.64,2.75,675,417,1.62,0.48352,2025-06-11
GME,28.55,2025-07-18,37,Call,45,0.47,0.54,0.6,3277,2446,1.34,0.126198,2025-06-11
GME,28.55,2025-07-18,37,Call,22,6.45,6.9,6.95,4155,2628,1.58,0.889655,2025-06-11
GME,28.55,2025-07-11,30,Call,35,0.77,0.83,0.96,758,265,2.86,0.231991,2025-06-11
GME,28.55,2025-07-03,22,Put,30,2.26,2.6,2.76,579,216,2.68,-0.597733,2025-06-11
GME,28.55,2025-06-27,16,Put,29,1.23,1.72,2.03,572,416,1.38,-0.522551,2025-06-11
GME,28.55,2025-06-20,9,Call,28.5,1,1.06,1.09,699,269,2.6,0.524579,2025-06-11
GME,28.55,2025-06-13,2,Call,30.5,0.19,0.19,0.21,8276,3611,2.29,0.181005,2025-06-11
GME,28.55,2025-06-13,2,Call,30,0.24,0.24,0.25,25165,17237,1.46,0.230831,2025-06-11
GME,28.55,2025-06-13,2,Call,29.5,0.33,0.34,0.35,6136,3127,1.96,0.309249,2025-06-11
GME,28.55,2025-06-13,2,Call,29,0.44,0.45,0.46,12553,3629,3.46,0.401924,2025-06-11
GME,28.55,2025-06-13,2,Put,27.5,0.21,0.21,0.23,13029,6960,1.87,-0.231849,2025-06-11
GME,30.15,2025-07-18,38,Put,22,0.18,0.25,0.33,1053,270,3.9,-0.072094,2025-06-10
GME,30.15,2025-06-27,17,Call,29,2.8,2.91,3.2,999,495,2.02,0.615242,2025-06-10
GME,30.15,2025-06-27,17,Call,28.5,2.8,3.25,3.5,1006,260,3.87,0.646872,2025-06-10
GME,30.15,2025-06-13,3,Call,42,0.23,0.24,0.24,1028,795,1.29,0.08482,2025-06-10
GME,30.15,2025-06-13,3,Call,30.5,1.56,1.61,1.63,3760,2301,1.63,0.497856,2025-06-10
GME,30.15,2025-06-13,3,Put,28.5,0.87,0.9,0.91,3033,2104,1.44,-0.315038,2025-06-10
GME,30.15,2025-06-13,3,Call,28,2.81,2.92,3.05,2933,1871,1.57,0.724595,2025-06-10
GME,30.15,2025-06-13,3,Put,26,0.27,0.27,0.3,3960,2518,1.57,-0.124458,2025-06-10
GME,30.15,2025-06-13,3,Put,25.5,0.2,0.23,0.24,1634,828,1.97,-0.105537,2025-06-10
GME,30.15,2025-06-13,3,Put,24,0.11,0.11,0.12,3113,1686,1.85,-0.054432,2025-06-10
GME,30.15,2025-06-13,3,Call,24,6.2,6.19,7.5,1118,242,4.62,0.845357,2025-06-10
GME,30.34,2025-06-27,18,Call,30.5,2.35,2.39,2.51,510,393,1.3,0.529058,2025-06-09
GME,30.34,2025-06-20,11,Call,29,2.66,2.66,2.7,4602,3306,1.39,0.639264,2025-06-09
GME,30.34,2025-06-13,4,Call,47,0.18,0.2,0.2,757,382,1.98,0.063353,2025-06-09
GME,30.34,2025-06-13,4,Call,37,0.54,0.55,0.56,1736,1182,1.47,0.183351,2025-06-09
GME,30.34,2025-06-13,4,Call,30.5,1.72,1.75,1.79,2205,1710,1.29,0.515854,2025-06-09
GME,30.34,2025-06-13,4,Call,29.5,2.12,2.15,2.17,3284,2190,1.5,0.605398,2025-06-09
GME,30.34,2025-06-13,4,Put,26.5,0.27,0.28,0.29,1371,556,2.47,-0.133475,2025-06-09
GME,29.58,2027-12-17,924,Put,13,1.81,2,2.63,1000,312,3.21,-0.08775,2025-06-06
GME,29.58,2025-06-13,6,Call,42,0.23,0.25,0.25,586,457,1.28,0.085513,2025-06-06
GME,29.58,2025-06-13,6,Call,33.5,0.72,0.75,0.77,2041,926,2.2,0.263005,2025-06-06
GME,29.58,2025-06-13,6,Call,29.5,1.66,1.7,1.72,1667,804,2.07,0.535157,2025-06-06
GME,29.45,2025-06-13,8,Call,29,1.97,1.96,2.03,1466,750,1.95,0.569564,2025-06-05
GME,29.45,2025-06-13,8,Call,28.5,2.19,2.26,2.27,1067,559,1.91,0.614155,2025-06-05
GME,29.95,2025-07-18,44,Put,24,0.52,0.63,0.69,1507,420,3.59,-0.1498,2025-06-04
GME,29.95,2025-06-13,9,Call,38,0.6,0.61,0.62,568,437,1.3,0.179962,2025-06-04
GME,29.95,2025-06-13,9,Call,33,1.11,1.1,1.13,4187,2729,1.53,0.334263,2025-06-04
GME,29.95,2025-06-13,9,Put,29.5,1.54,1.44,1.6,558,302,1.85,-0.430134,2025-06-04
GME,29.95,2025-06-13,9,Put,25,0.16,0.15,0.18,3489,2440,1.43,-0.084566,2025-06-04
GME,29.95,2025-06-06,2,Call,33,0.09,0.1,0.1,22649,6256,3.62,0.099202,2025-06-04
GME,29.95,2025-06-06,2,Call,29.5,0.79,0.79,0.83,1584,993,1.6,0.639326,2025-06-04
GME,30.1,2025-06-13,10,Call,32,1.42,1.46,1.47,6114,2611,2.34,0.405127,2025-06-03
GME,30.1,2025-06-06,3,Put,28.5,0.21,0.22,0.23,3830,1242,3.08,-0.19426,2025-06-03
GME,30.64,2026-01-16,229,Put,120,88.1,89.8,90.25,2454,540,4.54,-0.899963,2025-06-02
GME,30.64,2025-06-13,11,Call,36,1.03,1.05,1.08,1844,1304,1.41,0.274492,2025-06-02
GME,30.64,2025-06-13,11,Put,28,0.81,0.82,0.84,1829,1465,1.25,-0.25824,2025-06-02
GME,30.64,2025-06-06,4,Call,33.5,0.39,0.42,0.42,1136,847,1.34,0.225912,2025-06-02
GME,30.64,2025-06-06,4,Call,32.5,0.52,0.54,0.55,7006,2881,2.43,0.294392,2025-06-02
GME,30.64,2025-06-06,4,Call,31.5,0.7,0.71,0.75,1819,1430,1.27,0.392568,2025-06-02
GME,30.64,2025-06-06,4,Call,30.5,1,1.07,1.07,3744,2284,1.64,0.538133,2025-06-02
GME,30.64,2025-06-06,4,Put,29.5,0.42,0.47,0.45,1769,1412,1.25,-0.292133,2025-06-02
GME,30.64,2025-06-06,4,Put,29,0.28,0.3,0.3,4393,2721,1.61,-0.219886,2025-06-02
GME,29.8,2025-07-18,48,Call,39,1.88,1.92,2.07,1006,366,2.75,0.309806,2025-05-30
GME,29.8,2025-06-27,27,Put,30,2.27,2.8,3,541,358,1.51,-0.465899,2025-05-30
GME,29.8,2025-06-27,27,Call,29,2.8,2.99,3.4,526,198,2.66,0.590081,2025-05-30
GME,29.8,2025-06-06,6,Call,53,0.1,0.11,0.12,2209,1402,1.58,0.035036,2025-05-30
GME,29.8,2025-06-06,6,Call,50,0.11,0.12,0.12,2381,1389,1.71,0.039998,2025-05-30
GME,29.8,2025-06-06,6,Call,30.5,0.78,0.82,0.85,3063,1167,2.62,0.420823,2025-05-30
GME,29.8,2025-06-06,6,Put,30,1.12,1.19,1.19,4106,2999,1.37,-0.511181,2025-05-30
GME,29.8,2025-06-06,6,Put,29.5,0.84,0.8,0.9,1527,630,2.42,-0.436175,2025-05-30
GME,29.8,2025-06-06,6,Call,29.5,1.15,1.17,1.2,1181,639,1.85,0.563125,2025-05-30
GME,29.8,2025-06-06,6,Call,29,1.38,1.45,1.48,2215,1500,1.48,0.640257,2025-05-30
GME,29.8,2025-06-06,6,Put,28.5,0.4,0.41,0.44,1447,592,2.44,-0.272737,2025-05-30
GME,29.8,2025-05-30,0,Call,29.5,0.2,0.28,0.43,4192,2783,1.51,0.685775,2025-05-30
GME,29.57,2026-01-16,233,Call,80,1.78,2.05,2.27,3587,1340,2.68,0.208199,2025-05-29
GME,29.57,2025-06-20,22,Put,28.5,1.71,1.82,1.85,652,209,3.12,-0.387854,2025-05-29
GME,29.57,2025-06-13,15,Call,50,0.49,0.54,0.6,673,441,1.53,0.115043,2025-05-29
GME,29.57,2025-06-13,15,Call,33,1.3,1.38,1.46,2690,1484,1.81,0.35018,2025-05-29
GME,29.57,2025-06-13,15,Put,28.5,1.26,1.55,1.67,632,227,2.78,-0.383039,2025-05-29
GME,29.57,2025-06-06,8,Call,32,0.66,0.67,0.69,4770,3533,1.35,0.294164,2025-05-29
GME,29.57,2025-06-06,8,Call,31,0.81,0.84,0.86,5268,2059,2.56,0.368281,2025-05-29
GME,29.57,2025-06-06,8,Put,30.5,1.79,1.94,1.89,511,304,1.68,-0.589025,2025-05-29
GME,29.57,2025-06-06,8,Call,30.5,0.92,0.95,0.98,1345,943,1.43,0.414415,2025-05-29
GME,29.57,2025-06-06,8,Put,29.5,1.13,1.2,1.18,769,426,1.81,-0.470613,2025-05-29
GME,29.57,2025-06-06,8,Put,26,0.1,0.12,0.12,1123,812,1.38,-0.086505,2025-05-29
GME,29.57,2025-05-30,1,Call,31.5,0.11,0.12,0.13,4545,2665,1.71,0.14174,2025-05-29
GME,29.57,2025-05-30,1,Call,31,0.15,0.16,0.18,16503,4592,3.59,0.191334,2025-05-29
GME,29.57,2025-05-30,1,Call,30.5,0.21,0.23,0.24,4393,3073,1.43,0.269146,2025-05-29
GME,29.57,2025-05-30,1,Call,30,0.33,0.36,0.35,14390,10309,1.4,0.380775,2025-05-29
GME,29.57,2025-05-30,1,Put,29.5,0.44,0.49,0.49,5199,1698,3.06,-0.469999,2025-05-29
GME,29.57,2025-05-30,1,Put,29,0.25,0.25,0.26,6011,2896,2.08,-0.311394,2025-05-29
GME,29.57,2025-05-30,1,Put,28.5,0.12,0.15,0.15,2138,1491,1.43,-0.198941,2025-05-29
GME,31.21,2025-10-17,142,Put,22,1.21,1.47,1.47,2415,477,5.06,-0.157601,2025-05-28
GME,31.21,2025-07-03,36,Call,35,2.8,2.86,3.05,743,105,7.08,0.43409,2025-05-28
GME,31.21,2025-06-20,23,Call,33.5,2.57,2.62,2.75,944,187,5.05,0.45622,2025-05-28
GME,31.21,2025-06-20,23,Put,32,3.65,3.75,3.85,709,330,2.15,-0.483629,2025-05-28
GME,31.21,2025-06-20,23,Call,31.5,3.1,3.15,3.35,763,252,3.03,0.537257,2025-05-28
GME,31.21,2025-06-20,23,Call,29.5,3.85,4.04,4.1,540,326,1.66,0.63406,2025-05-28
GME,31.21,2025-06-13,16,Put,30,2.08,2.18,2.25,728,561,1.3,-0.386223,2025-05-28
GME,31.21,2025-06-13,16,Put,22,0.1,0.1,0.27,502,373,1.35,-0.036132,2025-05-28
GME,31.21,2025-06-06,9,Call,40,0.73,0.73,0.75,10407,6728,1.55,0.190833,2025-05-28
GME,31.21,2025-06-06,9,Call,37,0.91,0.96,0.96,2199,1559,1.41,0.256083,2025-05-28
GME,31.21,2025-06-06,9,Call,36,1.02,1.03,1.05,2295,1520,1.51,0.281569,2025-05-28
GME,31.21,2025-06-06,9,Call,35,1.14,1.15,1.17,9494,6124,1.55,0.316556,2025-05-28
GME,31.21,2025-06-06,9,Call,34,1.26,1.29,1.33,6491,3923,1.65,0.35809,2025-05-28
GME,31.21,2025-06-06,9,Call,33.5,1.35,1.38,1.43,749,446,1.68,0.382813,2025-05-28
GME,31.21,2025-06-06,9,Call,33,1.45,1.46,1.53,2447,1846,1.33,0.408467,2025-05-28
GME,31.21,2025-06-06,9,Call,32.5,1.56,1.59,1.64,1562,848,1.84,0.439624,2025-05-28
GME,31.21,2025-06-06,9,Put,32,2.45,2.5,2.54,1162,633,1.84,-0.527062,2025-05-28
GME,31.21,2025-06-06,9,Call,32,1.7,1.72,1.78,5025,1588,3.16,0.472558,2025-05-28
GME,31.21,2025-06-06,9,Put,31,1.78,1.8,1.86,1013,709,1.43,-0.451749,2025-05-28
GME,31.21,2025-06-06,9,Call,31,2.02,2.06,2.1,2497,862,2.9,0.54771,2025-05-28
GME,31.21,2025-06-06,9,Put,30,1.22,1.27,1.27,3665,2332,1.57,-0.366593,2025-05-28
GME,31.21,2025-06-06,9,Call,30,2.41,2.45,2.52,7320,4243,1.73,0.633625,2025-05-28
GME,31.21,2025-06-06,9,Put,29.5,0.97,1.01,1.02,512,298,1.72,-0.320843,2025-05-28
GME,31.21,2025-06-06,9,Call,28.5,3.2,3.55,3.5,2262,576,3.93,0.76371,2025-05-28
GME,31.21,2025-06-06,9,Put,28,0.44,0.44,0.49,3717,1069,3.48,-0.185236,2025-05-28
GME,31.21,2025-05-30,2,Call,38,0.15,0.16,0.18,3417,2256,1.51,0.085855,2025-05-28
GME,31.21,2025-05-30,2,Call,37.5,0.17,0.18,0.19,1711,953,1.8,0.096502,2025-05-28
GME,31.21,2025-05-30,2,Call,37,0.19,0.19,0.21,3421,2239,1.53,0.104302,2025-05-28
GME,31.21,2025-05-30,2,Call,36.5,0.21,0.22,0.23,4226,2881,1.47,0.11963,2025-05-28
GME,31.21,2025-05-30,2,Call,35.5,0.26,0.29,0.29,5432,2478,2.19,0.155843,2025-05-28
GME,31.21,2025-05-30,2,Call,35,0.31,0.32,0.32,33782,18971,1.78,0.174247,2025-05-28
GME,31.21,2025-05-30,2,Call,34.5,0.35,0.35,0.37,5698,2614,2.18,0.194526,2025-05-28
GME,31.21,2025-05-30,2,Put,34,3.1,3.15,3.25,2387,1406,1.7,-0.788107,2025-05-28
GME,31.21,2025-05-30,2,Call,34,0.4,0.43,0.43,13141,5448,2.41,0.230455,2025-05-28
GME,31.21,2025-05-30,2,Put,33.5,2.7,2.78,2.84,1913,461,4.15,-0.736533,2025-05-28
GME,31.21,2025-05-30,2,Call,33.5,0.46,0.46,0.5,5201,1959,2.65,0.256273,2025-05-28
GME,31.21,2025-05-30,2,Put,33,2.29,2.4,2.42,4617,1647,2.8,-0.688251,2025-05-28
GME,31.21,2025-05-30,2,Call,33,0.55,0.57,0.59,12918,6799,1.9,0.303942,2025-05-28
GME,31.21,2025-05-30,2,Put,32.5,1.96,1.98,1.98,2218,1296,1.71,-0.64438,2025-05-28
GME,31.21,2025-05-30,2,Call,32.5,0.67,0.7,0.7,5861,2958,1.98,0.357003,2025-05-28
GME,31.21,2025-05-30,2,Put,32,1.57,1.63,1.65,19320,4223,4.57,-0.585711,2025-05-28
GME,31.21,2025-05-30,2,Put,31.5,1.26,1.34,1.32,3823,2640,1.45,-0.522306,2025-05-28
GME,31.21,2025-05-30,2,Call,31.5,0.99,0.98,1.04,4753,2169,2.19,0.478284,2025-05-28
GME,31.21,2025-05-30,2,Put,31,0.98,1.02,1.02,6394,3514,1.82,-0.45228,2025-05-28
GME,31.21,2025-05-30,2,Call,31,1.23,1.22,1.27,6266,4570,1.37,0.547311,2025-05-28
GME,31.21,2025-05-30,2,Put,30,0.57,0.57,0.6,20774,7394,2.81,-0.310031,2025-05-28
GME,31.21,2025-05-30,2,Put,29.5,0.4,0.44,0.46,1748,1151,1.52,-0.250821,2025-05-28
GME,31.21,2025-05-30,2,Put,29,0.31,0.31,0.33,3644,2549,1.43,-0.192872,2025-05-28
GME,31.21,2025-05-30,2,Put,28,0.17,0.17,0.18,2809,2228,1.26,-0.11441,2025-05-28
GME,35.01,2025-07-18,52,Call,38,4.45,4.65,4.85,870,568,1.53,0.503109,2025-05-27
GME,35.01,2025-07-18,52,Put,32,3.3,3.45,3.55,863,196,4.4,-0.332196,2025-05-27
GME,35.01,2025-06-20,24,Put,35,4.3,4.38,4.5,611,253,2.42,-0.435871,2025-05-27
GME,35.01,2025-06-13,17,Call,46,2,2.1,2.2,1208,222,5.44,0.299002,2025-05-27
GME,35.01,2025-06-13,17,Call,45,2.02,2.16,2.29,888,426,2.08,0.310872,2025-05-27
GME,35.01,2025-06-13,17,Call,36,3.8,4.1,4,1398,438,3.19,0.525365,2025-05-27
GME,35.01,2025-06-13,17,Put,30,1.45,1.53,1.61,597,270,2.21,-0.239153,2025-05-27
GME,35.01,2025-06-06,10,Call,46,1.08,1.12,1.15,2721,480,5.67,0.217455,2025-05-27
GME,35.01,2025-06-06,10,Call,45,1.15,1.17,1.23,4759,482,9.87,0.230095,2025-05-27
GME,35.01,2025-06-06,10,Call,37,2.35,2.45,2.44,1701,849,2,0.449771,2025-05-27
GME,35.01,2025-06-06,10,Call,36,2.6,2.65,2.71,3184,921,3.46,0.493271,2025-05-27
GME,35.01,2025-06-06,10,Call,35,2.92,3,3,8529,4782,1.78,0.542878,2025-05-27
GME,35.01,2025-06-06,10,Put,34,2.27,2.33,2.36,576,250,2.3,-0.402654,2025-05-27
GME,35.01,2025-06-06,10,Call,34,3.3,3.5,3.45,5094,1185,4.3,0.596241,2025-05-27
GME,35.01,2025-06-06,10,Put,33,1.74,1.91,1.82,762,111,6.86,-0.344707,2025-05-27
GME,35.01,2025-06-06,10,Put,31,0.91,0.96,0.99,1445,107,13.5,-0.228755,2025-05-27
GME,35.01,2025-06-06,10,Put,30,0.65,0.69,0.69,3149,1471,2.14,-0.178361,2025-05-27
GME,35.01,2025-06-06,10,Put,29,0.43,0.47,0.48,1331,372,3.58,-0.132827,2025-05-27
GME,35.01,2025-06-06,10,Put,27.5,0.24,0.32,0.27,688,153,4.5,-0.080536,2025-05-27
GME,35.01,2025-05-30,3,Call,46,0.24,0.24,0.25,13380,6052,2.21,0.085851,2025-05-27
GME,35.01,2025-05-30,3,Call,45,0.28,0.29,0.3,5039,3056,1.65,0.101886,2025-05-27
GME,35.01,2025-05-30,3,Call,44,0.33,0.35,0.35,1323,298,4.44,0.120735,2025-05-27
GME,35.01,2025-05-30,3,Call,43,0.38,0.41,0.42,1079,358,3.01,0.140454,2025-05-27
GME,35.01,2025-05-30,3,Call,42,0.43,0.48,0.48,2055,272,7.56,0.163486,2025-05-27
GME,35.01,2025-05-30,3,Call,41,0.51,0.54,0.63,48057,186,258.37,0.186527,2025-05-27
GME,35.01,2025-05-30,3,Call,40,0.67,0.67,0.69,35546,20653,1.72,0.224455,2025-05-27
GME,35.01,2025-05-30,3,Call,38,0.97,1,1.03,3361,1737,1.93,0.318086,2025-05-27
GME,35.01,2025-05-30,3,Call,37.5,1.07,1.18,1.17,1581,372,4.25,0.348147,2025-05-27
GME,35.01,2025-05-30,3,Call,37,1.22,1.24,1.27,4812,1171,4.11,0.379101,2025-05-27
GME,35.01,2025-05-30,3,Call,36.5,1.32,1.36,1.41,4227,2497,1.69,0.411483,2025-05-27
GME,35.01,2025-05-30,3,Call,35.5,1.64,1.68,1.72,5545,794,6.98,0.486381,2025-05-27
GME,35.01,2025-05-30,3,Put,35,1.77,1.82,1.85,3634,186,19.54,-0.472907,2025-05-27
GME,35.01,2025-05-30,3,Call,35,1.84,1.87,1.88,36181,16753,2.16,0.527366,2025-05-27
GME,35.01,2025-05-30,3,Put,34.5,1.52,1.54,1.57,2535,102,24.85,-0.429082,2025-05-27
GME,35.01,2025-05-30,3,Call,34.5,2.03,2.06,2.14,6015,889,6.77,0.570533,2025-05-27
GME,35.01,2025-05-30,3,Call,34,2.31,2.32,2.36,9460,3463,2.73,0.614655,2025-05-27
GME,35.01,2025-05-30,3,Put,33,0.81,0.87,0.87,4353,504,8.64,-0.295543,2025-05-27
GME,35.01,2025-05-30,3,Put,32.5,0.65,0.68,0.7,2124,898,2.37,-0.250782,2025-05-27
GME,35.01,2025-05-30,3,Put,32,0.52,0.55,0.55,12263,1569,7.82,-0.212832,2025-05-27
GME,35.01,2025-05-30,3,Put,31,0.33,0.33,0.34,10638,906,11.74,-0.143558,2025-05-27
GME,35.01,2025-05-30,3,Put,30.5,0.25,0.27,0.27,14576,1654,8.81,-0.119857,2025-05-27
GME,35.01,2025-05-30,3,Put,30,0.2,0.21,0.21,9077,4615,1.97,-0.096853,2025-05-27
GME,33.03,2026-01-16,237,Put,35,8.55,8.85,9.35,664,146,4.55,-0.412389,2025-05-26
GME,33.03,2025-07-18,55,Call,36,3.8,4.01,4.1,507,394,1.29,0.488705,2025-05-26
GME,33.03,2025-07-18,55,Call,22,11.45,11.59,11.8,2019,1099,1.84,0.903034,2025-05-26
GME,33.03,2025-06-27,34,Call,33,4,4.33,4.6,1466,122,12.02,0.564738,2025-05-26
GME,33.03,2025-06-27,34,Call,32,4.45,4.63,5,631,122,5.17,0.600061,2025-05-26
GME,33.03,2025-06-27,34,Call,31,5,5.23,6.25,847,308,2.75,0.637554,2025-05-26
GME,33.03,2025-06-20,27,Call,43,2.16,2.22,2.29,1146,161,7.12,0.318461,2025-05-26
GME,33.03,2025-06-20,27,Call,42,2.21,2.4,2.39,2804,1488,1.88,0.332326,2025-05-26
GME,33.03,2025-06-20,27,Call,41,2.21,2.53,2.52,1483,601,2.47,0.346153,2025-05-26
GME,33.03,2025-06-20,27,Call,34,3.7,3.8,3.85,1648,1186,1.39,0.526669,2025-05-26
GME,33.03,2025-06-20,27,Call,32.5,4.2,4.35,4.45,1002,353,2.84,0.581022,2025-05-26
GME,33.03,2025-06-13,20,Call,32.5,3.75,4.11,4.2,694,281,2.47,0.579036,2025-05-26
GME,33.03,2025-06-13,20,Call,32,3.55,4.3,4.4,1583,1013,1.56,0.599209,2025-05-26
GME,33.03,2025-06-13,20,Put,27.5,1,1.06,1.38,4172,213,19.59,-0.198594,2025-05-26
GME,33.03,2025-06-06,13,Call,38,1.65,1.87,1.86,1228,157,7.82,0.344684,2025-05-26
GME,33.03,2025-06-06,13,Call,37,1.89,1.87,2,1019,238,4.28,0.377281,2025-05-26
GME,33.03,2025-06-06,13,Call,36,2,2.14,2.22,1367,119,11.49,0.412223,2025-05-26
GME,33.03,2025-06-06,13,Call,35,2.23,2.39,2.39,8807,2637,3.34,0.452648,2025-05-26
GME,33.03,2025-06-06,13,Call,34,2.57,2.61,2.7,1028,687,1.5,0.495155,2025-05-26
GME,33.03,2025-06-06,13,Call,33,2.68,3.05,3.05,2652,1515,1.75,0.546818,2025-05-26
GME,33.03,2025-06-06,13,Call,32.5,2.91,3.18,3.3,1192,495,2.41,0.572233,2025-05-26
GME,33.03,2025-06-06,13,Call,32,3.2,3.2,3.5,3133,1388,2.26,0.600574,2025-05-26
GME,33.03,2025-06-06,13,Call,31.5,3.3,3.58,3.8,1280,910,1.41,0.627881,2025-05-26
GME,33.03,2025-06-06,13,Put,30,1.21,1.25,1.35,1764,563,3.13,-0.278646,2025-05-26
GME,33.03,2025-05-30,6,Call,40,0.9,0.91,0.91,22185,15889,1.4,0.23201,2025-05-26
GME,33.03,2025-05-30,6,Call,39,0.98,1,1.01,47991,403,119.08,0.256528,2025-05-26
GME,33.03,2025-05-30,6,Call,38,1.09,1.12,1.14,1920,487,3.94,0.286824,2025-05-26
GME,33.03,2025-05-30,6,Call,37,1.24,1.28,1.29,1172,491,2.39,0.32393,2025-05-26
GME,33.03,2025-05-30,6,Call,36.5,1.3,1.35,1.37,2911,115,25.31,0.342656,2025-05-26
GME,33.03,2025-05-30,6,Call,36,1.38,1.44,1.45,71709,1487,48.22,0.364206,2025-05-26
GME,33.03,2025-05-30,6,Call,35.5,1.48,1.57,1.57,917,182,5.04,0.389857,2025-05-26
GME,33.03,2025-05-30,6,Call,35,1.6,1.65,1.65,26152,11038,2.37,0.412894,2025-05-26
GME,33.03,2025-05-30,6,Call,34.5,1.7,1.75,1.79,1309,218,6,0.439007,2025-05-26
GME,33.03,2025-05-30,6,Call,34,1.84,1.91,1.93,4414,1630,2.71,0.469823,2025-05-26
GME,33.03,2025-05-30,6,Call,33.5,1.98,2.04,2.09,4796,1288,3.72,0.500861,2025-05-26
GME,33.03,2025-05-30,6,Put,33,2.08,2.06,2.17,624,112,5.57,-0.465142,2025-05-26
GME,33.03,2025-05-30,6,Call,33,2.17,2.19,2.21,25831,5906,4.37,0.534781,2025-05-26
GME,33.03,2025-05-30,6,Call,32.5,2.32,2.49,2.44,8954,780,11.48,0.57141,2025-05-26
GME,33.03,2025-05-30,6,Call,32,2.56,2.59,2.68,35120,7552,4.65,0.609947,2025-05-26
GME,33.03,2025-05-30,6,Call,31.5,2.76,2.85,2.95,5623,753,7.47,0.648847,2025-05-26
GME,33.03,2025-05-30,6,Put,31,1.02,1.06,1.07,1911,147,13,-0.308657,2025-05-26
GME,33.03,2025-05-30,6,Call,31,2.98,3.05,3.15,7883,5188,1.52,0.693559,2025-05-26
GME,33.03,2025-05-30,6,Put,30.5,0.81,0.82,0.88,2853,304,9.38,-0.264746,2025-05-26
GME,33.03,2025-05-30,6,Put,30,0.66,0.69,0.7,9092,1981,4.59,-0.230466,2025-05-26
GME,33.03,2025-05-30,6,Put,29.5,0.51,0.53,0.56,1024,433,2.36,-0.192002,2025-05-26
GME,33.03,2025-05-30,6,Put,29,0.4,0.42,0.43,3783,1445,2.62,-0.160286,2025-05-26
GME,33.03,2025-05-30,6,Put,28,0.24,0.27,0.28,3464,1526,2.27,-0.110642,2025-05-26
GME,33.03,2025-05-30,6,Put,26,0.11,0.12,0.14,3447,2278,1.51,-0.05241,2025-05-26
GME,33.03,2026-01-16,238,Put,35,8.55,8.85,9.35,664,146,4.55,-0.412343,2025-05-23
GME,33.03,2025-07-18,55,Call,36,3.8,4.01,4.1,507,394,1.29,0.488705,2025-05-23
GME,33.03,2025-07-18,55,Call,22,11.45,11.59,11.8,2019,1099,1.84,0.903034,2025-05-23
GME,33.03,2025-06-27,34,Call,33,4,4.33,4.6,1466,122,12.02,0.564738,2025-05-23
GME,33.03,2025-06-27,34,Call,32,4.45,4.63,5,631,122,5.17,0.600061,2025-05-23
GME,33.03,2025-06-27,34,Call,31,5,5.23,6.25,847,308,2.75,0.637554,2025-05-23
GME,33.03,2025-06-20,27,Call,43,2.16,2.22,2.29,1146,161,7.12,0.318461,2025-05-23
GME,33.03,2025-06-20,27,Call,42,2.21,2.4,2.39,2804,1488,1.88,0.332326,2025-05-23
GME,33.03,2025-06-20,27,Call,41,2.21,2.53,2.52,1483,601,2.47,0.346153,2025-05-23
GME,33.03,2025-06-20,27,Call,34,3.7,3.8,3.85,1648,1186,1.39,0.526669,2025-05-23
GME,33.03,2025-06-20,27,Call,32.5,4.2,4.35,4.45,1002,353,2.84,0.581022,2025-05-23
GME,33.03,2025-06-13,20,Call,32.5,3.75,4.11,4.2,694,281,2.47,0.579036,2025-05-23
GME,33.03,2025-06-13,20,Call,32,3.55,4.3,4.4,1583,1013,1.56,0.599209,2025-05-23
GME,33.03,2025-06-13,20,Put,27.5,1,1.06,1.38,4172,213,19.59,-0.198594,2025-05-23
GME,33.03,2025-06-06,13,Call,38,1.65,1.87,1.86,1228,157,7.82,0.344684,2025-05-23
GME,33.03,2025-06-06,13,Call,37,1.89,1.87,2,1019,238,4.28,0.377281,2025-05-23
GME,33.03,2025-06-06,13,Call,36,2,2.14,2.22,1367,119,11.49,0.412223,2025-05-23
GME,33.03,2025-06-06,13,Call,35,2.23,2.39,2.39,8807,2637,3.34,0.452648,2025-05-23
GME,33.03,2025-06-06,13,Call,34,2.57,2.61,2.7,1028,687,1.5,0.495155,2025-05-23
GME,33.03,2025-06-06,13,Call,33,2.68,3.05,3.05,2652,1515,1.75,0.546818,2025-05-23
GME,33.03,2025-06-06,13,Call,32.5,2.91,3.18,3.3,1192,495,2.41,0.572233,2025-05-23
GME,33.03,2025-06-06,13,Call,32,3.2,3.2,3.5,3133,1388,2.26,0.600574,2025-05-23
GME,33.03,2025-06-06,13,Call,31.5,3.3,3.58,3.8,1280,910,1.41,0.627881,2025-05-23
GME,33.03,2025-06-06,13,Put,30,1.21,1.25,1.35,1764,563,3.13,-0.278646,2025-05-23
GME,33.03,2025-05-30,6,Call,40,0.9,0.91,0.91,22185,15889,1.4,0.23201,2025-05-23
GME,33.03,2025-05-30,6,Call,39,0.98,1,1.01,47991,403,119.08,0.256528,2025-05-23
GME,33.03,2025-05-30,6,Call,38,1.09,1.12,1.14,1920,487,3.94,0.286824,2025-05-23
GME,33.03,2025-05-30,6,Call,37,1.24,1.28,1.29,1172,491,2.39,0.32393,2025-05-23
GME,33.03,2025-05-30,6,Call,36.5,1.3,1.35,1.37,2911,115,25.31,0.342656,2025-05-23
GME,33.03,2025-05-30,6,Call,36,1.38,1.44,1.45,71709,1487,48.22,0.364206,2025-05-23
GME,33.03,2025-05-30,6,Call,35.5,1.48,1.57,1.57,917,182,5.04,0.389857,2025-05-23
GME,33.03,2025-05-30,6,Call,35,1.6,1.65,1.65,26152,11038,2.37,0.412894,2025-05-23
GME,33.03,2025-05-30,6,Call,34.5,1.7,1.75,1.79,1309,218,6,0.439007,2025-05-23
GME,33.03,2025-05-30,6,Call,34,1.84,1.91,1.93,4414,1630,2.71,0.469823,2025-05-23
GME,33.03,2025-05-30,6,Call,33.5,1.98,2.04,2.09,4796,1288,3.72,0.500861,2025-05-23
GME,33.03,2025-05-30,6,Put,33,2.08,2.06,2.17,624,112,5.57,-0.465142,2025-05-23
GME,33.03,2025-05-30,6,Call,33,2.17,2.19,2.21,25831,5906,4.37,0.534781,2025-05-23
GME,33.03,2025-05-30,6,Call,32.5,2.32,2.49,2.44,8954,780,11.48,0.57141,2025-05-23
GME,33.03,2025-05-30,6,Call,32,2.56,2.59,2.68,35120,7552,4.65,0.609947,2025-05-23
GME,33.03,2025-05-30,6,Call,31.5,2.76,2.85,2.95,5623,753,7.47,0.648847,2025-05-23
GME,33.03,2025-05-30,6,Put,31,1.02,1.06,1.07,1911,147,13,-0.308657,2025-05-23
GME,33.03,2025-05-30,6,Call,31,2.98,3.05,3.15,7883,5188,1.52,0.693559,2025-05-23
GME,33.03,2025-05-30,6,Put,30.5,0.81,0.82,0.88,2853,304,9.38,-0.264746,2025-05-23
GME,33.03,2025-05-30,6,Put,30,0.66,0.69,0.7,9092,1981,4.59,-0.230466,2025-05-23
GME,33.03,2025-05-30,6,Put,29.5,0.51,0.53,0.56,1024,433,2.36,-0.192002,2025-05-23
GME,33.03,2025-05-30,6,Put,29,0.4,0.42,0.43,3783,1445,2.62,-0.160286,2025-05-23
GME,33.03,2025-05-30,6,Put,28,0.24,0.27,0.28,3464,1526,2.27,-0.110642,2025-05-23
GME,33.03,2025-05-30,6,Put,26,0.11,0.12,0.14,3447,2278,1.51,-0.05241,2025-05-23
GME,33.03,2025-05-23,0,Call,33,0.03,0.1,0.09,39048,4219,9.26,0.608677,2025-05-23
GME,33.03,2025-05-23,0,Call,32.5,0.43,0.52,0.52,33373,1071,31.16,0,2025-05-23
GME,33.03,2025-05-23,0,Call,32,1,1.06,1.23,51816,13070,3.96,0.915061,2025-05-23
GME,33.03,2025-05-23,0,Call,31.5,1.23,2.8,2.79,20965,1786,11.74,0.728532,2025-05-23
GME,33.03,2025-05-23,0,Call,31,1.89,2.02,2.15,14966,6730,2.22,0.874058,2025-05-23
GME,33.03,2025-05-23,0,Call,30.5,2.06,2.61,2.98,7956,5227,1.52,0.913595,2025-05-23
GME,33.03,2025-05-23,0,Call,30,3,3.08,3.2,27562,21207,1.3,0.943529,2025-05-23
GME,30.86,2026-01-16,240,Put,55,25,27.22,28.2,1000,208,4.81,-0.659585,2025-05-22
GME,30.86,2025-06-20,29,Call,40,1.63,1.66,1.67,29498,16317,1.81,0.288102,2025-05-22
GME,30.86,2025-06-06,15,Call,32,1.84,1.87,2.05,1187,768,1.55,0.461836,2025-05-22
GME,30.86,2025-06-06,15,Call,31,2,2.15,2.31,1323,681,1.94,0.524829,2025-05-22
GME,30.86,2025-06-06,15,Call,30,2.5,2.5,2.75,5585,4134,1.35,0.598143,2025-05-22
GME,30.86,2025-05-30,8,Call,35,0.87,0.89,0.93,10934,4817,2.27,0.277274,2025-05-22
GME,30.86,2025-05-30,8,Call,34,0.96,1,1.04,1613,631,2.56,0.316874,2025-05-22
GME,30.86,2025-05-30,8,Call,33.5,1.02,1.07,1.08,1353,113,11.97,0.340834,2025-05-22
GME,30.86,2025-05-30,8,Call,33,1.1,1.2,1.2,5967,3536,1.69,0.372679,2025-05-22
GME,30.86,2025-05-30,8,Call,32.5,1.17,1.19,1.27,923,235,3.93,0.393514,2025-05-22
GME,30.86,2025-05-30,8,Call,32,1.28,1.31,1.36,11472,4411,2.6,0.429538,2025-05-22
GME,30.86,2025-05-30,8,Call,31.5,1.4,1.41,1.5,2480,335,7.4,0.467476,2025-05-22
GME,30.86,2025-05-30,8,Call,31,1.5,1.6,1.67,6865,2381,2.88,0.51304,2025-05-22
GME,30.86,2025-05-30,8,Call,30.5,1.69,1.69,1.85,4573,2976,1.54,0.561599,2025-05-22
GME,30.86,2025-05-30,8,Put,30,1.05,1.08,1.11,3951,146,27.06,-0.384378,2025-05-22
GME,30.86,2025-05-30,8,Call,30,1.9,1.9,2.12,27098,15171,1.79,0.61657,2025-05-22
GME,30.86,2025-05-30,8,Call,29.5,2.17,2.3,2.34,3376,2194,1.54,0.661405,2025-05-22
GME,30.86,2025-05-30,8,Put,29,0.62,0.66,0.72,3176,380,8.36,-0.277812,2025-05-22
GME,30.86,2025-05-30,8,Put,28.5,0.49,0.5,0.53,2436,738,3.3,-0.227938,2025-05-22
GME,30.86,2025-05-30,8,Put,28,0.4,0.42,0.45,3157,985,3.21,-0.192835,2025-05-22
GME,30.86,2025-05-30,8,Put,27,0.25,0.27,0.28,2100,1523,1.38,-0.130751,2025-05-22
GME,30.86,2025-05-23,1,Call,34.5,0.3,0.28,0.34,1055,167,6.32,0.177649,2025-05-22
GME,30.86,2025-05-23,1,Call,34,0.33,0.34,0.35,1935,1089,1.78,0.195793,2025-05-22
GME,30.86,2025-05-23,1,Call,33.5,0.36,0.39,0.41,598,168,3.56,0.225269,2025-05-22
GME,30.86,2025-05-23,1,Call,33,0.4,0.4,0.44,4479,2999,1.49,0.24754,2025-05-22
GME,30.86,2025-05-23,1,Call,32.5,0.44,0.45,0.49,1225,788,1.55,0.286122,2025-05-22
GME,30.86,2025-05-23,1,Call,32,0.5,0.54,0.54,19002,8741,2.17,0.340735,2025-05-22
GME,30.86,2025-05-23,1,Call,31.5,0.6,0.65,0.65,5957,1324,4.5,0.406904,2025-05-22
GME,30.86,2025-05-23,1,Call,31,0.75,0.75,0.8,20076,5372,3.74,0.48589,2025-05-22
GME,30.86,2025-05-23,1,Put,30.5,0.53,0.59,0.62,1145,126,9.09,-0.412657,2025-05-22
GME,30.86,2025-05-23,1,Call,30.5,0.95,0.95,1,10596,3980,2.66,0.587212,2025-05-22
GME,30.86,2025-05-23,1,Put,30,0.34,0.38,0.38,9832,276,35.62,-0.308734,2025-05-22
GME,30.86,2025-05-23,1,Call,30,1.28,1.28,1.29,62753,25345,2.48,0.68221,2025-05-22
GME,30.86,2025-05-23,1,Put,29.5,0.21,0.2,0.23,13000,216,60.19,-0.210526,2025-05-22
GME,30.86,2025-05-23,1,Call,29.5,1.52,1.62,1.7,17956,6858,2.62,0.773801,2025-05-22
GME,30.86,2025-05-23,1,Put,29,0.11,0.14,0.14,18301,1306,14.01,-0.143438,2025-05-22
GME,30.86,2025-05-23,1,Call,29,1.89,2,2.1,15833,9886,1.6,0.856223,2025-05-22
GME,28.05,2026-01-16,241,Put,90,61.8,62.46,63.25,633,367,1.72,-0.879768,2025-05-21
GME,28.05,2026-01-16,241,Put,120,90.85,91,93,814,131,6.21,-0.827989,2025-05-21
GME,28.05,2026-01-16,241,Put,115,86.1,86.95,88.75,617,201,3.07,0,2025-05-21
GME,28.05,2025-06-27,37,Call,35,1.13,1.24,1.35,959,527,1.82,0.276158,2025-05-21
GME,28.05,2025-06-06,16,Call,27.5,1.56,1.77,1.84,1013,157,6.45,0.583004,2025-05-21
GME,28.05,2025-05-30,9,Put,28.5,1.06,1.09,1.09,668,407,1.64,-0.570119,2025-05-21
GME,28.05,2025-05-30,9,Put,26,0.15,0.16,0.17,4504,2015,2.24,-0.144842,2025-05-21
GME,28.05,2025-05-23,2,Call,29.5,0.16,0.16,0.17,7490,5563,1.35,0.190432,2025-05-21
GME,28.05,2025-05-23,2,Put,29,1.07,1.09,1.15,4675,525,8.9,-0.784795,2025-05-21
GME,28.05,2025-05-23,2,Call,29,0.21,0.21,0.22,23194,9427,2.46,0.257697,2025-05-21
GME,28.05,2025-05-23,2,Put,28.5,0.7,0.71,0.78,2829,1048,2.7,-0.648378,2025-05-21
GME,28.05,2025-05-23,2,Call,28.5,0.31,0.32,0.33,11350,6363,1.78,0.371714,2025-05-21
GME,28.51,2025-06-06,17,Call,28.5,1.37,1.47,1.52,515,302,1.71,0.524922,2025-05-20
GME,28.51,2025-05-30,10,Call,36,0.18,0.19,0.21,726,200,3.63,0.092205,2025-05-20
GME,28.51,2025-05-23,3,Put,29,0.76,0.95,0.84,861,421,2.05,-0.639096,2025-05-20
GME,28.51,2025-05-23,3,Put,28.5,0.45,0.47,0.48,2577,1105,2.33,-0.488798,2025-05-20
GME,27.89,2027-01-15,607,Call,50,5.6,5.79,6.5,3153,1605,1.96,0.440477,2025-05-19
GME,27.89,2026-01-16,243,Put,125,96.85,97.15,98.4,3611,1054,3.43,-0.964969,2025-05-19
GME,27.89,2025-10-17,151,Put,21,1.35,1.51,1.57,1254,192,6.53,-0.187429,2025-05-19
GME,27.89,2025-07-18,60,Call,41,1.05,1.09,1.13,6619,281,23.56,0.210644,2025-05-19
GME,27.89,2025-06-13,25,Call,33,1.05,1.12,1.49,539,387,1.39,0.289965,2025-05-19
GME,27.89,2025-05-30,11,Call,29.5,0.42,0.43,0.45,1232,849,1.45,0.283702,2025-05-19
GME,27.89,2025-05-30,11,Put,26,0.17,0.18,0.19,1603,1292,1.24,-0.161139,2025-05-19
GME,27.89,2025-05-23,4,Call,24,3.9,3.95,4.15,650,238,2.73,0.946229,2025-05-19
GME,28.45,2025-07-18,62,Call,38,1.42,1.58,1.6,509,244,2.09,0.281497,2025-05-16
GME,28.45,2025-06-06,20,Call,33,0.65,0.72,0.83,1186,583,2.03,0.245509,2025-05-16
GME,28.45,2025-06-06,20,Put,27,0.85,0.91,0.96,756,412,1.83,-0.327331,2025-05-16
GME,28.45,2025-05-30,13,Call,30.5,0.53,0.65,0.67,1080,638,1.69,0.307217,2025-05-16
GME,28.45,2025-05-30,13,Call,26.5,2.2,2.2,2.4,730,283,2.58,0.810373,2025-05-16
GME,28.45,2025-05-23,6,Call,36,0.17,0.17,0.19,847,320,2.65,0.085429,2025-05-16
GME,28.45,2025-05-23,6,Call,31,0.28,0.29,0.3,4103,2735,1.5,0.198774,2025-05-16
GME,28.45,2025-05-23,6,Call,30.5,0.31,0.34,0.34,2898,1629,1.78,0.234925,2025-05-16
GME,28.45,2025-05-23,6,Call,29.5,0.46,0.47,0.49,4748,2397,1.98,0.334246,2025-05-16
GME,28.45,2025-05-23,6,Call,29,0.59,0.6,0.6,7095,4613,1.54,0.411425,2025-05-16
GME,28.45,2025-05-23,6,Put,28.5,0.76,0.8,0.82,1235,332,3.72,-0.497127,2025-05-16
GME,28.45,2025-05-23,6,Call,28.5,0.76,0.78,0.81,4022,1987,2.02,0.503309,2025-05-16
GME,28.45,2025-05-23,6,Put,28,0.52,0.54,0.54,2518,927,2.72,-0.392223,2025-05-16
GME,28.45,2025-05-23,6,Call,26.5,1.82,2.08,2.39,554,368,1.51,0.863856,2025-05-16
GME,28.63,2025-05-23,8,Put,27,0.26,0.26,0.27,2855,1230,2.32,-0.206936,2025-05-15
GME,28.73,2025-06-27,44,Call,40,1.06,1.12,1.26,1494,237,6.3,0.223578,2025-05-14
GME,28.73,2025-06-06,23,Call,30.5,1.08,1.36,1.45,820,134,6.12,0.403439,2025-05-14
GME,28.73,2025-05-30,16,Call,29,1.29,1.39,1.46,2018,761,2.65,0.496596,2025-05-14
GME,28.73,2025-05-30,16,Put,27.5,0.73,0.85,0.9,3073,273,11.26,-0.338407,2025-05-14
GME,28.73,2025-05-30,16,Put,26.5,0.4,0.64,0.52,1750,133,13.16,-0.22547,2025-05-14
GME,28.73,2025-05-23,9,Call,31.5,0.51,0.52,0.54,757,170,4.45,0.253264,2025-05-14
GME,28.73,2025-05-23,9,Call,31,0.58,0.62,0.61,6296,2487,2.53,0.287379,2025-05-14
GME,28.73,2025-05-23,9,Call,29,1.07,1.07,1.11,6682,1978,3.38,0.484038,2025-05-14
GME,28.73,2025-05-23,9,Put,27.5,0.58,0.62,0.62,1210,459,2.64,-0.314186,2025-05-14
GME,28.73,2025-05-23,9,Put,25.5,0.23,0.23,0.24,1841,530,3.47,-0.133477,2025-05-14
GME,28.73,2025-05-23,9,Put,25,0.19,0.2,0.2,6607,1671,3.95,-0.112741,2025-05-14
GME,28.73,2025-05-16,2,Put,29.5,1.08,1.18,1.15,688,109,6.31,-0.6693,2025-05-14
GME,28.73,2025-05-16,2,Call,29.5,0.33,0.33,0.35,9776,3868,2.53,0.326141,2025-05-14
GME,28.73,2025-05-16,2,Put,29,0.72,0.75,0.78,5109,729,7.01,-0.560512,2025-05-14
GME,28.73,2025-05-16,2,Call,29,0.47,0.46,0.5,39552,11143,3.55,0.440108,2025-05-14
GME,28.73,2025-05-16,2,Put,28.5,0.44,0.49,0.49,3915,855,4.58,-0.428898,2025-05-14
GME,28.39,2027-12-17,949,Put,10,1.45,1.5,1.65,12058,182,66.25,-0.0635,2025-05-13
GME,28.39,2025-05-23,10,Call,28.5,0.9,0.93,0.96,1925,918,2.1,0.49818,2025-05-13
GME,28.39,2025-05-23,10,Put,28,0.69,0.72,0.74,918,137,6.7,-0.416279,2025-05-13
GME,28.39,2025-05-16,3,Put,28.5,0.56,0.59,0.6,1810,145,12.48,-0.523911,2025-05-13
GME,28.39,2025-05-16,3,Put,28,0.31,0.34,0.35,7437,945,7.87,-0.37217,2025-05-13
GME,28.05,2025-06-06,25,Put,25,0.54,0.59,0.62,2002,759,2.64,-0.212866,2025-05-12
GME,28.05,2025-05-30,18,Call,23,4.6,4.72,5.85,627,106,5.92,0.814773,2025-05-12
GME,28.05,2025-05-23,11,Call,27.5,1.22,1.25,1.3,1857,589,3.15,0.605789,2025-05-12
GME,28.05,2025-05-23,11,Put,26,0.23,0.26,0.26,757,463,1.63,-0.184034,2025-05-12
GME,28.05,2025-05-16,4,Put,28,0.58,0.59,0.6,1098,663,1.66,-0.476574,2025-05-12
GME,28.05,2025-05-16,4,Put,27.5,0.32,0.35,0.36,5153,715,7.21,-0.344204,2025-05-12
GME,28.05,2025-05-16,4,Put,26,0.09,0.1,0.1,4918,3325,1.48,-0.111822,2025-05-12
GME,27.54,2027-12-17,952,Call,50,8.6,8.64,9.5,7425,556,13.35,0.532038,2025-05-09
GME,27.54,2027-12-17,952,Call,25,12.85,14,15.15,1661,384,4.33,0.726858,2025-05-09
GME,27.54,2027-12-17,952,Call,20,15.2,15.8,15.95,3751,329,11.4,0.775675,2025-05-09
GME,27.54,2025-05-30,20,Call,24,3.7,3.9,4.1,1382,121,11.42,0.837384,2025-05-09
GME,27.54,2025-05-23,13,Call,32,0.47,0.49,0.49,8631,2060,4.19,0.205365,2025-05-09
GME,27.54,2025-05-23,13,Call,28,0.99,1.02,1.05,3709,1595,2.33,0.461698,2025-05-09
GME,27.54,2025-05-23,13,Call,20,7.15,7.65,7.7,6049,103,58.73,0.95122,2025-05-09
GME,27.54,2025-05-16,6,Call,30.5,0.31,0.31,0.32,2090,309,6.76,0.193095,2025-05-09
GME,27.54,2025-05-16,6,Call,29.5,0.37,0.36,0.38,2207,997,2.21,0.250185,2025-05-09
GME,27.54,2025-05-16,6,Call,28.5,0.5,0.5,0.51,9049,1652,5.48,0.349421,2025-05-09
GME,27.54,2025-05-16,6,Call,28,0.61,0.62,0.62,17176,9464,1.81,0.42634,2025-05-09
GME,27.54,2025-05-16,6,Call,27.5,0.76,0.77,0.8,7051,3191,2.21,0.520946,2025-05-09
GME,27.54,2025-05-16,6,Put,27,0.47,0.48,0.5,5613,3901,1.44,-0.369993,2025-05-09
GME,27.54,2025-05-16,6,Put,26,0.18,0.19,0.19,3787,2257,1.68,-0.184469,2025-05-09
GME,27.54,2025-05-09,0,Put,28,0.42,0.51,0.57,826,644,1.28,-0.817264,2025-05-09
GME,27.54,2025-05-09,0,Call,27,0.51,0.51,0.55,21264,12758,1.67,0.934149,2025-05-09
GME,27.54,2025-05-09,0,Call,26,1.45,1.54,1.6,4862,3911,1.24,0.999771,2025-05-09
GME,26.78,2025-05-30,22,Call,25,2.39,2.61,2.6,2561,1079,2.37,0.70932,2025-05-08
GME,26.78,2025-05-16,8,Call,44,0.08,0.1,0.1,582,332,1.75,0.038808,2025-05-08
GME,26.01,2026-01-16,255,Put,100,72,74.54,76.1,769,123,6.25,-0.868957,2025-05-07
GME,26.01,2025-05-30,23,Call,28.5,0.69,0.69,0.91,571,246,2.32,0.297408,2025-05-07
GME,26.01,2025-05-16,9,Call,26.5,0.65,0.7,0.7,1272,592,2.15,0.432283,2025-05-07
GME,26.04,2026-01-16,256,Put,95,68,69.15,70.05,2600,1128,2.3,-0.925559,2025-05-06
GME,26.04,2025-05-30,24,Call,26,1.53,1.55,1.68,660,307,2.15,0.530373,2025-05-06
GME,26.04,2025-05-23,17,Call,26,1.21,1.27,1.32,518,411,1.26,0.526538,2025-05-06
GME,26.04,2025-05-16,10,Call,26.5,0.74,0.75,0.78,566,453,1.25,0.441063,2025-05-06
GME,26.04,2025-05-09,3,Call,26.5,0.31,0.31,0.33,4176,3134,1.33,0.36725,2025-05-06
GME,26.04,2025-05-09,3,Call,26,0.49,0.49,0.52,7922,2030,3.9,0.521578,2025-05-06
GME,26.04,2025-05-09,3,Put,25.5,0.2,0.22,0.22,1187,732,1.62,-0.304366,2025-05-06
GME,26.04,2025-05-09,3,Call,25.5,0.76,0.76,0.84,547,224,2.44,0.694405,2025-05-06
GME,26.6,2025-05-30,25,Call,33,0.37,0.49,0.5,733,355,2.06,0.177622,2025-05-05
GME,26.6,2025-05-23,18,Call,27,1.1,1.08,1.18,1318,682,1.93,0.474897,2025-05-05
GME,26.6,2025-05-16,11,Call,28.5,0.44,0.45,0.47,504,381,1.32,0.273649,2025-05-05
GME,26.6,2025-05-16,11,Put,26.5,0.85,0.89,0.88,4911,494,9.94,-0.466328,2025-05-05
GME,26.6,2025-05-09,4,Call,27.5,0.3,0.32,0.33,5019,3726,1.35,0.308455,2025-05-05
GME,26.6,2025-05-09,4,Call,27,0.43,0.44,0.45,9721,3636,2.67,0.408905,2025-05-05
GME,26.6,2025-05-09,4,Put,26.5,0.51,0.52,0.53,3108,898,3.46,-0.462026,2025-05-05
GME,26.6,2025-05-09,4,Call,26.5,0.62,0.64,0.67,4127,1429,2.89,0.536987,2025-05-05
GME,26.6,2025-05-09,4,Call,26,0.89,0.94,0.96,1728,1388,1.24,0.665746,2025-05-05
GME,26.6,2025-05-09,4,Put,25.5,0.17,0.18,0.18,627,503,1.25,-0.212333,2025-05-05
GME,26.6,2025-05-09,4,Put,25,0.1,0.11,0.11,2639,2109,1.25,-0.136797,2025-05-05
GME,27.48,2025-05-09,6,Call,32.5,0.09,0.11,0.11,1948,259,7.52,0.080256,2025-05-02
GME,27.48,2025-05-09,6,Call,29,0.23,0.25,0.25,10144,2652,3.83,0.230776,2025-05-02
GME,27.48,2025-05-09,6,Call,28.5,0.3,0.32,0.33,5526,1111,4.97,0.295833,2025-05-02
GME,27.48,2025-05-09,6,Call,28,0.43,0.44,0.45,9633,3850,2.5,0.388781,2025-05-02
GME,27.48,2025-05-09,6,Call,27.5,0.61,0.62,0.64,4246,1409,3.01,0.505138,2025-05-02
GME,27.48,2025-05-09,6,Put,27,0.39,0.4,0.41,11477,4569,2.51,-0.366782,2025-05-02
GME,27.48,2025-05-09,6,Put,26.5,0.23,0.24,0.25,951,640,1.49,-0.251556,2025-05-02
GME,27.48,2025-05-09,6,Put,26,0.14,0.15,0.15,2511,1812,1.39,-0.168115,2025-05-02
GME,27.48,2025-05-02,0,Call,27,0.45,0.48,0.52,6310,4923,1.28,0.842053,2025-05-02
GME,27.43,2025-10-17,169,Put,25,3.75,3.75,3.95,812,313,2.59,-0.329393,2025-05-01
GME,27.43,2025-05-23,22,Call,31,0.57,0.75,0.74,1311,322,4.07,0.256959,2025-05-01
GME,27.43,2025-05-16,15,Call,27.5,1.15,1.19,1.23,1105,506,2.18,0.511248,2025-05-01
GME,27.43,2025-05-09,8,Put,27.5,0.79,0.83,0.85,1820,431,4.22,-0.500335,2025-05-01
GME,27.43,2025-05-09,8,Put,26.5,0.36,0.39,0.39,1054,802,1.31,-0.302182,2025-05-01
GME,27.43,2025-05-09,8,Put,26,0.24,0.25,0.26,1680,1025,1.64,-0.216292,2025-05-01
GME,27.43,2025-05-02,1,Put,28,0.64,0.7,0.71,1925,1016,1.89,-0.74254,2025-05-01
GME,27.43,2025-05-02,1,Put,27.5,0.31,0.35,0.36,5276,1921,2.75,-0.530148,2025-05-01
GME,27.86,2025-05-09,9,Call,33,0.18,0.2,0.21,783,439,1.78,0.115765,2025-04-30
GME,27.86,2025-05-09,9,Call,32,0.22,0.24,0.24,2344,1487,1.58,0.143652,2025-04-30
GME,27.86,2025-05-09,9,Call,28.5,0.68,0.72,0.73,779,526,1.48,0.416482,2025-04-30
GME,27.86,2025-05-09,9,Put,25.5,0.15,0.18,0.18,544,287,1.9,-0.141716,2025-04-30
GME,27.86,2025-05-02,2,Put,27.5,0.27,0.3,0.32,2328,1090,2.14,-0.369239,2025-04-30
GME,27.26,2025-05-23,24,Put,26,0.87,0.98,1.05,567,111,5.11,-0.344688,2025-04-29
GME,27.26,2025-05-09,10,Put,27,0.76,0.78,0.8,3696,413,8.95,-0.438506,2025-04-29
GME,27.26,2025-05-09,10,Put,26.5,0.55,0.56,0.57,567,243,2.33,-0.351562,2025-04-29
GME,27.26,2025-05-02,3,Put,28,0.95,1,1.02,2568,674,3.81,-0.695409,2025-04-29
GME,27.26,2025-05-02,3,Call,28,0.28,0.3,0.31,20718,9345,2.22,0.320258,2025-04-29
GME,27.26,2025-05-02,3,Put,27.5,0.62,0.63,0.66,1733,898,1.93,-0.567522,2025-04-29
GME,27.26,2025-05-02,3,Put,26.5,0.19,0.21,0.22,2268,1699,1.33,-0.265048,2025-04-29
GME,27.59,2025-05-23,25,Call,30,1.03,1.05,1.2,6062,3589,1.69,0.349127,2025-04-28
GME,27.59,2025-05-09,11,Call,27.5,1.09,1.12,1.14,809,477,1.7,0.531138,2025-04-28
GME,27.59,2025-05-09,11,Call,26.5,1.6,1.62,1.79,1134,258,4.4,0.684894,2025-04-28
GME,27.59,2025-05-02,4,Put,27,0.36,0.37,0.37,3255,1707,1.91,-0.342116,2025-04-28
GME,27.59,2025-05-02,4,Put,26.5,0.22,0.23,0.23,2453,1048,2.34,-0.236392,2025-04-28
GME,27.46,2025-05-09,13,Call,34,0.22,0.23,0.25,1068,380,2.81,0.112037,2025-04-25
GME,27.46,2025-05-09,13,Call,28,0.97,0.97,1.08,2136,1202,1.78,0.450379,2025-04-25
GME,27.46,2025-05-02,6,Call,33.5,0.09,0.1,0.11,1360,469,2.9,0.067902,2025-04-25
GME,27.46,2025-05-02,6,Call,32.5,0.1,0.12,0.12,964,338,2.85,0.084784,2025-04-25
GME,27.46,2025-05-02,6,Call,31.5,0.11,0.13,0.14,1631,605,2.7,0.100683,2025-04-25
GME,27.46,2025-05-02,6,Call,30.5,0.16,0.17,0.17,651,520,1.25,0.13738,2025-04-25
GME,27.46,2025-05-02,6,Call,29.5,0.23,0.25,0.26,2040,614,3.32,0.203888,2025-04-25
GME,27.46,2025-05-02,6,Call,29,0.3,0.32,0.33,8809,3382,2.6,0.255892,2025-04-25
GME,27.46,2025-05-02,6,Call,28.5,0.4,0.42,0.44,4857,823,5.9,0.323462,2025-04-25
GME,27.46,2025-05-02,6,Put,28,1.05,1.1,1.09,616,326,1.89,-0.597526,2025-04-25
GME,27.46,2025-05-02,6,Call,28,0.56,0.56,0.6,6820,4414,1.55,0.407253,2025-04-25
GME,27.46,2025-05-02,6,Put,27.5,0.74,0.76,0.8,1738,216,8.05,-0.495786,2025-04-25
GME,27.46,2025-05-02,6,Call,27.5,0.74,0.76,0.78,4472,2085,2.14,0.504949,2025-04-25
GME,27.46,2025-05-02,6,Put,27,0.5,0.52,0.53,1824,1053,1.73,-0.387957,2025-04-25
GME,27.46,2025-05-02,6,Put,26.5,0.33,0.37,0.36,1318,678,1.94,-0.287715,2025-04-25
GME,27.46,2025-05-02,6,Put,26,0.21,0.22,0.23,4779,3442,1.39,-0.202575,2025-04-25
GME,27.46,2025-04-25,0,Put,28,0.42,0.52,0.7,1319,863,1.53,-0.715311,2025-04-25
GME,27.08,2025-05-02,8,Put,26.5,0.64,0.65,0.67,651,436,1.49,-0.383846,2025-04-24
GME,27.08,2025-04-25,1,Put,27.5,0.6,0.62,0.67,2009,934,2.15,-0.667651,2025-04-24
GME,27.08,2025-04-25,1,Call,27.5,0.22,0.24,0.25,6621,3670,1.8,0.350701,2025-04-24
GME,27.08,2025-04-25,1,Put,27,0.3,0.32,0.33,6815,2491,2.74,-0.458211,2025-04-24
GME,27.12,2025-05-30,37,Call,28,1.94,2.16,2.38,735,356,2.06,0.489734,2025-04-23
GME,27.12,2025-05-23,30,Call,35,0.59,0.7,0.79,2050,839,2.44,0.198591,2025-04-23
GME,27.12,2025-05-09,16,Call,29,0.91,1.01,1.08,753,600,1.26,0.367037,2025-04-23
GME,27.12,2025-05-02,9,Call,33.5,0.2,0.2,0.22,720,375,1.92,0.104088,2025-04-23
GME,27.12,2025-05-02,9,Call,27.5,0.98,1.02,1.04,2421,812,2.98,0.470557,2025-04-23
GME,27.12,2025-05-02,9,Put,26,0.61,0.62,0.64,1458,965,1.51,-0.322573,2025-04-23
GME,27.12,2025-04-25,2,Put,28,1.16,1.18,1.25,1335,1009,1.32,-0.69655,2025-04-23
GME,27.12,2025-04-25,2,Call,28,0.3,0.3,0.31,15380,11510,1.34,0.303713,2025-04-23
GME,27.12,2025-04-25,2,Put,27.5,0.8,0.84,0.87,2121,676,3.14,-0.58389,2025-04-23
GME,27.12,2025-04-25,2,Call,27.5,0.42,0.42,0.45,4470,3438,1.3,0.408876,2025-04-23
GME,27.12,2025-04-25,2,Put,27,0.51,0.54,0.56,4160,1774,2.34,-0.45738,2025-04-23
GME,27.12,2025-04-25,2,Put,26.5,0.31,0.34,0.34,2459,1427,1.72,-0.329974,2025-04-23
GME,27.8,2025-05-23,31,Call,32,1.07,1.14,1.4,539,182,2.96,0.309528,2025-04-22
GME,27.8,2025-05-16,24,Call,28,1.86,1.96,2,3790,3017,1.26,0.519281,2025-04-22
GME,27.8,2025-05-02,10,Call,30,0.6,0.6,0.61,8381,6597,1.27,0.291896,2025-04-22
GME,27.8,2025-05-02,10,Call,28.5,0.97,0.97,1,650,174,3.74,0.435891,2025-04-22
GME,27.8,2025-05-02,10,Call,27.5,1.37,1.39,1.42,1508,285,5.29,0.559299,2025-04-22
GME,27.8,2025-05-02,10,Put,27,0.81,0.84,0.88,573,201,2.85,-0.374307,2025-04-22
GME,27.8,2025-04-25,3,Call,29.5,0.22,0.23,0.24,5115,1753,2.92,0.211885,2025-04-22
GME,27.8,2025-04-25,3,Put,28,0.77,0.8,0.84,1248,766,1.63,-0.533631,2025-04-22
GME,27.8,2025-04-25,3,Call,28,0.58,0.6,0.61,15612,8293,1.88,0.466227,2025-04-22
GME,27.8,2025-04-25,3,Put,27.5,0.5,0.53,0.55,1628,149,10.93,-0.417442,2025-04-22
GME,27.8,2025-04-25,3,Call,27.5,0.79,0.8,0.85,5267,2021,2.61,0.584857,2025-04-22
GME,27.8,2025-04-25,3,Put,27,0.32,0.33,0.34,3184,1176,2.71,-0.302347,2025-04-22
GME,27.8,2025-04-25,3,Put,26.5,0.18,0.2,0.21,1649,1308,1.26,-0.205544,2025-04-22
GME,26.77,2025-07-18,88,Put,25,3.2,3.45,3.65,4018,777,5.17,-0.353082,2025-04-21
GME,26.77,2025-05-23,32,Call,30,1.4,1.46,1.5,2008,1466,1.37,0.365775,2025-04-21
GME,26.77,2025-04-25,4,Call,28,0.4,0.4,0.41,8710,5932,1.47,0.302604,2025-04-21
GME,26.77,2025-04-25,4,Call,27.5,0.51,0.58,0.55,2468,1672,1.48,0.379543,2025-04-21
GME,26.77,2025-04-25,4,Put,26.5,0.61,0.62,0.66,1450,726,2,-0.42925,2025-04-21
GME,26.77,2025-04-25,4,Call,26.5,0.92,0.92,0.96,2649,2119,1.25,0.568568,2025-04-21
GME,26.77,2025-04-25,4,Call,26,1.16,1.23,1.24,5698,3735,1.53,0.66456,2025-04-21
GME,26.77,2025-04-25,4,Put,25.5,0.27,0.29,0.29,7842,2560,3.06,-0.241874,2025-04-21
GME,26.78,2025-06-20,64,Put,26,3.25,3.25,3.55,1333,635,2.1,-0.396868,2025-04-18
GME,26.78,2025-04-25,8,Call,29.5,0.33,0.34,0.37,1704,345,4.94,0.210064,2025-04-18
GME,26.78,2025-04-25,8,Call,28.5,0.47,0.49,0.51,6199,875,7.08,0.292854,2025-04-18
GME,26.78,2025-04-25,8,Call,27.5,0.64,0.72,0.75,1792,818,2.19,0.408959,2025-04-18
GME,26.78,2025-04-25,8,Put,27,1.04,1.06,1.11,1468,534,2.75,-0.520111,2025-04-18
GME,26.78,2025-04-25,8,Call,27,0.9,0.93,0.93,7393,4119,1.79,0.484333,2025-04-18
GME,26.78,2025-04-25,8,Put,26.5,0.78,0.8,0.82,1310,276,4.75,-0.435601,2025-04-18
GME,26.78,2025-04-25,8,Call,26.5,1.09,1.14,1.18,1679,1330,1.26,0.561709,2025-04-18
GME,26.78,2025-04-25,8,Put,25.5,0.38,0.39,0.42,2431,873,2.78,-0.26856,2025-04-18
GME,26.78,2025-04-17,1,Put,27,0.15,0.17,0.2,6066,3019,2.01,0,2025-04-18
GME,26.78,2025-04-17,1,Call,26.5,0.23,0.32,0.4,10809,6177,1.75,0.792961,2025-04-18
GME,26.78,2025-06-20,64,Put,26,3.25,3.25,3.55,1333,635,2.1,-0.396868,2025-04-17
GME,26.78,2025-04-25,8,Call,29.5,0.33,0.34,0.37,1704,345,4.94,0.210064,2025-04-17
GME,26.78,2025-04-25,8,Call,28.5,0.47,0.49,0.51,6199,875,7.08,0.292854,2025-04-17
GME,26.78,2025-04-25,8,Call,27.5,0.64,0.72,0.75,1792,818,2.19,0.408959,2025-04-17
GME,26.78,2025-04-25,8,Put,27,1.04,1.06,1.11,1468,534,2.75,-0.520111,2025-04-17
GME,26.78,2025-04-25,8,Call,27,0.9,0.93,0.93,7393,4119,1.79,0.484333,2025-04-17
GME,26.78,2025-04-25,8,Put,26.5,0.78,0.8,0.82,1310,276,4.75,-0.435601,2025-04-17
GME,26.78,2025-04-25,8,Call,26.5,1.09,1.14,1.18,1679,1330,1.26,0.561709,2025-04-17
GME,26.78,2025-04-25,8,Put,25.5,0.38,0.39,0.42,2431,873,2.78,-0.26856,2025-04-17
GME,26.78,2025-04-17,1,Put,27,0.15,0.17,0.2,6066,3019,2.01,0,2025-04-17
GME,26.78,2025-04-17,1,Call,26.5,0.23,0.32,0.4,10809,6177,1.75,0.792961,2025-04-17
GME,26.25,2025-06-20,65,Put,21,1.25,1.39,1.5,1054,536,1.97,-0.212595,2025-04-16
GME,26.25,2025-04-17,1,Call,26.5,0.27,0.28,0.3,9162,3887,2.36,0.406628,2025-04-16
GME,26.25,2025-04-17,1,Put,25.5,0.12,0.13,0.13,9398,6247,1.5,-0.220094,2025-04-16
GME,26.7,2025-05-30,45,Call,40,0.8,0.86,0.95,3730,295,12.64,0.184851,2025-04-15
GME,26.7,2025-05-23,38,Call,40,0.71,0.72,0.88,3612,1789,2.02,0.166368,2025-04-15
GME,26.7,2025-05-16,31,Put,27,2.55,2.7,2.81,1821,779,2.34,-0.470872,2025-04-15
GME,26.7,2025-04-25,10,Call,27.5,1.01,0.99,1.04,734,223,3.29,0.433281,2025-04-15
GME,26.7,2025-04-25,10,Put,25.5,0.7,0.72,0.75,685,410,1.67,-0.327118,2025-04-15
GME,26.7,2025-04-17,2,Put,26.5,0.49,0.54,0.53,3086,885,3.49,-0.43655,2025-04-15
GME,26.7,2025-04-17,2,Put,25.5,0.19,0.19,0.2,4908,2792,1.76,-0.208491,2025-04-15
GME,26.98,2025-05-16,32,Call,23,4.9,4.8,5.25,2310,1477,1.56,0.764327,2025-04-14
GME,26.98,2025-05-09,25,Call,30,1.4,1.44,1.5,3566,2028,1.76,0.369632,2025-04-14
GME,26.98,2025-05-02,18,Put,25,0.91,1.02,1.05,3398,490,6.93,-0.302692,2025-04-14
GME,26.98,2025-04-25,11,Put,26,0.93,0.95,0.97,2208,387,5.71,-0.364308,2025-04-14
GME,26.98,2025-04-17,3,Call,31.5,0.11,0.12,0.14,772,387,1.99,0.090198,2025-04-14
GME,26.98,2025-04-17,3,Put,27.5,1.11,1.14,1.18,913,612,1.49,-0.580888,2025-04-14
GME,26.98,2025-04-17,3,Put,27,0.81,0.84,0.87,3517,2039,1.72,-0.488749,2025-04-14
GME,26.98,2025-04-17,3,Put,26.5,0.57,0.59,0.6,3537,389,9.09,-0.391886,2025-04-14
GME,26.98,2025-04-17,3,Call,26.5,1.03,1.04,1.09,6573,3505,1.88,0.610631,2025-04-14
GME,26.98,2025-04-17,3,Put,26,0.38,0.41,0.42,5459,2590,2.11,-0.300809,2025-04-14
GME,26.98,2025-04-17,3,Call,26,1.35,1.37,1.4,8314,6344,1.31,0.702827,2025-04-14
GME,26.98,2025-04-17,3,Put,25,0.17,0.18,0.19,6872,4775,1.44,-0.156515,2025-04-14
GME,26.4,2025-05-30,48,Call,25,3.55,4.1,4.2,517,362,1.43,0.624589,2025-04-11
GME,26.4,2025-05-23,41,Call,40,0.95,0.95,0.99,1239,753,1.65,0.195051,2025-04-11
GME,26.4,2025-05-16,34,Call,45,0.69,0.71,0.72,729,568,1.28,0.146608,2025-04-11
GME,26.4,2025-05-16,34,Call,36,1.11,1.11,1.19,516,116,4.45,0.238706,2025-04-11
GME,26.4,2025-05-16,34,Call,35,1.15,1.21,1.22,8215,4071,2.02,0.258414,2025-04-11
GME,26.4,2025-05-16,34,Call,33,1.42,1.41,1.43,9632,7124,1.35,0.302236,2025-04-11
GME,26.4,2025-05-16,34,Call,32,1.57,1.58,1.59,12492,8636,1.45,0.33047,2025-04-11
GME,26.4,2025-05-16,34,Call,30,1.93,1.93,1.94,13276,9642,1.38,0.39448,2025-04-11
GME,26.4,2025-05-09,27,Call,31,1.24,1.36,1.4,1255,314,4,0.326965,2025-04-11
GME,26.4,2025-04-25,13,Call,27,1.44,1.46,1.55,2853,1570,1.82,0.476666,2025-04-11
GME,26.4,2025-04-25,13,Call,26.5,1.59,1.7,1.7,602,423,1.42,0.522487,2025-04-11
GME,26.4,2025-04-25,13,Call,25.5,2.04,2.13,2.17,640,287,2.23,0.615092,2025-04-11
GME,26.4,2025-04-25,13,Put,24,0.63,0.69,0.75,1363,1026,1.33,-0.25062,2025-04-11
GME,26.4,2025-04-17,5,Call,28.5,0.45,0.46,0.49,5412,1285,4.21,0.267108,2025-04-11
GME,26.4,2025-04-17,5,Call,27.5,0.66,0.68,0.7,2947,1777,1.66,0.370576,2025-04-11
GME,26.4,2025-04-17,5,Call,26.5,1,1,1.04,4662,2047,2.28,0.503877,2025-04-11
GME,26.4,2025-04-17,5,Put,26,0.83,0.86,0.88,3826,956,4,-0.420107,2025-04-11
GME,26.4,2025-04-17,5,Call,26,1.23,1.25,1.28,8466,5942,1.42,0.57958,2025-04-11
GME,26.4,2025-04-17,5,Put,25,0.46,0.47,0.47,6376,2951,2.16,-0.275528,2025-04-11
GME,26.4,2025-04-11,0,Put,27,0.51,0.67,1.34,726,312,2.33,-0.809599,2025-04-11
GME,26.4,2025-04-11,0,Put,26.5,0.1,0.15,0.2,1312,212,6.19,-0.669624,2025-04-11
GME,26.4,2025-04-11,0,Call,26,0.31,0.41,0.4,27932,14099,1.98,0.999208,2025-04-11
GME,26.4,2025-04-11,0,Call,25.5,0.62,0.99,0.98,7051,5296,1.33,0.839354,2025-04-11
GME,25.02,2025-06-20,71,Put,19,1.06,1.18,1.17,601,352,1.71,-0.179595,2025-04-10
GME,25.02,2025-05-23,43,Call,30,1.25,1.43,1.6,838,576,1.45,0.328899,2025-04-10
GME,25.02,2025-05-16,36,Call,33,0.94,0.98,1,8919,546,16.34,0.239818,2025-04-10
GME,25.02,2025-05-16,36,Call,32,1.09,1.1,1.1,10570,634,16.67,0.265325,2025-04-10
GME,25.02,2025-05-16,36,Call,31,1.17,1.2,1.21,10596,823,12.87,0.289732,2025-04-10
GME,25.02,2025-05-09,29,Put,25,1.92,2.3,2.66,848,495,1.71,-0.452666,2025-04-10
GME,25.02,2025-04-25,15,Call,26.5,0.91,1.17,1.2,559,112,4.99,0.405211,2025-04-10
GME,25.02,2025-04-17,7,Call,28,0.39,0.42,0.42,12696,5617,2.26,0.225632,2025-04-10
GME,25.02,2025-04-17,7,Call,26,0.79,0.79,0.82,9171,5811,1.58,0.396248,2025-04-10
GME,25.02,2025-04-17,7,Put,24.5,0.87,0.92,0.92,1022,596,1.71,-0.406632,2025-04-10
GME,25.02,2025-04-11,1,Put,26.5,1.59,1.84,1.75,597,189,3.16,-0.793961,2025-04-10
GME,25.02,2025-04-11,1,Call,26.5,0.16,0.17,0.18,7508,2743,2.74,0.195414,2025-04-10
GME,25.02,2025-04-11,1,Put,26,1.19,1.23,1.28,3646,514,7.09,-0.725886,2025-04-10
GME,25.02,2025-04-11,1,Put,25.5,0.83,0.82,0.89,2770,850,3.26,-0.616621,2025-04-10
GME,25.02,2025-04-11,1,Call,25.5,0.37,0.38,0.39,10655,4647,2.29,0.383501,2025-04-10
GME,25.02,2025-04-11,1,Put,25,0.53,0.56,0.58,6137,1678,3.66,-0.483251,2025-04-10
GME,25.02,2025-04-11,1,Put,24.5,0.31,0.34,0.35,4292,1877,2.29,-0.345648,2025-04-10
GME,25.02,2025-04-11,1,Put,24,0.19,0.2,0.2,8700,2549,3.41,-0.2291,2025-04-10
GME,25.02,2025-04-11,1,Put,23.5,0.11,0.11,0.12,1789,1259,1.42,-0.140457,2025-04-10
GME,25.4,2025-04-17,8,Put,23.5,0.39,0.4,0.42,500,254,1.97,-0.228024,2025-04-09
GME,25.4,2025-04-17,8,Put,21,0.1,0.11,0.12,10097,2998,3.37,-0.069181,2025-04-09
GME,25.4,2025-04-11,2,Put,26,1.08,1.13,1.14,1073,323,3.32,-0.603956,2025-04-09
GME,25.4,2025-04-11,2,Put,25.5,0.77,0.81,0.87,1378,193,7.14,-0.506367,2025-04-09
GME,25.4,2025-04-11,2,Put,24.5,0.34,0.36,0.36,2340,726,3.22,-0.297124,2025-04-09
GME,25.4,2025-04-11,2,Put,24,0.21,0.22,0.23,3611,1315,2.75,-0.205868,2025-04-09
GME,25.4,2025-04-11,2,Put,23.5,0.13,0.14,0.15,2531,1004,2.52,-0.14023,2025-04-09
GME,25.4,2025-04-11,2,Put,23,0.09,0.1,0.1,6183,3249,1.9,-0.100352,2025-04-09
GME,23.39,2025-10-17,192,Call,21,6.3,6.7,7.6,540,315,1.71,0.669657,2025-04-08
GME,23.39,2025-05-09,31,Call,27,1,1.14,1.22,2088,240,8.7,0.329545,2025-04-08
GME,23.39,2025-04-17,9,Call,30.5,0.24,0.25,0.26,676,130,5.2,0.116053,2025-04-08
GME,23.39,2025-04-17,9,Call,28.5,0.32,0.31,0.36,970,452,2.15,0.162179,2025-04-08
GME,23.39,2025-04-17,9,Call,26.5,0.53,0.54,0.58,1088,433,2.51,0.251402,2025-04-08
GME,23.39,2025-04-11,3,Put,25,2.03,2.19,2.1,2693,1118,2.41,-0.70689,2025-04-08
GME,23.39,2025-04-11,3,Put,24.5,1.65,1.63,1.72,772,363,2.13,-0.645856,2025-04-08
GME,23.39,2025-04-11,3,Put,24,1.33,1.38,1.38,5123,1057,4.85,-0.570699,2025-04-08
GME,23.39,2025-04-11,3,Put,23.5,1.03,1.12,1.08,1681,832,2.02,-0.496607,2025-04-08
GME,24.29,2027-12-17,984,Call,30,9.05,10.5,11.25,2610,1113,2.35,0.648941,2025-04-07
GME,24.29,2025-05-09,32,Call,23,3.05,3.1,3.4,965,461,2.09,0.629165,2025-04-07
GME,24.29,2025-04-11,4,Call,36,0.06,0.11,0.11,1176,549,2.14,0.051721,2025-04-07
GME,24.29,2025-04-11,4,Call,31.5,0.09,0.19,0.24,544,347,1.57,0.09624,2025-04-07
GME,24.29,2025-04-11,4,Call,30.5,0.18,0.19,0.27,857,373,2.3,0.103676,2025-04-07
GME,24.29,2025-04-11,4,Call,30,0.2,0.2,0.22,16112,11071,1.46,0.111656,2025-04-07
GME,24.29,2025-04-11,4,Call,29.5,0.15,0.29,0.28,578,351,1.65,0.122148,2025-04-07
GME,24.29,2025-04-11,4,Call,28,0.29,0.3,0.32,8908,3972,2.24,0.173677,2025-04-07
GME,24.29,2025-04-11,4,Call,27.5,0.32,0.35,0.37,4468,2247,1.99,0.200597,2025-04-07
GME,24.29,2025-04-11,4,Call,27,0.4,0.41,0.41,8651,4862,1.78,0.232205,2025-04-07
GME,24.29,2025-04-11,4,Call,26.5,0.46,0.46,0.5,1645,789,2.08,0.263892,2025-04-07
GME,24.29,2025-04-11,4,Call,25.5,0.68,0.7,0.73,3020,1534,1.97,0.367327,2025-04-07
GME,24.29,2025-04-11,4,Put,25,1.5,1.62,1.74,1860,1092,1.7,-0.566695,2025-04-07
GME,24.29,2025-04-11,4,Call,25,0.86,0.86,0.87,25144,16127,1.56,0.428197,2025-04-07
GME,24.29,2025-04-11,4,Call,24.5,1.03,1.07,1.09,3745,2366,1.58,0.494852,2025-04-07
GME,24.29,2025-04-11,4,Put,24,1,1.03,1.05,1189,621,1.91,-0.436896,2025-04-07
GME,24.29,2025-04-11,4,Call,24,1.28,1.27,1.3,9409,6411,1.47,0.562983,2025-04-07
GME,24.29,2025-04-11,4,Put,23,0.59,0.66,0.62,4074,1706,2.39,-0.304069,2025-04-07
GME,24.29,2025-04-11,4,Put,22.5,0.46,0.46,0.47,1877,1103,1.7,-0.24581,2025-04-07
GME,24.29,2025-04-11,4,Put,22,0.36,0.37,0.37,10642,2638,4.03,-0.200733,2025-04-07
GME,23.49,2025-05-09,34,Call,50,0.22,0.31,0.5,1070,278,3.85,0.076098,2025-04-04
GME,23.49,2025-05-09,34,Call,23,2.23,2.75,2.99,1381,236,5.85,0.580178,2025-04-04
GME,23.49,2025-04-17,12,Call,27.5,0.69,0.7,0.76,1429,246,5.81,0.259174,2025-04-04
GME,23.49,2025-04-17,12,Call,24.5,1.27,1.31,1.42,1263,228,5.54,0.445016,2025-04-04
GME,23.49,2025-04-11,6,Call,40,0.17,0.17,0.19,3885,1597,2.43,0.060309,2025-04-04
GME,23.49,2025-04-11,6,Call,29,0.36,0.35,0.39,3056,1219,2.51,0.165956,2025-04-04
GME,23.49,2025-04-11,6,Call,28.5,0.38,0.41,0.41,937,380,2.47,0.181609,2025-04-04
GME,23.49,2025-04-11,6,Call,27,0.5,0.48,0.51,5232,1735,3.02,0.233032,2025-04-04
GME,23.49,2025-04-11,6,Call,26.5,0.55,0.58,0.58,857,365,2.35,0.262773,2025-04-04
GME,23.49,2025-04-11,6,Call,25.5,0.7,0.7,0.74,2766,497,5.57,0.322511,2025-04-04
GME,23.49,2025-04-11,6,Put,25,2.22,2.37,2.42,1175,464,2.53,-0.627992,2025-04-04
GME,23.49,2025-04-11,6,Call,25,0.79,0.8,0.83,22219,7441,2.99,0.363726,2025-04-04
GME,23.49,2025-04-11,6,Call,24.5,0.91,0.91,1.08,3766,1110,3.39,0.409805,2025-04-04
GME,23.49,2025-04-11,6,Call,24,1.09,1.11,1.13,11431,2374,4.82,0.467494,2025-04-04
GME,23.49,2025-04-11,6,Put,23.5,1.24,1.33,1.57,1131,214,5.29,-0.473469,2025-04-04
GME,23.49,2025-04-11,6,Call,23,1.47,1.45,1.6,10484,3101,3.38,0.586544,2025-04-04
GME,23.49,2025-04-11,6,Put,22.5,0.75,0.87,0.87,1197,467,2.56,-0.354716,2025-04-04
GME,23.49,2025-04-11,6,Call,22.5,1.75,1.78,1.95,4247,1564,2.72,0.650041,2025-04-04
GME,23.49,2025-04-11,6,Call,22,2.07,2.09,2.21,4912,1834,2.68,0.710716,2025-04-04
GME,23.49,2025-04-11,6,Put,21.5,0.5,0.53,0.55,7782,724,10.75,-0.245967,2025-04-04
GME,23.49,2025-04-11,6,Call,21,2.78,2.8,3,1117,402,2.78,0.820652,2025-04-04
GME,23.49,2025-04-11,6,Put,19,0.16,0.17,0.17,1517,631,2.4,-0.087737,2025-04-04
GME,23.49,2025-04-04,0,Call,23,0.39,0.43,0.69,30010,9922,3.02,0.695164,2025-04-04
GME,23.49,2025-04-04,0,Call,22.5,0.75,0.89,1.46,13595,4277,3.18,0.690293,2025-04-04
GME,23.49,2025-04-04,0,Call,22,0.91,1.4,2.02,27879,7465,3.73,0.722669,2025-04-04
GME,21.1,2025-04-25,22,Put,18,0.28,0.31,0.45,1572,197,7.98,-0.154115,2025-04-03
GME,21.1,2025-04-17,14,Call,23.5,0.48,0.55,0.62,4175,353,11.83,0.2794,2025-04-03
GME,21.1,2025-04-11,8,Call,23.5,0.31,0.33,0.34,5298,821,6.45,0.221821,2025-04-03
GME,21.1,2025-04-11,8,Put,20.5,0.62,0.61,0.65,2440,150,16.27,-0.375822,2025-04-03
GME,21.1,2025-04-11,8,Put,18,0.1,0.1,0.11,4351,296,14.7,-0.082783,2025-04-03
GME,21.1,2025-04-04,1,Call,21.5,0.25,0.26,0.26,6370,2780,2.29,0.364686,2025-04-03
GME,22.69,2025-07-18,107,Call,55,0.6,0.67,0.75,601,416,1.44,0.123304,2025-04-02
GME,22.69,2025-04-04,2,Put,22.5,0.44,0.48,0.47,3657,2495,1.47,-0.433287,2025-04-02
GME,22.61,2027-12-17,991,Call,55,6.35,6.45,6.8,1046,181,5.78,0.478423,2025-04-01
GME,22.61,2025-05-16,45,Put,23,2.42,2.57,2.7,867,343,2.53,-0.474819,2025-04-01
GME,22.61,2025-04-25,24,Put,19,0.36,0.39,0.42,541,115,4.7,-0.157742,2025-04-01
GME,22.61,2025-04-11,10,Call,23,1,1.03,1.04,1875,1197,1.57,0.473901,2025-04-01
GME,22.61,2025-04-11,10,Put,21.5,0.63,0.66,0.67,503,316,1.59,-0.324833,2025-04-01
GME,22.61,2025-04-04,3,Call,23,0.57,0.59,0.6,14707,7296,2.02,0.435802,2025-04-01
GME,22.61,2025-04-04,3,Put,22.5,0.66,0.68,0.7,2630,1246,2.11,-0.46055,2025-04-01
GME,22.32,2027-12-17,992,Call,30,8.65,9.75,10.25,820,536,1.53,0.64181,2025-03-31
GME,22.32,2026-01-16,292,Put,75,52.25,53.15,54.15,1492,777,1.92,-0.868417,2025-03-31
GME,22.32,2025-07-18,109,Call,27,2.75,2.95,3.1,1231,730,1.69,0.446235,2025-03-31
GME,22.32,2025-06-20,81,Call,27,2.24,2.28,2.63,4217,3363,1.25,0.407043,2025-03-31
GME,22.32,2025-05-16,46,Call,23,2.2,2.2,2.41,1286,797,1.61,0.508278,2025-03-31
GME,22.32,2025-05-09,39,Call,30,0.71,0.8,0.81,1662,185,8.98,0.222789,2025-03-31
GME,22.32,2025-05-09,39,Call,25,1.35,1.69,1.66,697,497,1.4,0.392556,2025-03-31
GME,22.32,2025-04-25,25,Call,23,1.5,1.79,1.78,1459,1132,1.29,0.48519,2025-03-31
GME,22.32,2025-04-11,11,Call,32,0.14,0.16,0.16,1047,531,1.97,0.0752,2025-03-31
GME,22.32,2025-04-11,11,Call,27.5,0.27,0.29,0.29,1317,423,3.11,0.147886,2025-03-31
GME,22.32,2025-04-11,11,Call,27,0.31,0.3,0.33,1355,929,1.46,0.163738,2025-03-31
GME,22.32,2025-04-11,11,Call,25,0.52,0.53,0.55,4799,2610,1.84,0.26375,2025-03-31
GME,22.32,2025-04-11,11,Call,23.5,0.85,0.93,0.89,766,139,5.51,0.394117,2025-03-31
GME,22.32,2025-04-04,4,Call,25.5,0.15,0.15,0.17,2431,1765,1.38,0.126837,2025-03-31
GME,22.32,2025-04-04,4,Call,24.5,0.23,0.25,0.25,3442,1913,1.8,0.200717,2025-03-31
GME,22.32,2025-04-04,4,Call,23.5,0.41,0.43,0.44,11979,1763,6.79,0.317257,2025-03-31
GME,22.32,2025-04-04,4,Call,23,0.55,0.57,0.57,7985,4181,1.91,0.394999,2025-03-31
GME,22.32,2025-04-04,4,Call,22.5,0.74,0.75,0.77,5887,3771,1.56,0.483477,2025-03-31
GME,22.32,2025-04-04,4,Call,22,0.98,1,1.03,9251,4744,1.95,0.578236,2025-03-31
GME,22.32,2025-04-04,4,Put,21.5,0.45,0.46,0.47,2982,2303,1.29,-0.325865,2025-03-31
GME,22.32,2025-04-04,4,Call,21.5,1.27,1.31,1.34,4044,2337,1.73,0.667937,2025-03-31
GME,22.32,2025-04-04,4,Call,21,1.62,1.62,1.7,1599,1051,1.52,0.759467,2025-03-31
GME,22.32,2025-04-04,4,Put,20.5,0.2,0.22,0.22,4168,1656,2.52,-0.178618,2025-03-31
GME,22.32,2025-04-04,4,Put,20,0.15,0.15,0.16,8334,3685,2.26,-0.127741,2025-03-31
GME,22.32,2025-04-04,4,Put,19.5,0.1,0.11,0.12,1065,710,1.5,-0.094204,2025-03-31
GME,21.73,2027-01-15,658,Put,20,5.4,6.57,7.6,570,338,1.69,-0.277671,2025-03-28
GME,21.73,2027-01-15,658,Call,18,10.4,10.82,11.4,1319,410,3.22,0.736103,2025-03-28
GME,21.73,2026-01-16,294,Put,75,52.2,53.6,55.8,1000,397,2.52,-0.886212,2025-03-28
GME,21.73,2025-07-18,111,Put,20,2.6,2.82,3.05,1010,667,1.51,-0.341105,2025-03-28
GME,21.73,2025-05-16,48,Call,23,2.09,2.15,2.29,538,366,1.47,0.483288,2025-03-28
GME,21.73,2025-04-25,27,Call,23,1.47,1.57,1.9,900,704,1.28,0.451285,2025-03-28
GME,21.73,2025-04-25,27,Put,22,1.9,2.01,2.34,607,429,1.41,-0.481428,2025-03-28
GME,21.73,2025-04-25,27,Call,22,1.8,1.91,2,1387,826,1.68,0.5221,2025-03-28
GME,21.73,2025-04-04,6,Call,25,0.27,0.27,0.28,11585,7413,1.56,0.175262,2025-03-28
GME,21.73,2025-04-04,6,Call,24.5,0.32,0.33,0.33,1546,1056,1.46,0.208938,2025-03-28
GME,21.73,2025-04-04,6,Call,24,0.38,0.39,0.4,9716,3110,3.12,0.244769,2025-03-28
GME,21.73,2025-04-04,6,Put,23,1.8,1.79,1.85,2440,1561,1.56,-0.661234,2025-03-28
GME,21.73,2025-04-04,6,Call,23,0.58,0.6,0.6,4439,3013,1.47,0.348196,2025-03-28
GME,21.73,2025-04-04,6,Call,22.5,0.73,0.73,0.75,5937,1058,5.61,0.409671,2025-03-28
GME,21.73,2025-04-04,6,Put,22,1.15,1.16,1.16,7813,3061,2.55,-0.519837,2025-03-28
GME,21.73,2025-04-04,6,Call,22,0.92,0.94,0.94,5075,3053,1.66,0.483071,2025-03-28
GME,21.73,2025-04-04,6,Put,21.5,0.88,0.89,0.92,2745,794,3.46,-0.441327,2025-03-28
GME,21.73,2025-04-04,6,Put,21,0.66,0.68,0.68,3958,1547,2.56,-0.364138,2025-03-28
GME,21.73,2025-04-04,6,Put,20.5,0.48,0.48,0.5,2185,756,2.89,-0.287716,2025-03-28
GME,21.73,2025-04-04,6,Call,20,2.1,2.17,2.16,2094,1408,1.49,0.762558,2025-03-28
GME,21.73,2025-04-04,6,Put,19.5,0.24,0.23,0.25,653,370,1.76,-0.167582,2025-03-28
GME,21.73,2025-04-04,6,Put,19,0.17,0.18,0.18,1953,852,2.29,-0.126804,2025-03-28
GME,21.73,2025-03-28,0,Put,22.5,0.74,0.78,0.79,8377,3179,2.64,-0.952912,2025-03-28
GME,21.73,2025-03-28,0,Put,22,0.24,0.27,0.31,20781,11737,1.77,-0.791097,2025-03-28
GME,21.73,2025-03-28,0,Call,21.5,0.1,0.26,0.38,3735,2258,1.65,0.799724,2025-03-28
GME,22.09,2027-01-15,660,Call,60,4.4,4.57,5.75,1327,325,4.08,0.397225,2025-03-27
GME,22.09,2027-01-15,660,Put,5,0.25,0.35,0.36,20950,912,22.97,-0.025608,2025-03-27
GME,22.09,2027-01-15,660,Call,15,11.7,12.2,13.05,1982,850,2.33,0.780022,2025-03-27
GME,22.09,2027-01-15,660,Put,10,1.55,1.55,1.59,4156,1219,3.41,-0.093831,2025-03-27
GME,22.09,2026-01-16,296,Call,50,2.25,2.71,2.7,8931,4379,2.04,0.295095,2025-03-27
GME,22.09,2026-01-16,296,Call,42,2.9,3,3.4,6150,324,18.98,0.349467,2025-03-27
GME,22.09,2026-01-16,296,Call,35,3.3,3.78,4.2,7164,1778,4.03,0.421084,2025-03-27
GME,22.09,2026-01-16,296,Call,22,6.45,6.55,6.8,1591,1064,1.5,0.628819,2025-03-27
GME,22.09,2026-01-16,296,Put,17,2.52,2.93,3.45,2063,1319,1.56,-0.231252,2025-03-27
GME,22.09,2026-01-16,296,Call,10,12.45,13,14.35,5751,3440,1.67,0.889663,2025-03-27
GME,22.09,2025-10-17,204,Call,25,4.5,4.73,5.05,781,330,2.37,0.543179,2025-03-27
GME,22.09,2025-10-17,204,Call,20,5.8,6.6,6.85,514,189,2.72,0.66765,2025-03-27
GME,22.09,2025-07-18,113,Call,30,2.48,2.6,2.65,4313,2682,1.61,0.390057,2025-03-27
GME,22.09,2025-07-18,113,Call,25,3.5,3.59,3.8,2834,1973,1.44,0.504561,2025-03-27
GME,22.09,2025-07-18,113,Call,22,4.3,4.55,4.75,717,411,1.74,0.595216,2025-03-27
GME,22.09,2025-06-20,85,Call,34,1.52,1.68,1.81,578,298,1.94,0.289906,2025-03-27
GME,22.09,2025-06-20,85,Call,33,1.7,1.85,1.95,1999,806,2.48,0.311242,2025-03-27
GME,22.09,2025-06-20,85,Call,27,2.62,2.74,2.9,3409,2731,1.25,0.433412,2025-03-27
GME,22.09,2025-06-20,85,Call,26,2.8,2.9,3.15,1366,576,2.37,0.45715,2025-03-27
GME,22.09,2025-06-20,85,Call,24,3.3,3.65,3.7,1097,764,1.44,0.526782,2025-03-27
GME,22.09,2025-06-20,85,Call,23,3.7,3.85,3.95,1048,496,2.11,0.555134,2025-03-27
GME,22.09,2025-06-20,85,Call,22,4.05,4.15,4.3,3136,1710,1.83,0.588546,2025-03-27
GME,22.09,2025-06-20,85,Call,21,4.35,4.45,4.8,1678,329,5.1,0.623772,2025-03-27
GME,22.09,2025-05-16,50,Call,35,0.75,0.82,0.89,3003,2128,1.41,0.190061,2025-03-27
GME,22.09,2025-05-16,50,Call,33,0.8,0.96,1.05,589,371,1.59,0.219806,2025-03-27
GME,22.09,2025-05-16,50,Call,31,0.95,1.15,1.22,510,134,3.81,0.257898,2025-03-27
GME,22.09,2025-05-16,50,Call,30,1.15,1.17,1.23,3581,1702,2.1,0.269386,2025-03-27
GME,22.09,2025-05-16,50,Call,28,1.4,1.46,1.51,826,580,1.42,0.324094,2025-03-27
GME,22.09,2025-05-16,50,Call,27,1.45,1.58,1.73,1453,204,7.12,0.350676,2025-03-27
GME,22.09,2025-05-16,50,Call,26,1.65,1.84,1.85,659,338,1.95,0.390896,2025-03-27
GME,22.09,2025-05-16,50,Put,25,4.65,4.9,4.9,1303,908,1.44,-0.572252,2025-03-27
GME,22.09,2025-05-16,50,Call,25,2.01,2.05,2.18,5022,661,7.6,0.427806,2025-03-27
GME,22.09,2025-05-16,50,Put,24,3.95,4.28,4.2,518,198,2.62,-0.534064,2025-03-27
GME,22.09,2025-05-16,50,Put,23,3.25,3.5,3.55,615,366,1.68,-0.480396,2025-03-27
GME,22.09,2025-05-16,50,Put,20,1.6,1.8,1.8,16403,406,40.4,-0.320217,2025-03-27
GME,22.09,2025-05-02,36,Call,28,0.98,1.1,1.18,826,605,1.37,0.285001,2025-03-27
GME,22.09,2025-05-02,36,Call,25,1.57,1.61,1.77,1105,565,1.96,0.395882,2025-03-27
GME,22.09,2025-05-02,36,Call,24,1.74,2,2.03,1075,141,7.62,0.453076,2025-03-27
GME,22.09,2025-05-02,36,Put,20,1.32,1.39,1.5,504,145,3.48,-0.308933,2025-03-27
GME,22.09,2025-04-25,29,Call,29,0.78,1.01,1,504,302,1.67,0.244844,2025-03-27
GME,22.09,2025-04-25,29,Call,27,1,1.04,1.1,519,284,1.83,0.293349,2025-03-27
GME,22.09,2025-04-25,29,Call,26,1.06,1.23,1.28,1309,405,3.23,0.335521,2025-03-27
GME,22.09,2025-04-25,29,Put,25,3.7,4.71,4.8,1742,1144,1.52,-0.586357,2025-03-27
GME,22.09,2025-04-25,29,Call,25,1.4,1.42,1.47,2640,1558,1.69,0.379543,2025-03-27
GME,22.09,2025-04-25,29,Put,24,2.98,3.55,4.05,1683,299,5.63,-0.568589,2025-03-27
GME,22.09,2025-04-25,29,Call,24,1.57,1.63,1.77,566,356,1.59,0.428701,2025-03-27
GME,22.09,2025-04-25,29,Put,23,2.73,2.78,2.96,1172,496,2.36,-0.512643,2025-03-27
GME,22.09,2025-04-25,29,Call,23,2,1.88,2.09,809,351,2.3,0.493502,2025-03-27
GME,22.09,2025-04-25,29,Put,22,2.1,2.35,2.67,597,285,2.09,-0.440377,2025-03-27
GME,22.09,2025-04-25,29,Call,22,2.26,2.41,2.46,928,111,8.36,0.555793,2025-03-27
GME,22.09,2025-04-25,29,Put,20,1.15,1.24,1.3,2462,383,6.43,-0.302605,2025-03-27
GME,22.09,2025-04-17,21,Call,29.5,0.57,0.57,0.69,6900,230,30,0.18802,2025-03-27
GME,22.09,2025-04-17,21,Call,25.5,0.92,1.04,1.15,1939,648,2.99,0.325374,2025-03-27
GME,22.09,2025-04-17,21,Call,25,1.11,1.18,1.29,9039,7016,1.29,0.355654,2025-03-27
GME,22.09,2025-04-17,21,Put,24.5,3.35,3.3,4.2,580,215,2.7,-0.608835,2025-03-27
GME,22.09,2025-04-17,21,Call,24,1.3,1.34,1.49,6246,1939,3.22,0.405681,2025-03-27
GME,22.09,2025-04-17,21,Put,23,2.5,2.68,2.63,3712,2326,1.6,-0.524168,2025-03-27
GME,22.09,2025-04-17,21,Call,23,1.55,1.66,1.84,1303,995,1.31,0.474525,2025-03-27
GME,22.09,2025-04-17,21,Put,22,1.89,2.04,2.13,3487,2410,1.45,-0.446615,2025-03-27
GME,22.09,2025-04-17,21,Call,22,1.88,2.09,2.18,2355,687,3.43,0.550226,2025-03-27
GME,22.09,2025-04-17,21,Put,20,0.95,1,1.1,10217,7282,1.4,-0.288876,2025-03-27
GME,22.09,2025-04-11,15,Call,26,0.75,0.76,0.84,3733,993,3.76,0.273383,2025-03-27
GME,22.09,2025-04-11,15,Call,25,0.91,0.98,1.04,2220,441,5.03,0.331979,2025-03-27
GME,22.09,2025-04-11,15,Put,24,2.73,2.71,3.35,1355,680,1.99,-0.613869,2025-03-27
GME,22.09,2025-04-11,15,Call,24,1.06,1.19,1.32,828,495,1.67,0.391868,2025-03-27
GME,22.09,2025-04-11,15,Put,23,2.19,2.45,2.56,518,208,2.49,-0.530801,2025-03-27
GME,22.09,2025-04-11,15,Call,23,1.43,1.5,1.62,1352,281,4.81,0.465625,2025-03-27
GME,22.09,2025-04-11,15,Put,21,1.19,1.3,1.37,989,179,5.53,-0.364987,2025-03-27
GME,22.09,2025-04-11,15,Put,20,0.76,0.87,1.01,1991,231,8.62,-0.278882,2025-03-27
GME,22.09,2025-04-04,8,Call,30,0.3,0.32,0.32,20080,14699,1.37,0.130257,2025-03-27
GME,22.09,2025-04-04,8,Call,29,0.34,0.36,0.37,4996,2670,1.87,0.148373,2025-03-27
GME,22.09,2025-04-04,8,Call,27.5,0.41,0.45,0.45,809,454,1.78,0.186729,2025-03-27
GME,22.09,2025-04-04,8,Call,27,0.45,0.44,0.48,11774,1506,7.82,0.197588,2025-03-27
GME,22.09,2025-04-04,8,Call,26.5,0.49,0.5,0.52,968,365,2.65,0.214051,2025-03-27
GME,22.09,2025-04-04,8,Call,26,0.54,0.55,0.57,9969,1202,8.29,0.234925,2025-03-27
GME,22.09,2025-04-04,8,Call,25.5,0.59,0.6,0.63,1715,767,2.24,0.257107,2025-03-27
GME,22.09,2025-04-04,8,Put,25,3.45,3.65,3.65,4690,2808,1.67,-0.703124,2025-03-27
GME,22.09,2025-04-04,8,Call,25,0.67,0.68,0.7,10489,2327,4.51,0.28655,2025-03-27
GME,22.09,2025-04-04,8,Put,24.5,3.05,3.2,3.25,1938,269,7.2,-0.677873,2025-03-27
GME,22.09,2025-04-04,8,Call,24.5,0.75,0.76,0.79,2630,199,13.22,0.317435,2025-03-27
GME,22.09,2025-04-04,8,Put,24,2.68,2.72,2.79,3524,646,5.46,-0.653964,2025-03-27
GME,22.09,2025-04-04,8,Call,24,0.85,0.84,0.89,6352,713,8.91,0.354734,2025-03-27
GME,22.09,2025-04-04,8,Put,23,1.97,2,2.05,5228,753,6.94,-0.563544,2025-03-27
GME,22.09,2025-04-04,8,Call,23,1.12,1.15,1.16,6890,323,21.33,0.441301,2025-03-27
GME,22.09,2025-04-04,8,Put,22.5,1.63,1.81,1.72,6274,171,36.69,-0.512537,2025-03-27
GME,22.09,2025-04-04,8,Put,22,1.35,1.42,1.41,7806,1720,4.54,-0.45833,2025-03-27
GME,22.09,2025-04-04,8,Put,21.5,1.09,1.23,1.15,1645,134,12.28,-0.402289,2025-03-27
GME,22.09,2025-04-04,8,Put,21,0.86,0.97,0.91,5918,398,14.87,-0.345619,2025-03-27
GME,22.09,2025-04-04,8,Call,21,1.96,1.99,2.05,1140,113,10.09,0.651755,2025-03-27
GME,22.09,2025-04-04,8,Put,20,0.52,0.55,0.55,7192,968,7.43,-0.242327,2025-03-27
GME,22.09,2025-04-04,8,Call,20,2.6,2.52,2.73,2137,287,7.45,0.751607,2025-03-27
GME,22.09,2025-04-04,8,Put,19,0.29,0.35,0.32,1259,350,3.6,-0.153803,2025-03-27
GME,22.09,2025-04-04,8,Call,19,2.99,3.4,3.7,730,111,6.58,0.84181,2025-03-27
GME,22.09,2025-04-04,8,Put,18,0.18,0.19,0.19,2492,196,12.71,-0.099292,2025-03-27
GME,22.09,2025-04-04,8,Put,17,0.09,0.11,0.11,553,201,2.75,-0.060217,2025-03-27
GME,22.09,2025-03-28,1,Call,26,0.11,0.12,0.13,14694,5895,2.49,0.099497,2025-03-27
GME,22.09,2025-03-28,1,Call,25.5,0.13,0.14,0.15,10351,2895,3.58,0.11762,2025-03-27
GME,22.09,2025-03-28,1,Put,25,2.75,3.1,3.3,18146,4743,3.83,-0.848058,2025-03-27
GME,22.09,2025-03-28,1,Call,25,0.17,0.18,0.19,46754,8784,5.32,0.147653,2025-03-27
GME,22.09,2025-03-28,1,Put,24.5,2.25,2.68,2.85,9285,1174,7.91,-0.800033,2025-03-27
GME,22.09,2025-03-28,1,Call,24.5,0.2,0.22,0.22,6994,1851,3.78,0.180096,2025-03-27
GME,22.09,2025-03-28,1,Put,24,2.08,2.15,2.22,21754,3857,5.64,-0.791833,2025-03-27
GME,22.09,2025-03-28,1,Call,24,0.25,0.25,0.28,13851,2913,4.75,0.212694,2025-03-27
GME,22.09,2025-03-28,1,Put,23.5,1.67,1.85,1.77,13685,2963,4.62,-0.736179,2025-03-27
GME,22.09,2025-03-28,1,Call,23.5,0.31,0.33,0.35,7308,1884,3.88,0.271046,2025-03-27
GME,22.09,2025-03-28,1,Put,23,1.28,1.3,1.35,16076,8406,1.91,-0.668736,2025-03-27
GME,22.09,2025-03-28,1,Call,23,0.42,0.46,0.46,17078,1132,15.09,0.3493,2025-03-27
GME,22.09,2025-03-28,1,Put,22.5,0.93,1.01,1.02,7012,1854,3.78,-0.565082,2025-03-27
GME,22.09,2025-03-28,1,Call,22.5,0.57,0.57,0.59,8185,487,16.81,0.430964,2025-03-27
GME,22.09,2025-03-28,1,Put,22,0.65,0.69,0.71,33899,3610,9.39,-0.464102,2025-03-27
GME,22.09,2025-03-28,1,Call,22,0.75,0.76,0.82,22117,845,26.17,0.535868,2025-03-27
GME,22.09,2025-03-28,1,Put,21.5,0.45,0.48,0.47,12368,1089,11.36,-0.355995,2025-03-27
GME,22.09,2025-03-28,1,Call,21.5,1.02,1.06,1.09,5746,135,42.56,0.642161,2025-03-27
GME,22.09,2025-03-28,1,Put,21,0.26,0.3,0.3,17858,5349,3.34,-0.258566,2025-03-27
GME,22.09,2025-03-28,1,Call,21,1.35,1.4,1.44,1508,148,10.19,0.737956,2025-03-27
GME,22.09,2025-03-28,1,Put,20.5,0.16,0.2,0.19,11748,762,15.42,-0.172177,2025-03-27
GME,22.09,2025-03-28,1,Put,20,0.11,0.13,0.13,27359,4398,6.22,-0.125952,2025-03-27
GME,22.09,2025-03-28,1,Call,20,2.1,2.1,2.3,4922,560,8.79,0.97509,2025-03-27
GME,28.36,2027-01-15,661,Call,27,12,12.85,13.5,541,402,1.35,0.704664,2025-03-26
GME,28.36,2025-10-17,205,Call,35,5.05,5.55,5.5,2797,1309,2.14,0.496591,2025-03-26
GME,28.36,2025-06-20,86,Call,32,3.25,3.32,3.4,2023,698,2.9,0.461697,2025-03-26
GME,28.36,2025-06-20,86,Call,28,4.5,4.6,4.75,5206,1543,3.37,0.585102,2025-03-26
GME,28.36,2025-05-16,51,Call,35,1.37,1.5,1.5,3296,415,7.94,0.304664,2025-03-26
GME,28.36,2025-05-16,51,Call,30,2.46,2.55,2.65,2080,843,2.47,0.475167,2025-03-26
GME,28.36,2025-05-16,51,Call,28,3.15,3.21,3.4,995,339,2.94,0.568287,2025-03-26
GME,28.36,2025-05-16,51,Put,25,1.15,1.16,1.2,1548,110,14.07,-0.256003,2025-03-26
GME,28.36,2025-05-16,51,Call,25,4.5,4.75,4.9,1408,375,3.75,0.724601,2025-03-26
GME,28.36,2025-04-25,30,Call,40,0.55,0.62,0.69,2443,1699,1.44,0.158008,2025-03-26
GME,28.36,2025-04-25,30,Call,31,1.4,1.57,1.7,551,144,3.83,0.389209,2025-03-26
GME,28.36,2025-04-25,30,Call,29,1.96,2.09,2.26,563,143,3.94,0.497182,2025-03-26
GME,28.36,2025-04-25,30,Put,28,1.9,2.03,2.13,939,133,7.06,-0.434864,2025-03-26
GME,28.36,2025-04-25,30,Put,26,0.94,1.09,1.15,526,180,2.92,-0.290462,2025-03-26
GME,28.36,2025-04-25,30,Put,25,0.67,0.73,0.82,1346,318,4.23,-0.220054,2025-03-26
GME,28.36,2025-04-17,22,Put,29,2.26,2.43,2.44,2755,910,3.03,-0.511767,2025-03-26
GME,28.36,2025-04-17,22,Put,28,1.66,1.8,1.83,1292,570,2.27,-0.436129,2025-03-26
GME,28.36,2025-04-17,22,Call,28,2.12,2.18,2.34,4030,2457,1.64,0.561614,2025-03-26
GME,28.36,2025-04-11,16,Call,40,0.34,0.36,0.36,1571,805,1.95,0.112816,2025-03-26
GME,28.36,2025-04-11,16,Call,35,0.46,0.53,0.62,2473,650,3.8,0.181323,2025-03-26
GME,28.36,2025-04-11,16,Call,33,0.64,0.75,0.79,3362,142,23.68,0.248772,2025-03-26
GME,28.36,2025-04-11,16,Call,30,1.18,1.18,1.28,5685,1563,3.64,0.394491,2025-03-26
GME,28.36,2025-04-11,16,Call,29,1.43,1.61,1.61,637,424,1.5,0.478895,2025-03-26
GME,28.36,2025-04-11,16,Call,28,1.9,1.88,2.09,1483,884,1.68,0.56176,2025-03-26
GME,28.36,2025-04-11,16,Put,25,0.31,0.49,0.49,749,429,1.75,-0.187561,2025-03-26
GME,28.36,2025-04-11,16,Put,24,0.23,0.23,0.32,1046,129,8.11,-0.109514,2025-03-26
GME,28.36,2025-04-04,9,Call,45,0.16,0.16,0.17,1042,677,1.54,0.054901,2025-03-26
GME,28.36,2025-04-04,9,Call,40,0.22,0.23,0.23,8794,1637,5.37,0.084063,2025-03-26
GME,28.36,2025-04-04,9,Call,38,0.25,0.27,0.27,548,133,4.12,0.102302,2025-03-26
GME,28.36,2025-04-04,9,Call,37,0.27,0.29,0.29,826,159,5.19,0.112806,2025-03-26
GME,28.36,2025-04-04,9,Call,35,0.34,0.35,0.35,11994,2554,4.7,0.143076,2025-03-26
GME,28.36,2025-04-04,9,Call,34,0.37,0.37,0.4,660,140,4.71,0.159091,2025-03-26
GME,28.36,2025-04-04,9,Call,33,0.43,0.46,0.46,1706,399,4.28,0.195024,2025-03-26
GME,28.36,2025-04-04,9,Call,32,0.51,0.54,0.55,6776,839,8.08,0.232892,2025-03-26
GME,28.36,2025-04-04,9,Call,31,0.65,0.68,0.69,3608,422,8.55,0.288964,2025-03-26
GME,28.36,2025-04-04,9,Call,30.5,0.74,0.78,0.76,1674,285,5.87,0.320105,2025-03-26
GME,28.36,2025-04-04,9,Call,30,0.84,0.86,0.88,28817,5879,4.9,0.359874,2025-03-26
GME,28.36,2025-04-04,9,Call,29,1.11,1.11,1.18,6360,639,9.95,0.451472,2025-03-26
GME,28.36,2025-04-04,9,Call,28.5,1.3,1.32,1.35,2260,122,18.52,0.507415,2025-03-26
GME,28.36,2025-04-04,9,Put,28,1.09,1.13,1.17,5791,265,21.85,-0.433389,2025-03-26
GME,28.36,2025-04-04,9,Call,28,1.5,1.61,1.6,12433,1491,8.34,0.564731,2025-03-26
GME,28.36,2025-04-04,9,Call,27.5,1.74,1.76,1.86,780,336,2.32,0.625809,2025-03-26
GME,28.36,2025-04-04,9,Put,27,0.63,0.59,0.72,9360,168,55.71,-0.310737,2025-03-26
GME,28.36,2025-04-04,9,Call,27,2.04,2.17,2.15,1761,1407,1.25,0.680953,2025-03-26
GME,28.36,2025-04-04,9,Put,26,0.36,0.37,0.41,2465,214,11.52,-0.200295,2025-03-26
GME,28.36,2025-04-04,9,Put,25.5,0.27,0.3,0.3,4387,295,14.87,-0.164014,2025-03-26
GME,28.36,2025-04-04,9,Put,25,0.2,0.22,0.25,4615,1258,3.67,-0.126993,2025-03-26
GME,28.36,2025-04-04,9,Put,24,0.12,0.13,0.13,944,570,1.66,-0.07836,2025-03-26
GME,28.36,2025-03-28,2,Call,36,0.09,0.1,0.11,1575,1095,1.44,0.0593,2025-03-26
GME,28.36,2025-03-28,2,Call,35,0.1,0.11,0.11,11798,6927,1.7,0.068471,2025-03-26
GME,28.36,2025-03-28,2,Call,34,0.11,0.13,0.13,1733,1327,1.31,0.083759,2025-03-26
GME,28.36,2025-03-28,2,Call,33,0.14,0.14,0.15,4585,2478,1.85,0.097677,2025-03-26
GME,28.36,2025-03-28,2,Call,32.5,0.13,0.16,0.16,1034,266,3.89,0.112793,2025-03-26
GME,28.36,2025-03-28,2,Call,32,0.15,0.16,0.18,11277,4508,2.5,0.120648,2025-03-26
GME,28.36,2025-03-28,2,Call,31.5,0.17,0.18,0.2,4076,483,8.44,0.139465,2025-03-26
GME,28.36,2025-03-28,2,Call,31,0.2,0.21,0.23,9363,4206,2.23,0.165483,2025-03-26
GME,28.36,2025-03-28,2,Call,30.5,0.24,0.27,0.27,4025,1016,3.96,0.207193,2025-03-26
GME,28.36,2025-03-28,2,Put,30,1.84,1.86,1.99,2881,280,10.29,-0.789655,2025-03-26
GME,28.36,2025-03-28,2,Call,30,0.31,0.31,0.32,72433,25763,2.81,0.2463,2025-03-26
GME,28.36,2025-03-28,2,Call,29.5,0.38,0.44,0.4,25783,6535,3.95,0.306586,2025-03-26
GME,28.36,2025-03-28,2,Put,29,1.05,1.14,1.17,16104,105,153.37,-0.615797,2025-03-26
GME,28.36,2025-03-28,2,Call,29,0.48,0.52,0.53,34866,11435,3.05,0.387855,2025-03-26
GME,28.36,2025-03-28,2,Call,28.5,0.63,0.69,0.7,14700,1835,8.01,0.483627,2025-03-26
GME,28.36,2025-03-28,2,Put,28,0.48,0.51,0.52,27442,570,48.14,-0.404213,2025-03-26
GME,28.36,2025-03-28,2,Call,28,0.88,0.89,0.9,15984,9454,1.69,0.5934,2025-03-26
GME,28.36,2025-03-28,2,Put,27.5,0.3,0.33,0.33,13483,158,85.34,-0.295095,2025-03-26
GME,28.36,2025-03-28,2,Call,27.5,1.16,1.23,1.26,3268,2162,1.51,0.694016,2025-03-26
GME,28.36,2025-03-28,2,Put,27,0.19,0.2,0.21,25100,490,51.22,-0.201198,2025-03-26
GME,28.36,2025-03-28,2,Put,26.5,0.12,0.14,0.14,3430,169,20.3,-0.142856,2025-03-26
GME,28.36,2025-03-28,2,Put,26,0.09,0.1,0.1,12782,978,13.07,-0.10221,2025-03-26
GME,25.4,2025-07-18,115,Call,65,0.92,0.98,0.98,2223,1646,1.35,0.144483,2025-03-25
GME,25.4,2025-05-16,52,Call,30,1.5,1.61,1.63,609,440,1.38,0.350874,2025-03-25
GME,25.4,2025-04-17,23,Call,25.5,1.9,2.01,2.03,680,113,6.02,0.530175,2025-03-25
GME,25.4,2025-04-11,17,Call,30,0.71,0.77,0.82,1356,974,1.39,0.255968,2025-03-25
GME,25.4,2025-04-04,10,Call,25.5,1.53,1.55,1.62,788,410,1.92,0.520175,2025-03-25
GME,25.4,2025-04-04,10,Put,24,0.83,0.87,0.9,625,289,2.16,-0.324688,2025-03-25
GME,25.4,2025-04-04,10,Put,23,0.5,0.51,0.55,579,322,1.8,-0.224151,2025-03-25
GME,25.4,2025-04-04,10,Put,20,0.1,0.12,0.12,699,303,2.31,-0.062198,2025-03-25
GME,25.4,2025-03-28,3,Call,34,0.15,0.16,0.18,1005,534,1.88,0.078045,2025-03-25
GME,25.4,2025-03-28,3,Call,27.5,0.65,0.65,0.68,2046,1397,1.46,0.307965,2025-03-25
GME,25.4,2025-03-28,3,Put,25,1,1.07,1.05,4647,3086,1.51,-0.424132,2025-03-25
GME,25.4,2025-03-28,3,Put,24.5,0.78,0.84,0.83,1948,1106,1.76,-0.359926,2025-03-25
GME,25.4,2025-03-28,3,Put,23.5,0.42,0.42,0.46,4658,2944,1.58,-0.232183,2025-03-25
GME,25.4,2025-03-28,3,Put,22,0.16,0.17,0.18,4529,3623,1.25,-0.108037,2025-03-25
GME,25.61,2025-06-20,88,Call,65,0.8,0.88,0.92,1148,922,1.25,0.134206,2025-03-24
GME,25.61,2025-04-25,32,Call,35,0.51,0.58,0.65,992,657,1.51,0.168508,2025-03-24
GME,25.61,2025-03-28,4,Call,38,0.08,0.1,0.1,744,601,1.24,0.046391,2025-03-24
GME,25.61,2025-03-28,4,Call,37,0.09,0.1,0.11,790,170,4.65,0.048485,2025-03-24
GME,25.61,2025-03-28,4,Call,36,0.1,0.11,0.11,595,349,1.7,0.054484,2025-03-24
GME,25.61,2025-03-28,4,Call,30.5,0.26,0.28,0.28,1035,147,7.04,0.146471,2025-03-24
GME,25.61,2025-03-28,4,Call,28.5,0.49,0.5,0.52,1147,622,1.84,0.247431,2025-03-24
GME,25.61,2025-03-28,4,Put,25.5,1.33,1.34,1.36,3102,153,20.27,-0.460396,2025-03-24
GME,25.61,2025-03-28,4,Put,25,1.06,1.1,1.1,2488,1966,1.27,-0.403637,2025-03-24
GME,25.61,2025-03-28,4,Put,24.5,0.83,0.84,0.86,1297,450,2.88,-0.344332,2025-03-24
GME,25.61,2025-03-28,4,Put,24,0.65,0.65,0.66,2356,1907,1.24,-0.28795,2025-03-24
GME,25.61,2025-03-28,4,Put,22.5,0.25,0.28,0.27,1528,1044,1.46,-0.143924,2025-03-24
GME,24.75,2025-04-25,34,Call,50,0.23,0.26,0.26,2823,1984,1.42,0.067159,2025-03-21
GME,24.75,2025-04-25,34,Call,40,0.36,0.36,0.45,1314,572,2.3,0.103335,2025-03-21
GME,24.75,2025-03-28,6,Call,33,0.16,0.16,0.18,1533,1035,1.48,0.080021,2025-03-21
GME,24.75,2025-03-28,6,Call,32,0.18,0.18,0.2,2217,1730,1.28,0.092367,2025-03-21
GME,24.75,2025-03-28,6,Call,27.5,0.58,0.6,0.6,966,525,1.84,0.273758,2025-03-21
GME,24.75,2025-03-28,6,Call,25.5,1.15,1.16,1.19,3027,1676,1.81,0.450174,2025-03-21
GME,24.75,2025-03-28,6,Put,24.5,1.3,1.29,1.34,648,118,5.49,-0.443606,2025-03-21
GME,24.75,2025-03-28,6,Call,24.5,1.57,1.6,1.63,2015,821,2.45,0.55574,2025-03-21
GME,24.75,2025-03-28,6,Put,24,1.04,1.06,1.09,1895,1506,1.26,-0.387972,2025-03-21
GME,24.75,2025-03-28,6,Call,23,2.39,2.4,2.47,1567,1187,1.32,0.720231,2025-03-21
GME,24.75,2025-03-21,0,Call,24.5,0.24,0.24,0.29,14384,3053,4.71,0.781644,2025-03-21
GME,24.75,2025-03-21,0,Call,24,0.7,0.78,0.81,10547,7055,1.49,0.895561,2025-03-21
GME,23.51,2025-04-11,22,Call,26,1.01,1.13,1.12,512,265,1.93,0.353347,2025-03-20
GME,23.51,2025-03-28,8,Call,26.5,0.55,0.59,0.6,4128,427,9.67,0.265259,2025-03-20
GME,23.51,2025-03-28,8,Put,21,0.38,0.41,0.4,4312,763,5.65,-0.195125,2025-03-20
GME,23.71,2025-03-21,2,Call,24,0.27,0.3,0.3,16549,7918,2.09,0.401919,2025-03-19
GME,23.5,2025-04-11,25,Call,29,0.35,0.68,0.79,705,178,3.96,0.228316,2025-03-17
GME,23.5,2025-04-04,18,Call,24,1.5,1.58,1.82,526,369,1.43,0.492408,2025-03-17
GME,23.5,2025-03-28,11,Call,23.5,1.57,1.61,1.66,1392,122,11.41,0.532535,2025-03-17
GME,23.5,2025-03-21,4,Call,26,0.08,0.1,0.1,5813,4626,1.26,0.112318,2025-03-17
GME,23.5,2025-03-21,4,Call,25.5,0.1,0.11,0.12,3021,2165,1.4,0.133767,2025-03-17
GME,23.5,2025-03-21,4,Put,22.5,0.17,0.18,0.19,2118,1356,1.56,-0.221062,2025-03-17
GME,23.05,2025-10-17,217,Call,35,2.5,3.2,3.25,513,256,2,0.390929,2025-03-14
GME,23.05,2025-06-20,98,Call,35,1.63,1.7,1.87,7011,4162,1.68,0.287846,2025-03-14
GME,23.05,2025-03-28,14,Call,41,0.19,0.21,0.21,1131,305,3.71,0.067883,2025-03-14
GME,23.05,2025-03-28,14,Call,31,0.37,0.42,0.44,1107,882,1.26,0.152089,2025-03-14
GME,23.05,2025-03-28,14,Call,25.5,0.98,1.02,1.06,1033,192,5.38,0.350636,2025-03-14
GME,23.05,2025-03-28,14,Call,23,1.68,1.84,1.99,695,472,1.47,0.54167,2025-03-14
GME,23.05,2025-03-21,7,Call,25.5,0.17,0.18,0.19,2136,496,4.31,0.159598,2025-03-14
GME,23.05,2025-03-21,7,Call,24.5,0.27,0.28,0.29,1704,900,1.89,0.24909,2025-03-14
GME,23.05,2025-03-21,7,Put,23.5,0.93,1.02,1.02,1450,172,8.43,-0.577173,2025-03-14
GME,23.05,2025-03-21,7,Call,23,0.71,0.7,0.72,2893,2261,1.28,0.524345,2025-03-14
GME,23.05,2025-03-21,7,Call,22.5,0.92,1,1.02,1113,450,2.47,0.636098,2025-03-14
GME,23.05,2025-03-14,0,Call,22.5,0.37,0.62,0.54,3496,2603,1.34,0,2025-03-14
GME,23.05,2025-03-14,0,Call,22,0.9,1,1.1,3165,2540,1.25,0.886067,2025-03-14
GME,21.95,2025-06-20,99,Call,18,5.05,5.44,5.85,501,212,2.36,0.744343,2025-03-13
GME,21.95,2025-04-25,43,Call,28,0.87,0.97,1.38,642,127,5.06,0.266359,2025-03-13
GME,21.95,2025-03-21,8,Call,23.5,0.37,0.39,0.41,4376,359,12.19,0.280124,2025-03-13
GME,21.95,2025-03-14,1,Call,23,0.08,0.1,0.09,3956,3076,1.29,0.161756,2025-03-13
GME,21.95,2025-03-14,1,Call,22.5,0.14,0.16,0.17,2615,1707,1.53,0.284534,2025-03-13
GME,21.95,2025-03-14,1,Call,22,0.3,0.31,0.33,3682,1512,2.44,0.48324,2025-03-13
GME,21.99,2025-03-14,2,Put,22,0.46,0.47,0.49,3564,2184,1.63,-0.493683,2025-03-12
GME,21.99,2025-03-14,2,Call,22,0.45,0.48,0.52,2155,1251,1.72,0.506874,2025-03-12
GME,22.61,2025-04-04,24,Call,25,1.25,1.37,1.38,1000,586,1.71,0.389885,2025-03-11
GME,22.61,2025-03-28,17,Call,23,1.4,1.75,1.79,515,132,3.9,0.508371,2025-03-11
GME,22.61,2025-03-21,10,Put,22.5,0.95,0.91,1.01,1349,631,2.14,-0.461482,2025-03-11
GME,22.61,2025-03-21,10,Call,21,1.98,2.23,2.13,595,112,5.31,0.743459,2025-03-11
GME,22.61,2025-03-14,3,Call,23,0.43,0.45,0.46,4527,1919,2.36,0.414438,2025-03-11
GME,22.61,2025-03-14,3,Call,22,0.93,1.04,1.01,1828,709,2.58,0.664381,2025-03-11
GME,22.42,2025-03-28,18,Call,29,0.6,0.66,0.72,5960,1096,5.44,0.212532,2025-03-10
GME,22.42,2025-03-14,4,Call,24.5,0.19,0.21,0.22,2880,964,2.99,0.187447,2025-03-10
GME,22.42,2025-03-14,4,Call,24,0.26,0.3,0.29,4272,1844,2.32,0.239688,2025-03-10
GME,22.42,2025-03-14,4,Call,23.5,0.36,0.39,0.39,2941,550,5.35,0.314683,2025-03-10
GME,22.42,2025-03-14,4,Call,23,0.5,0.55,0.54,3102,492,6.3,0.398413,2025-03-10
GME,22.42,2025-03-14,4,Put,22,0.48,0.49,0.53,2449,594,4.12,-0.388564,2025-03-10
GME,22.42,2025-03-14,4,Put,21,0.2,0.22,0.24,1231,631,1.95,-0.203224,2025-03-10
GME,24,2025-03-21,13,Call,22,2.28,2.62,2.76,1051,242,4.34,0.737393,2025-03-07
GME,24,2025-03-14,6,Call,26.5,0.16,0.18,0.18,1545,975,1.58,0.15768,2025-03-07
GME,24,2025-03-14,6,Call,25,0.37,0.36,0.38,7201,2472,2.91,0.316471,2025-03-07
GME,24,2025-03-14,6,Call,24.5,0.5,0.52,0.53,1315,635,2.07,0.407973,2025-03-07
GME,24,2025-03-14,6,Call,24,0.7,0.71,0.71,2078,597,3.48,0.513157,2025-03-07
GME,24,2025-03-14,6,Put,23.5,0.43,0.46,0.47,2269,189,12.01,-0.371989,2025-03-07
GME,24,2025-03-07,0,Put,25.5,1.32,1.51,1.67,1147,398,2.88,-0.9694,2025-03-07
GME,24,2025-03-07,0,Call,23.5,0.46,0.51,0.51,3241,225,14.4,0.929812,2025-03-07
GME,24,2025-03-07,0,Call,23,0.95,1.03,1.33,1523,909,1.68,0.9129,2025-03-07
GME,24.2,2027-01-15,680,Call,55,5.4,6.1,8.05,2344,493,4.75,0.460045,2025-03-06
GME,24.2,2027-01-15,680,Call,40,7.3,7.3,8.25,2353,871,2.7,0.53409,2025-03-06
GME,24.2,2025-04-17,41,Call,29,1.42,1.55,1.67,8714,1133,7.69,0.345077,2025-03-06
GME,24.2,2025-03-14,7,Call,25.5,0.49,0.51,0.53,1147,445,2.58,0.325601,2025-03-06
GME,24.2,2025-03-07,1,Call,24.5,0.25,0.25,0.28,2435,1329,1.83,0.383994,2025-03-06
GME,25.07,2025-04-04,29,Call,50,0.35,0.39,0.39,4013,1306,3.07,0.089664,2025-03-05
GME,25.07,2025-03-14,8,Call,26.5,0.49,0.51,0.52,558,380,1.47,0.315989,2025-03-05
GME,25.07,2025-03-07,2,Put,24,0.13,0.14,0.16,6159,2398,2.57,-0.191751,2025-03-05
GME,24.3,2025-04-11,37,Call,50,0.36,0.4,0.43,1078,254,4.24,0.091127,2025-03-04
GME,24.3,2025-03-14,9,Call,24,1.05,1.1,1.15,687,408,1.68,0.567637,2025-03-04
GME,24.3,2025-03-07,3,Call,24,0.71,0.74,0.78,2506,1038,2.41,0.59255,2025-03-04
GME,24.3,2025-03-07,3,Call,23.5,0.99,0.98,1.14,565,135,4.19,0.717879,2025-03-04
GME,24.3,2025-03-07,3,Put,22.5,0.08,0.11,0.11,1825,284,6.43,-0.126876,2025-03-04
GME,24.4,2025-03-14,10,Call,25,0.82,0.87,0.88,1726,1028,1.68,0.438647,2025-03-03
GME,24.4,2025-03-07,4,Call,25.5,0.36,0.37,0.37,4936,2101,2.35,0.30594,2025-03-03
GME,24.4,2025-03-07,4,Put,24.5,0.72,0.73,0.78,1171,677,1.73,-0.510402,2025-03-03
GME,24.4,2025-03-07,4,Put,24,0.48,0.52,0.53,2713,1193,2.27,-0.396575,2025-03-03
GME,24.4,2025-03-07,4,Call,24,0.9,0.96,0.99,1019,629,1.62,0.598672,2025-03-03
GME,24.4,2025-03-07,4,Put,23.5,0.3,0.32,0.35,2618,402,6.51,-0.28615,2025-03-03
GME,25.04,2025-04-04,34,Call,28,1.56,1.78,1.98,527,124,4.25,0.401544,2025-02-28
GME,25.04,2025-03-07,7,Call,27.5,0.18,0.21,0.21,1436,929,1.55,0.172245,2025-02-28
GME,25.04,2025-03-07,7,Call,26.5,0.28,0.3,0.33,956,727,1.31,0.254963,2025-02-28
GME,25.04,2025-03-07,7,Call,26,0.38,0.4,0.42,3940,2841,1.39,0.326698,2025-02-28
GME,25.04,2025-03-07,7,Call,25.5,0.52,0.57,0.57,3538,481,7.36,0.420672,2025-02-28
GME,25.04,2025-03-07,7,Call,25,0.71,0.73,0.78,4502,2277,1.98,0.521373,2025-02-28
GME,25.04,2025-03-07,7,Call,24.5,0.97,0.93,1.07,975,454,2.15,0.629355,2025-02-28
GME,25.04,2025-03-07,7,Call,23,1.83,2.15,2.59,752,567,1.33,0.878256,2025-02-28
GME,25.04,2025-02-28,0,Call,24.5,0.55,0.55,0.67,7574,2359,3.21,0.933574,2025-02-28
GME,24.48,2025-06-20,112,Call,95,0.73,0.88,0.83,1347,183,7.36,0.108206,2025-02-27
GME,24.48,2025-06-20,112,Call,85,0.74,0.9,1,593,275,2.16,0.124358,2025-02-27
GME,24.48,2025-06-20,112,Call,115,0.64,0.9,0.83,1398,722,1.94,0.097935,2025-02-27
GME,24.48,2025-03-07,8,Call,25.5,0.54,0.62,0.63,561,325,1.73,0.368333,2025-02-27
GME,24.48,2025-03-07,8,Call,25,0.69,0.75,0.78,1787,1028,1.74,0.435284,2025-02-27
GME,24.48,2025-03-07,8,Put,24.5,0.82,0.8,0.97,505,206,2.45,-0.4866,2025-02-27
GME,24.61,2025-03-21,23,Call,28,0.85,0.89,0.95,4195,2371,1.77,0.301804,2025-02-26
GME,24.61,2025-03-14,16,Call,30,0.38,0.4,0.47,3466,2063,1.68,0.172386,2025-02-26
GME,24.42,2025-07-18,142,Call,32,3.15,3.3,3.8,1817,233,7.8,0.423498,2025-02-25
GME,24.42,2025-03-21,23,Put,21,0.26,0.41,0.52,770,296,2.6,-0.168592,2025-02-25
GME,24.42,2025-03-14,16,Call,25,1.16,1.3,1.47,678,380,1.78,0.471284,2025-02-25
GME,24.42,2025-03-07,10,Call,26,0.68,0.7,0.75,2105,897,2.35,0.343151,2025-02-25
GME,24.42,2025-03-07,10,Put,21,0.13,0.14,0.15,601,276,2.18,-0.095902,2025-02-25
GME,24.42,2025-02-28,3,Call,26,0.26,0.29,0.28,6753,2659,2.54,0.236735,2025-02-25
GME,24.42,2025-02-28,3,Call,25.5,0.32,0.39,0.39,3283,1114,2.95,0.313597,2025-02-25
GME,24.42,2025-02-28,3,Call,25,0.5,0.55,0.55,9320,2020,4.61,0.40245,2025-02-25
GME,24.42,2025-02-28,3,Call,24.5,0.63,0.8,0.78,3005,105,28.62,0.497382,2025-02-25
GME,24.42,2025-02-28,3,Call,24,0.85,0.92,1,1945,888,2.19,0.608669,2025-02-25
GME,24.42,2025-02-28,3,Put,23.5,0.26,0.3,0.35,1569,308,5.09,-0.277833,2025-02-25
GME,25,2025-03-07,11,Put,23,0.29,0.33,0.33,925,563,1.64,-0.205592,2025-02-24
GME,25,2025-02-28,4,Call,26.5,0.31,0.32,0.35,2897,1216,2.38,0.25969,2025-02-24
GME,25,2025-02-28,4,Call,26,0.4,0.42,0.46,3625,1494,2.43,0.328534,2025-02-24
GME,25,2025-02-28,4,Call,25.5,0.51,0.55,0.63,1580,419,3.77,0.412612,2025-02-24
GME,25,2025-02-28,4,Put,25,0.65,0.7,0.71,6675,4300,1.55,-0.486695,2025-02-24
GME,25,2025-02-28,4,Put,24.5,0.44,0.45,0.47,1848,1139,1.62,-0.370665,2025-02-24
GME,26.42,2025-03-21,27,Call,38,0.47,0.53,0.6,819,368,2.23,0.146077,2025-02-21
GME,26.42,2025-03-07,14,Call,36,0.2,0.26,0.34,7110,222,32.03,0.101297,2025-02-21
GME,26.42,2025-02-28,7,Call,27.5,0.52,0.54,0.55,2861,1093,2.62,0.347476,2025-02-21
GME,26.42,2025-02-28,7,Call,26.5,0.81,0.83,0.9,1484,772,1.92,0.500526,2025-02-21
GME,26.42,2025-02-28,7,Put,25.5,0.4,0.47,0.47,2398,1060,2.26,-0.318953,2025-02-21
GME,26.42,2025-02-28,7,Put,25,0.28,0.3,0.31,6039,1688,3.58,-0.233297,2025-02-21
GME,26.42,2025-02-28,7,Put,24.5,0.17,0.2,0.22,2245,397,5.65,-0.167678,2025-02-21
GME,26.42,2025-02-28,7,Put,24,0.14,0.14,0.15,2850,1237,2.3,-0.121408,2025-02-21
GME,26.42,2025-02-21,0,Put,27.5,0.89,1.03,1.2,1947,806,2.42,-0.810925,2025-02-21
GME,26.42,2025-02-21,0,Put,26.5,0.1,0.1,0.12,4638,2417,1.92,-0.742494,2025-02-21
GME,27.04,2025-07-18,148,Call,29,5.05,5.4,5.45,520,191,2.72,0.557577,2025-02-20
GME,27.04,2025-03-28,36,Call,30,1.99,2.06,2.27,3581,1340,2.67,0.416535,2025-02-20
GME,27.04,2025-03-07,15,Call,50,0.13,0.15,0.15,1337,399,3.35,0.045588,2025-02-20
GME,27.04,2025-02-28,8,Call,31,0.25,0.28,0.3,2435,903,2.7,0.160569,2025-02-20
GME,27.04,2025-02-28,8,Call,30.5,0.27,0.33,0.35,527,137,3.85,0.186521,2025-02-20
GME,27.04,2025-02-28,8,Call,29.5,0.36,0.4,0.44,1013,377,2.69,0.23623,2025-02-20
GME,27.04,2025-02-21,1,Put,27.5,0.69,0.73,0.77,1001,431,2.32,-0.646148,2025-02-20
GME,27.04,2025-02-21,1,Call,27.5,0.26,0.26,0.28,9003,3714,2.42,0.350326,2025-02-20
GME,27.04,2025-02-21,1,Call,27,0.42,0.44,0.45,15880,8178,1.94,0.52259,2025-02-20
GME,27.04,2025-02-21,1,Put,26.5,0.17,0.2,0.22,4420,1756,2.52,-0.295364,2025-02-20
GME,27.04,2025-02-21,1,Call,26.5,0.67,0.74,0.75,7431,2483,2.99,0.704206,2025-02-20
GME,26,2025-02-28,9,Put,25.5,0.6,0.62,0.65,640,149,4.3,-0.39173,2025-02-19
GME,26,2025-02-21,2,Call,26.5,0.28,0.29,0.3,3308,1269,2.61,0.353687,2025-02-19
GME,26.97,2025-04-17,58,Call,36,1.6,1.67,1.79,705,343,2.06,0.297002,2025-02-18
GME,26.97,2025-02-28,10,Call,26,1.44,1.48,1.5,1250,498,2.51,0.676879,2025-02-18
GME,26.97,2025-02-21,3,Call,27.5,0.35,0.37,0.37,7397,2446,3.02,0.37174,2025-02-18
GME,26.97,2025-02-21,3,Put,27,0.49,0.55,0.58,5143,3051,1.69,-0.499591,2025-02-18
GME,26.97,2025-02-21,3,Put,26.5,0.27,0.3,0.3,1366,893,1.53,-0.345589,2025-02-18
GME,27,2025-06-20,125,Put,27,4.75,5,5.15,614,450,1.36,-0.403849,2025-02-17
GME,27,2025-04-17,61,Put,24,1.67,1.77,1.86,1635,825,1.98,-0.293248,2025-02-17
GME,27,2025-03-28,41,Call,50,0.58,0.59,0.59,1172,318,3.69,0.119631,2025-02-17
GME,27,2025-03-28,41,Call,30,2.05,2.14,2.25,1089,470,2.32,0.420319,2025-02-17
GME,27,2025-03-14,27,Call,36,0.5,0.59,0.64,4117,480,8.58,0.171493,2025-02-17
GME,27,2025-02-28,13,Call,28,0.78,0.86,0.95,3805,2012,1.89,0.401003,2025-02-17
GME,27,2025-02-28,13,Put,27,1.02,1.03,1.17,823,538,1.53,-0.481764,2025-02-17
GME,27,2025-02-21,6,Call,38,0.07,0.1,0.09,785,413,1.9,0.041607,2025-02-17
GME,27,2025-02-21,6,Call,29.5,0.23,0.23,0.26,1741,669,2.6,0.178603,2025-02-17
GME,27,2025-02-21,6,Call,29,0.29,0.31,0.3,5029,3738,1.35,0.222826,2025-02-17
GME,27,2025-02-21,6,Call,28.5,0.33,0.36,0.36,2399,1042,2.3,0.271525,2025-02-17
GME,27,2025-02-21,6,Put,28,1.36,1.36,1.42,8794,4203,2.09,-0.689841,2025-02-17
GME,27,2025-02-21,6,Put,27.5,0.98,0.99,1.04,1392,355,3.92,-0.598646,2025-02-17
GME,27,2025-02-21,6,Call,27.5,0.52,0.56,0.57,2681,1497,1.79,0.412857,2025-02-17
GME,27,2025-02-21,6,Put,27,0.65,0.69,0.71,4140,1553,2.67,-0.487996,2025-02-17
GME,27,2025-02-21,6,Call,27,0.7,0.7,0.73,7222,5426,1.33,0.51171,2025-02-17
GME,27,2025-02-21,6,Put,26.5,0.4,0.44,0.45,1260,375,3.36,-0.37009,2025-02-17
GME,27,2025-02-21,6,Put,26,0.23,0.24,0.26,3657,2649,1.38,-0.249315,2025-02-17
GME,27,2025-04-17,61,Put,24,1.67,1.77,1.86,1635,825,1.98,-0.293248,2025-02-14
GME,27,2025-03-28,41,Call,50,0.58,0.59,0.59,1172,318,3.69,0.119631,2025-02-14
GME,27,2025-03-28,41,Call,30,2.05,2.14,2.25,1089,470,2.32,0.420319,2025-02-14
GME,27,2025-03-14,27,Call,36,0.5,0.59,0.64,4117,480,8.58,0.171493,2025-02-14
GME,27,2025-02-28,13,Call,28,0.78,0.86,0.95,3805,2012,1.89,0.401003,2025-02-14
GME,27,2025-02-28,13,Put,27,1.02,1.03,1.17,823,538,1.53,-0.481764,2025-02-14
GME,27,2025-02-21,6,Call,38,0.07,0.1,0.09,785,413,1.9,0.041607,2025-02-14
GME,27,2025-02-21,6,Call,29.5,0.23,0.23,0.26,1741,669,2.6,0.178603,2025-02-14
GME,27,2025-02-21,6,Call,28.5,0.33,0.36,0.36,2399,1042,2.3,0.271525,2025-02-14
GME,27,2025-02-21,6,Put,28,1.36,1.36,1.42,8794,4203,2.09,-0.689841,2025-02-14
GME,27,2025-02-21,6,Put,27.5,0.98,0.99,1.04,1392,355,3.92,-0.598646,2025-02-14
GME,27,2025-02-21,6,Call,27.5,0.52,0.56,0.57,2681,1497,1.79,0.412857,2025-02-14
GME,27,2025-02-21,6,Put,27,0.65,0.69,0.71,4140,1553,2.67,-0.487996,2025-02-14
GME,27,2025-02-21,6,Put,26.5,0.4,0.44,0.45,1260,375,3.36,-0.37009,2025-02-14
GME,27,2025-02-14,0,Put,28,0.87,0.98,1.06,8320,588,14.15,-0.864582,2025-02-14
GME,27,2025-02-14,0,Put,27.5,0.27,0.43,0.58,4688,210,22.32,-0.779617,2025-02-14
GME,25.99,2025-03-07,23,Call,29,0.72,0.78,0.78,857,312,2.75,0.294689,2025-02-12
GME,25.99,2025-02-21,9,Call,25.5,0.99,1.02,1.08,751,299,2.51,0.614266,2025-02-12
GME,25.99,2025-02-21,9,Call,24,1.98,2.15,2.33,706,249,2.84,0.849106,2025-02-12
GME,26.56,2025-03-21,38,Put,27,2.32,2.46,2.7,1588,542,2.93,-0.489407,2025-02-11
GME,26.56,2025-03-21,38,Put,23,0.59,0.67,0.69,1375,526,2.61,-0.205048,2025-02-11
GME,26.56,2025-03-21,38,Put,22,0.35,0.39,0.5,1668,562,2.97,-0.139151,2025-02-11
GME,26.56,2025-02-14,3,Put,27,0.9,0.92,0.93,4539,1125,4.03,-0.590523,2025-02-11
GME,26.56,2025-02-14,3,Put,26,0.36,0.38,0.37,6137,1825,3.36,-0.345409,2025-02-11
GME,27.12,2025-06-20,130,Call,35,3.9,3.79,4.15,2387,1479,1.61,0.445824,2025-02-10
GME,27.12,2025-03-21,39,Put,28,3.1,3.16,3.3,529,272,1.94,-0.502073,2025-02-10
GME,27.12,2025-03-14,32,Call,30,1.45,1.52,1.66,632,479,1.32,0.379864,2025-02-10
GME,27.12,2025-03-07,25,Call,28,1.62,1.72,1.82,3934,469,8.39,0.471062,2025-02-10
GME,27.12,2025-02-21,11,Call,37,0.27,0.31,0.29,732,416,1.76,0.104306,2025-02-10
GME,27.12,2025-02-21,11,Call,27.5,1.14,1.19,1.2,1751,553,3.17,0.479815,2025-02-10
GME,27.12,2025-02-21,11,Call,27,1.31,1.35,1.38,3232,2504,1.29,0.537023,2025-02-10
GME,27.12,2025-02-21,11,Call,26.5,1.53,1.56,1.6,768,582,1.32,0.600323,2025-02-10
GME,27.12,2025-02-21,11,Call,23,4.05,4.3,4.4,564,301,1.87,0.897751,2025-02-10
GME,27.12,2025-02-14,4,Call,35,0.11,0.11,0.12,5077,3311,1.53,0.062646,2025-02-10
GME,27.12,2025-02-14,4,Call,33,0.14,0.14,0.15,1234,884,1.4,0.086372,2025-02-10
GME,27.12,2025-02-14,4,Call,32,0.17,0.17,0.18,2528,1511,1.67,0.107885,2025-02-10
GME,27.12,2025-02-14,4,Call,31,0.22,0.22,0.24,2924,1779,1.64,0.141425,2025-02-10
GME,27.12,2025-02-14,4,Call,30.5,0.25,0.26,0.28,2579,292,8.83,0.165935,2025-02-10
GME,27.12,2025-02-14,4,Call,30,0.3,0.31,0.31,34020,8914,3.82,0.1957,2025-02-10
GME,27.12,2025-02-14,4,Call,29.5,0.34,0.35,0.37,2697,669,4.03,0.225018,2025-02-10
GME,27.12,2025-02-14,4,Call,29,0.41,0.41,0.44,6839,1844,3.71,0.264338,2025-02-10
GME,27.12,2025-02-14,4,Call,28.5,0.51,0.53,0.54,3039,1748,1.74,0.322677,2025-02-10
GME,27.12,2025-02-14,4,Call,28,0.64,0.64,0.66,14957,3704,4.04,0.382585,2025-02-10
GME,27.12,2025-02-14,4,Call,27.5,0.78,0.8,0.82,4812,1489,3.23,0.455655,2025-02-10
GME,27.12,2025-02-14,4,Call,27,0.97,0.98,1,12650,3545,3.57,0.536978,2025-02-10
GME,27.12,2025-02-14,4,Call,26.5,1.19,1.21,1.25,5902,1626,3.63,0.626957,2025-02-10
GME,27.12,2025-02-14,4,Put,26,0.37,0.4,0.42,3388,1373,2.47,-0.284896,2025-02-10
GME,27.12,2025-02-14,4,Call,26,1.5,1.55,1.55,9159,4027,2.27,0.707578,2025-02-10
GME,27.12,2025-02-14,4,Put,25.5,0.25,0.27,0.27,3212,591,5.43,-0.210278,2025-02-10
GME,27.12,2025-02-14,4,Put,25,0.15,0.18,0.19,3381,2182,1.55,-0.150577,2025-02-10
GME,27.12,2025-02-14,4,Put,24,0.09,0.11,0.1,1783,1191,1.5,-0.081801,2025-02-10
GME,24.73,2025-03-14,34,Call,55,0.12,0.26,0.28,648,219,2.96,0.062632,2025-02-07
GME,24.73,2025-02-14,6,Call,27,0.17,0.18,0.18,2715,1827,1.49,0.164829,2025-02-07
GME,24.73,2025-02-14,6,Call,26.5,0.21,0.23,0.22,1271,727,1.75,0.202463,2025-02-07
GME,24.73,2025-02-14,6,Call,25.5,0.38,0.4,0.4,1596,603,2.65,0.347263,2025-02-07
GME,24.73,2025-02-14,6,Put,23,0.1,0.1,0.12,842,447,1.88,-0.123534,2025-02-07
GME,24.73,2025-02-07,0,Call,24.5,0.11,0.24,0.45,1618,439,3.69,0.885815,2025-02-07
GME,24.8,2025-02-14,8,Put,30,5.05,5.35,5.7,940,591,1.59,-0.903115,2025-02-06
GME,24.8,2025-02-14,8,Call,25.5,0.59,0.6,0.63,1303,292,4.46,0.395336,2025-02-06
GME,24.8,2025-02-07,1,Call,26,0.1,0.1,0.11,8361,5071,1.65,0.164372,2025-02-06
GME,24.8,2025-02-07,1,Call,25.5,0.16,0.16,0.18,4156,1616,2.57,0.259915,2025-02-06
GME,24.8,2025-02-07,1,Call,25,0.28,0.29,0.33,7160,3841,1.86,0.424383,2025-02-06
GME,24.8,2025-02-07,1,Put,24.5,0.16,0.17,0.19,1623,826,1.96,-0.337823,2025-02-06
GME,24.8,2025-02-07,1,Call,24.5,0.47,0.52,0.54,551,294,1.87,0.639907,2025-02-06
GME,24.93,2025-02-14,9,Call,25,0.86,0.9,0.94,1739,906,1.92,0.505047,2025-02-05
GME,24.93,2025-02-14,9,Put,24.5,0.62,0.61,0.67,757,363,2.09,-0.403671,2025-02-05
GME,24.93,2025-02-14,9,Put,24,0.43,0.43,0.48,539,341,1.58,-0.309716,2025-02-05
GME,24.93,2025-02-14,9,Call,24,1.4,1.51,1.52,536,136,3.94,0.663884,2025-02-05
GME,24.93,2025-02-07,2,Call,26.5,0.14,0.14,0.15,4701,1975,2.38,0.172117,2025-02-05
GME,24.93,2025-02-07,2,Call,26,0.18,0.19,0.21,6916,3197,2.16,0.236532,2025-02-05
GME,24.93,2025-02-07,2,Call,25.5,0.28,0.3,0.34,1834,402,4.56,0.345593,2025-02-05
GME,25.9,2025-02-14,10,Call,31,0.17,0.19,0.21,1245,593,2.1,0.113467,2025-02-04
GME,25.9,2025-02-07,3,Call,26.5,0.3,0.32,0.34,2330,1750,1.33,0.346953,2025-02-04
GME,25.89,2027-01-15,711,Call,65,4,6.2,6.6,615,277,2.22,0.440229,2025-02-03
GME,25.89,2025-03-21,46,Call,26,2.55,2.64,2.72,1424,322,4.42,0.541272,2025-02-03
GME,25.89,2025-02-28,25,Call,29,0.72,0.81,0.9,753,317,2.38,0.296314,2025-02-03
GME,25.89,2025-02-28,25,Put,24,0.65,0.7,0.72,560,203,2.76,-0.277643,2025-02-03
GME,25.89,2025-02-14,11,Call,28.5,0.37,0.38,0.4,1001,339,2.95,0.225859,2025-02-03
GME,25.89,2025-02-14,11,Call,28,0.44,0.45,0.48,1505,887,1.7,0.264161,2025-02-03
GME,25.89,2025-02-14,11,Call,27.5,0.51,0.53,0.55,761,418,1.82,0.308392,2025-02-03
GME,25.89,2025-02-14,11,Call,27,0.61,0.62,0.65,812,543,1.5,0.359777,2025-02-03
GME,25.89,2025-02-14,11,Call,26.5,0.72,0.74,0.8,515,158,3.26,0.422898,2025-02-03
GME,25.89,2025-02-14,11,Put,26,0.96,1,1.02,1167,647,1.8,-0.501445,2025-02-03
GME,25.89,2025-02-07,4,Call,27.5,0.21,0.23,0.25,2094,1231,1.7,0.217495,2025-02-03
GME,25.89,2025-02-07,4,Call,27,0.29,0.31,0.32,6498,2603,2.5,0.284936,2025-02-03
GME,25.89,2025-02-07,4,Call,26.5,0.39,0.41,0.42,3248,421,7.71,0.369972,2025-02-03
GME,25.89,2025-02-07,4,Put,26,0.63,0.65,0.68,5571,2065,2.7,-0.518897,2025-02-03
GME,25.89,2025-02-07,4,Call,26,0.53,0.57,0.59,4902,1000,4.9,0.483003,2025-02-03
GME,25.89,2025-02-07,4,Put,25.5,0.36,0.36,0.42,4051,642,6.31,-0.375772,2025-02-03
GME,25.89,2025-02-07,4,Put,25,0.21,0.24,0.24,2793,1883,1.48,-0.261021,2025-02-03
GME,25.89,2025-02-07,4,Put,24.5,0.12,0.13,0.15,1140,154,7.4,-0.161514,2025-02-03
GME,25.89,2025-02-07,4,Put,24,0.07,0.1,0.09,1265,529,2.39,-0.103014,2025-02-03
GME,26.9,2025-03-21,48,Call,27,2.8,2.85,2.98,1483,588,2.52,0.54444,2025-01-31
GME,26.9,2025-02-28,27,Put,27,1.34,1.69,1.82,526,241,2.18,-0.479757,2025-01-31
GME,26.9,2025-02-14,13,Put,26.5,0.77,0.8,0.91,2417,197,12.27,-0.418402,2025-01-31
GME,26.9,2025-02-07,6,Call,29.5,0.2,0.22,0.22,910,620,1.47,0.171341,2025-01-31
GME,26.9,2025-02-07,6,Call,29,0.23,0.25,0.27,7233,3097,2.34,0.201553,2025-01-31
GME,26.9,2025-02-07,6,Call,28.5,0.29,0.31,0.32,2578,1035,2.49,0.24903,2025-01-31
GME,26.9,2025-02-07,6,Put,28,1.38,1.32,1.46,1122,669,1.68,-0.711995,2025-01-31
GME,26.9,2025-02-07,6,Call,28,0.37,0.4,0.4,5749,3739,1.54,0.313078,2025-01-31
GME,26.9,2025-02-07,6,Put,27.5,1,0.95,1.08,644,397,1.62,-0.622817,2025-01-31
GME,26.9,2025-02-07,6,Call,27.5,0.5,0.54,0.54,1391,802,1.73,0.39651,2025-01-31
GME,26.9,2025-02-07,6,Call,27,0.66,0.72,0.72,2841,842,3.37,0.49246,2025-01-31
GME,26.9,2025-02-07,6,Put,26.5,0.45,0.46,0.5,2094,825,2.54,-0.390651,2025-01-31
GME,26.9,2025-01-31,0,Put,27.5,0.44,0.52,0.8,5732,1457,3.93,-0.702065,2025-01-31
GME,27.99,2025-02-07,8,Call,39,0.08,0.12,0.13,526,173,3.04,0.055297,2025-01-30
GME,27.99,2025-02-07,8,Call,30.5,0.29,0.32,0.32,1008,603,1.67,0.210269,2025-01-30
GME,27.99,2025-01-31,1,Call,28.5,0.16,0.16,0.18,5560,3455,1.61,0.290614,2025-01-30
GME,27.51,2025-04-17,78,Call,10,17.3,17.51,17.9,728,223,3.26,0,2025-01-29
GME,27.51,2025-02-07,9,Put,30,2.84,3.02,3.05,891,572,1.56,-0.733591,2025-01-29
GME,27.46,2025-03-21,52,Call,24,4.5,4.9,5.1,1277,101,12.64,0.726921,2025-01-28
GME,27.46,2025-03-21,52,Call,20,7.65,7.98,8.1,668,136,4.91,0.877509,2025-01-28
GME,27.46,2025-02-07,10,Call,29,0.67,0.69,0.7,1366,1030,1.33,0.341392,2025-01-28
GME,27.46,2025-02-07,10,Put,26.5,0.66,0.67,0.69,667,232,2.88,-0.343496,2025-01-28
GME,27.46,2025-01-31,3,Call,28,0.43,0.43,0.45,7508,5228,1.44,0.384099,2025-01-28
GME,26.97,2026-01-16,354,Call,65,2.96,4.2,4.85,602,209,2.88,0.35285,2025-01-27
GME,26.97,2025-02-28,32,Call,34,0.76,0.82,0.94,531,104,5.11,0.225496,2025-01-27
GME,26.97,2025-02-14,18,Call,26,2.1,2.15,2.17,1302,250,5.21,0.621048,2025-01-27
GME,26.97,2025-01-31,4,Call,28,0.44,0.45,0.45,6040,3318,1.82,0.332219,2025-01-27
GME,26.97,2025-01-31,4,Call,27.5,0.54,0.58,0.59,2589,1200,2.16,0.412055,2025-01-27
GME,26.97,2025-01-31,4,Put,26.5,0.45,0.49,0.49,4198,1283,3.27,-0.382202,2025-01-27
GME,27.77,2025-06-20,146,Call,110,0.56,0.91,1.17,2322,238,9.76,0.109717,2025-01-24
GME,27.77,2025-01-31,6,Call,27.5,0.98,1,1.03,1138,580,1.96,0.564146,2025-01-24
GME,27.77,2025-01-31,6,Put,26,0.18,0.19,0.22,2504,1819,1.38,-0.171412,2025-01-24
GME,27.77,2025-01-24,0,Put,28.5,0.52,0.68,1.02,1823,658,2.77,-0.682056,2025-01-24
GME,27.77,2025-01-24,0,Put,28,0.16,0.34,0.35,4622,2518,1.84,-0.670489,2025-01-24
GME,28.33,2025-03-21,57,Call,35,2,2.1,2.1,2630,936,2.81,0.352084,2025-01-23
GME,28.33,2025-02-07,15,Call,40,0.25,0.3,0.3,12920,5238,2.47,0.100141,2025-01-23
GME,28.33,2025-02-07,15,Call,30,1.05,1.09,1.12,17655,1775,9.95,0.384394,2025-01-23
GME,28.33,2025-02-07,15,Call,25,3.6,3.72,4,4338,877,4.95,0.826252,2025-01-23
GME,28.33,2025-01-31,8,Call,32.5,0.32,0.32,0.34,995,464,2.14,0.168127,2025-01-23
GME,28.33,2025-01-31,8,Call,30.5,0.53,0.54,0.56,1494,832,1.8,0.280823,2025-01-23
GME,28.33,2025-01-31,8,Call,30,0.62,0.63,0.64,14269,10426,1.37,0.323209,2025-01-23
GME,28.33,2025-01-31,8,Call,28.5,1.04,1.04,1.08,2401,992,2.42,0.494705,2025-01-23
GME,28.33,2025-01-31,8,Call,24,4.2,4.58,4.75,616,122,5.05,0.882549,2025-01-23
GME,28.33,2025-01-24,1,Call,30,0.1,0.11,0.11,36712,19105,1.92,0.145749,2025-01-23
GME,28.33,2025-01-24,1,Call,29.5,0.13,0.13,0.14,6202,2470,2.51,0.189628,2025-01-23
GME,28.33,2025-01-24,1,Put,29,0.87,0.88,0.92,1419,988,1.44,-0.708022,2025-01-23
GME,28.33,2025-01-24,1,Call,29,0.2,0.21,0.22,14114,6799,2.08,0.292165,2025-01-23
GME,28.33,2025-01-24,1,Put,28.5,0.5,0.53,0.55,1312,580,2.26,-0.553847,2025-01-23
GME,28.33,2025-01-24,1,Call,28.5,0.33,0.35,0.35,5691,2876,1.98,0.444545,2025-01-23
GME,28.33,2025-01-24,1,Put,28,0.25,0.26,0.26,6243,2226,2.8,-0.36553,2025-01-23
GME,28.33,2025-01-24,1,Put,27.5,0.1,0.13,0.12,1684,857,1.96,-0.195058,2025-01-23
GME,28.33,2025-01-24,1,Call,27.5,0.91,0.92,1.02,2916,1878,1.55,0.822098,2025-01-23
GME,27.65,2025-04-17,85,Put,27,3.8,4,4.15,1215,121,10.04,-0.395554,2025-01-22
GME,27.65,2025-02-28,37,Call,60,0.23,0.25,0.27,1677,227,7.39,0.057071,2025-01-22
GME,27.65,2025-02-21,30,Call,30,1.44,1.47,1.5,11410,8580,1.33,0.391453,2025-01-22
GME,27.65,2025-02-07,16,Call,29,1.01,1.16,1.14,3119,317,9.84,0.400201,2025-01-22
GME,27.65,2025-01-24,2,Call,29,0.19,0.22,0.22,6494,4892,1.33,0.228822,2025-01-22
GME,27.65,2025-01-24,2,Call,28.5,0.27,0.28,0.28,3555,1783,1.99,0.299508,2025-01-22
GME,27.65,2025-01-24,2,Call,28,0.39,0.42,0.42,12721,5754,2.21,0.414378,2025-01-22
GME,27.65,2025-01-24,2,Put,27.5,0.45,0.45,0.48,1023,764,1.34,-0.44524,2025-01-22
GME,27.65,2025-01-24,2,Call,27.5,0.57,0.61,0.64,5943,1717,3.46,0.553821,2025-01-22
GME,27.65,2025-01-24,2,Put,27,0.24,0.25,0.26,4294,2888,1.49,-0.297758,2025-01-22
GME,27.47,2025-06-20,150,Call,39,3.8,3.9,4.1,1589,103,15.43,0.412861,2025-01-21
GME,27.47,2025-02-28,38,Call,28,2.34,2.33,2.52,559,313,1.79,0.51431,2025-01-21
GME,27.47,2025-01-31,10,Call,29,0.67,0.69,0.7,1818,957,1.9,0.341975,2025-01-21
GME,27.47,2025-01-31,10,Call,27.5,1.13,1.2,1.22,1010,433,2.33,0.516835,2025-01-21
GME,27.47,2025-01-31,10,Call,27,1.37,1.44,1.47,2824,969,2.91,0.58241,2025-01-21
GME,27.47,2025-01-31,10,Put,24,0.14,0.15,0.15,765,355,2.15,-0.10004,2025-01-21
GME,27.47,2025-01-24,3,Call,29.5,0.18,0.18,0.2,2556,1568,1.63,0.172964,2025-01-21
GME,27.47,2025-01-24,3,Call,29,0.24,0.25,0.26,5315,2718,1.96,0.230343,2025-01-21
GME,27.47,2025-01-24,3,Call,28,0.43,0.46,0.46,7980,4155,1.92,0.391718,2025-01-21
GME,27.47,2025-01-24,3,Call,27.5,0.6,0.6,0.64,2661,636,4.18,0.502773,2025-01-21
GME,27.47,2025-01-24,3,Call,27,0.84,0.89,0.9,4886,1332,3.67,0.627567,2025-01-21
GME,27.47,2025-01-24,3,Put,26.5,0.21,0.22,0.23,2013,560,3.59,-0.244188,2025-01-21
GME,27.47,2025-01-24,3,Call,26.5,1.14,1.19,1.28,1273,175,7.27,0.754657,2025-01-21
GME,27.47,2025-01-24,3,Call,26,1.55,1.6,1.74,1876,663,2.83,0.841524,2025-01-21
GME,27.51,2025-02-28,41,Call,65,0.34,0.35,0.39,1171,882,1.33,0.069228,2025-01-20
GME,27.51,2025-02-21,34,Put,22,0.38,0.41,0.46,895,207,4.32,-0.126146,2025-01-20
GME,27.51,2025-01-31,13,Call,29,1.06,1.08,1.35,779,532,1.46,0.393405,2025-01-20
GME,27.51,2025-01-31,13,Call,28.5,1.18,1.28,1.28,718,451,1.59,0.439082,2025-01-20
GME,27.51,2025-01-31,13,Call,28,1.36,1.42,1.45,919,715,1.29,0.481423,2025-01-20
GME,27.51,2025-01-24,6,Call,35,0.15,0.16,0.16,11305,7586,1.49,0.082794,2025-01-20
GME,27.51,2025-01-24,6,Call,31.5,0.23,0.26,0.25,1339,459,2.92,0.146459,2025-01-20
GME,27.51,2025-01-24,6,Call,30.5,0.3,0.31,0.34,2162,657,3.29,0.192261,2025-01-20
GME,27.51,2025-01-24,6,Call,30,0.37,0.39,0.39,17378,7282,2.39,0.232189,2025-01-20
GME,27.51,2025-01-24,6,Call,29.5,0.43,0.46,0.47,2111,664,3.18,0.271471,2025-01-20
GME,27.51,2025-01-24,6,Call,29,0.53,0.55,0.55,3907,1537,2.54,0.319225,2025-01-20
GME,27.51,2025-01-24,6,Call,28.5,0.66,0.67,0.67,2306,650,3.55,0.377072,2025-01-20
GME,27.51,2025-01-24,6,Call,28,0.81,0.83,0.84,6362,2106,3.02,0.444746,2025-01-20
GME,27.51,2025-01-24,6,Put,27.5,0.96,0.99,1.03,781,447,1.75,-0.480675,2025-01-20
GME,27.51,2025-01-24,6,Call,27.5,0.98,1.04,1.04,1099,349,3.15,0.519439,2025-01-20
GME,27.51,2025-01-24,6,Put,27,0.71,0.73,0.76,2799,1646,1.7,-0.3995,2025-01-20
GME,27.51,2025-01-24,6,Call,27,1.23,1.27,1.29,2353,915,2.57,0.597659,2025-01-20
GME,27.51,2025-01-24,6,Put,26.5,0.46,0.51,0.55,730,282,2.59,-0.316998,2025-01-20
GME,27.51,2025-01-24,6,Call,26,1.78,1.89,1.99,710,362,1.96,0.749429,2025-01-20
GME,27.51,2025-01-24,6,Put,25.5,0.25,0.26,0.27,780,180,4.33,-0.185643,2025-01-20
GME,27.51,2025-01-24,6,Call,25,2.46,2.67,2.8,1240,937,1.32,0.869562,2025-01-20
GME,27.51,2025-01-24,6,Put,24,0.1,0.11,0.11,585,411,1.42,-0.082468,2025-01-20
GME,27.51,2025-02-21,34,Put,22,0.38,0.41,0.46,895,207,4.32,-0.126146,2025-01-17
GME,27.51,2025-01-31,13,Call,29,1.06,1.08,1.35,779,532,1.46,0.393405,2025-01-17
GME,27.51,2025-01-31,13,Call,28.5,1.18,1.28,1.28,718,451,1.59,0.439082,2025-01-17
GME,27.51,2025-01-24,6,Call,35,0.15,0.16,0.16,11305,7586,1.49,0.082794,2025-01-17
GME,27.51,2025-01-24,6,Call,31.5,0.23,0.26,0.25,1339,459,2.92,0.146459,2025-01-17
GME,27.51,2025-01-24,6,Call,30.5,0.3,0.31,0.34,2162,657,3.29,0.192261,2025-01-17
GME,27.51,2025-01-24,6,Call,30,0.37,0.39,0.39,17378,7282,2.39,0.232189,2025-01-17
GME,27.51,2025-01-24,6,Call,29.5,0.43,0.46,0.47,2111,664,3.18,0.271471,2025-01-17
GME,27.51,2025-01-24,6,Call,29,0.53,0.55,0.55,3907,1537,2.54,0.319225,2025-01-17
GME,27.51,2025-01-24,6,Call,28.5,0.66,0.67,0.67,2306,650,3.55,0.377072,2025-01-17
GME,27.51,2025-01-24,6,Call,28,0.81,0.83,0.84,6362,2106,3.02,0.444746,2025-01-17
GME,27.51,2025-01-24,6,Put,27.5,0.96,0.99,1.03,781,447,1.75,-0.480675,2025-01-17
GME,27.51,2025-01-24,6,Call,27.5,0.98,1.04,1.04,1099,349,3.15,0.519439,2025-01-17
GME,27.51,2025-01-24,6,Put,27,0.71,0.73,0.76,2799,1646,1.7,-0.3995,2025-01-17
GME,27.51,2025-01-24,6,Call,27,1.23,1.27,1.29,2353,915,2.57,0.597659,2025-01-17
GME,27.51,2025-01-24,6,Put,26.5,0.46,0.51,0.55,730,282,2.59,-0.316998,2025-01-17
GME,27.51,2025-01-24,6,Call,26,1.78,1.89,1.99,710,362,1.96,0.749429,2025-01-17
GME,27.51,2025-01-24,6,Put,25.5,0.25,0.26,0.27,780,180,4.33,-0.185643,2025-01-17
GME,27.51,2025-01-24,6,Put,24,0.1,0.11,0.11,585,411,1.42,-0.082468,2025-01-17
GME,27.51,2025-01-17,0,Put,28,0.48,0.57,0.69,5511,3474,1.59,-0.777664,2025-01-17
GME,27.72,2025-01-17,1,Call,28.5,0.2,0.2,0.21,2860,1288,2.22,0.27211,2025-01-16
GME,27.72,2025-01-17,1,Call,27.5,0.52,0.63,0.56,1576,748,2.11,0.58967,2025-01-16
GME,27.96,2025-04-17,92,Put,20,0.91,1.02,1.1,2541,1650,1.54,-0.14751,2025-01-15
GME,27.96,2025-02-14,30,Call,40,0.61,0.72,0.72,1736,625,2.78,0.171013,2025-01-15
GME,27.96,2025-02-14,30,Call,35,1.02,1.11,1.16,752,542,1.39,0.261078,2025-01-15
GME,27.96,2025-01-24,9,Call,31,0.48,0.53,0.52,1851,1483,1.25,0.240825,2025-01-15
GME,27.96,2025-01-17,2,Call,28.5,0.45,0.47,0.48,1932,464,4.16,0.392139,2025-01-15
GME,27.96,2025-01-17,2,Put,27.5,0.37,0.42,0.41,1779,925,1.92,-0.368291,2025-01-15
GME,27.96,2025-01-17,2,Call,27.5,0.82,0.89,0.89,932,259,3.6,0.62429,2025-01-15
GME,27.96,2025-01-17,2,Put,27,0.2,0.22,0.23,3943,1692,2.33,-0.24534,2025-01-15
GME,27.88,2025-02-21,38,Put,23,0.89,0.95,0.98,983,401,2.45,-0.198054,2025-01-14
GME,27.88,2025-02-07,24,Call,40,0.67,0.69,0.75,2501,1758,1.42,0.166493,2025-01-14
GME,27.88,2025-02-07,24,Call,35,1.05,1.09,1.23,1323,772,1.71,0.25807,2025-01-14
GME,27.88,2025-02-07,24,Call,30,1.89,1.98,2.16,1599,373,4.29,0.434147,2025-01-14
GME,27.88,2025-01-24,10,Call,35,0.48,0.5,0.53,6061,3509,1.73,0.17101,2025-01-14
GME,27.88,2025-01-24,10,Call,29,1.39,1.42,1.44,2152,403,5.34,0.441065,2025-01-14
GME,27.88,2025-01-24,10,Put,26,0.77,0.79,0.82,700,277,2.53,-0.289499,2025-01-14
GME,27.88,2025-01-24,10,Put,25,0.46,0.47,0.48,1550,427,3.63,-0.199756,2025-01-14
GME,27.88,2025-01-17,3,Call,31.5,0.32,0.36,0.36,4539,2274,2,0.191061,2025-01-14
GME,27.88,2025-01-17,3,Call,31,0.36,0.39,0.39,5276,3939,1.34,0.211884,2025-01-14
GME,27.88,2025-01-17,3,Call,30.5,0.4,0.45,0.45,2232,712,3.13,0.243055,2025-01-14
GME,27.88,2025-01-17,3,Call,29.5,0.56,0.57,0.59,3582,442,8.1,0.315329,2025-01-14
GME,27.88,2025-01-17,3,Call,29,0.68,0.68,0.69,3963,3197,1.24,0.368207,2025-01-14
GME,27.88,2025-01-17,3,Call,28.5,0.78,0.82,0.84,723,203,3.56,0.430112,2025-01-14
GME,27.88,2025-01-17,3,Put,27.5,0.76,0.82,0.82,851,639,1.33,-0.42205,2025-01-14
GME,27.88,2025-01-17,3,Put,27,0.55,0.57,0.57,2800,1642,1.71,-0.339402,2025-01-14
GME,27.88,2025-01-17,3,Put,26.5,0.37,0.43,0.42,590,435,1.36,-0.262107,2025-01-14
GME,27.88,2025-01-17,3,Call,26.5,1.75,1.75,1.85,536,218,2.46,0.743067,2025-01-14
GME,31.02,2025-02-21,39,Call,25,7.1,7.36,7.4,1241,919,1.35,0.792517,2025-01-13
GME,31.02,2025-01-24,11,Put,29,0.76,0.78,0.8,610,313,1.95,-0.283269,2025-01-13
GME,31.02,2025-01-17,4,Call,31.5,0.86,0.9,0.93,2463,1102,2.24,0.449841,2025-01-13
GME,31.02,2025-01-17,4,Put,29.5,0.36,0.34,0.41,902,575,1.57,-0.250924,2025-01-13
GME,32.31,2025-02-21,41,Call,15,17.1,17.35,17.8,521,124,4.2,0.985897,2025-01-10
GME,32.31,2025-01-24,13,Call,33,2.13,2.31,2.31,1207,822,1.47,0.498311,2025-01-10
GME,32.31,2025-01-17,6,Call,34.5,0.93,0.95,1,1032,473,2.18,0.342568,2025-01-10
GME,32.31,2025-01-17,6,Call,33.5,1.18,1.18,1.25,1424,753,1.89,0.415637,2025-01-10
GME,32.31,2025-01-17,6,Call,32.5,1.52,1.55,1.63,1960,1035,1.89,0.506602,2025-01-10
GME,32.31,2025-01-17,6,Put,31.5,1.13,1.15,1.22,938,320,2.93,-0.392636,2025-01-10
GME,32.31,2025-01-17,6,Call,31.5,1.97,2.03,2.12,1122,575,1.95,0.604134,2025-01-10
GME,32.31,2025-01-17,6,Put,30.5,0.7,0.73,0.8,1141,631,1.81,-0.29018,2025-01-10
GME,32.31,2025-01-17,6,Call,30.5,2.48,2.61,2.71,619,335,1.85,0.701416,2025-01-10
GME,32.31,2025-01-10,0,Put,33,0.42,0.7,0.8,668,493,1.35,-0.945037,2025-01-10
GME,32.31,2025-01-10,0,Call,32,0.31,0.32,0.35,10246,5755,1.78,0.90745,2025-01-10
GME,32.31,2025-01-10,0,Call,31.5,0.77,0.83,0.89,2058,1315,1.57,0.922912,2025-01-10
GME,32.31,2025-01-10,0,Call,31,0.98,1.2,1.47,2366,1778,1.33,0.813881,2025-01-10
GME,32.31,2025-01-10,0,Call,28,3.45,4.2,4.35,792,481,1.65,0.962846,2025-01-10
GME,32.96,2025-01-17,9,Call,37.5,1,1.11,1.17,1882,373,5.05,0.293923,2025-01-09
GME,32.96,2025-01-10,2,Call,35.5,0.25,0.27,0.27,1202,801,1.5,0.190519,2025-01-09
GME,32.96,2025-01-10,2,Put,33,0.88,0.9,0.94,655,471,1.39,-0.493844,2025-01-09
GME,32.96,2025-01-10,2,Put,32.5,0.59,0.63,0.68,1293,598,2.16,-0.401024,2025-01-09
GME,32.96,2025-01-10,2,Put,32,0.4,0.44,0.49,2342,1801,1.3,-0.311476,2025-01-09
GME,32.96,2025-01-10,2,Put,31.5,0.26,0.29,0.33,1554,928,1.67,-0.229436,2025-01-09
GME,32.96,2025-01-17,9,Call,37.5,1,1.11,1.17,1882,373,5.05,0.293923,2025-01-08
GME,32.96,2025-01-10,2,Call,35.5,0.25,0.27,0.27,1202,801,1.5,0.190519,2025-01-08
GME,32.96,2025-01-10,2,Put,33,0.88,0.9,0.94,655,471,1.39,-0.493844,2025-01-08
GME,32.96,2025-01-10,2,Put,32.5,0.59,0.63,0.68,1293,598,2.16,-0.401024,2025-01-08
GME,32.96,2025-01-10,2,Put,32,0.4,0.44,0.49,2342,1801,1.3,-0.311476,2025-01-08
GME,32.96,2025-01-10,2,Put,31.5,0.26,0.29,0.33,1554,928,1.67,-0.229436,2025-01-08
GME,33.37,2025-01-17,10,Call,33.5,2.33,2.48,2.5,730,434,1.68,0.529446,2025-01-07
GME,33.37,2025-01-10,3,Call,38.5,0.22,0.28,0.28,536,221,2.43,0.139317,2025-01-07
GME,33.37,2025-01-10,3,Call,38,0.26,0.29,0.37,2178,1146,1.9,0.149395,2025-01-07
GME,33.37,2025-01-10,3,Call,35.5,0.45,0.53,0.53,1003,558,1.8,0.277944,2025-01-07
GME,33.37,2025-01-10,3,Call,34.5,0.66,0.7,0.75,3696,876,4.22,0.36743,2025-01-07
GME,33.37,2025-01-10,3,Call,34,0.8,0.8,0.85,5829,3147,1.85,0.424145,2025-01-07
GME,33.37,2025-01-10,3,Put,33,0.81,0.88,0.9,861,274,3.14,-0.428584,2025-01-07
GME,33.37,2025-01-10,3,Put,32.5,0.6,0.65,0.7,1066,377,2.83,-0.35302,2025-01-07
GME,33.37,2025-01-10,3,Put,32,0.43,0.45,0.45,2859,927,3.08,-0.277129,2025-01-07
GME,33.37,2025-01-10,3,Put,31.5,0.25,0.31,0.34,1532,583,2.63,-0.21038,2025-01-07
GME,33.37,2025-01-10,3,Put,30.5,0.13,0.15,0.17,1790,1127,1.59,-0.115075,2025-01-07
GME,32.82,2025-02-21,46,Call,26,7.85,8.15,8.7,1026,197,5.21,0.804595,2025-01-06
GME,32.82,2025-02-07,32,Call,45,1.75,1.86,1.99,538,122,4.41,0.277277,2025-01-06
GME,32.82,2025-01-31,25,Call,34,2.95,3.25,3.5,722,231,3.13,0.507002,2025-01-06
GME,32.82,2025-01-17,11,Call,41,0.82,0.84,0.87,2988,1686,1.77,0.209976,2025-01-06
GME,32.82,2025-01-17,11,Call,35.5,1.45,1.55,1.55,742,102,7.27,0.381778,2025-01-06
GME,32.82,2025-01-17,11,Call,33.5,2.01,2.05,2.09,590,321,1.84,0.489793,2025-01-06
GME,32.82,2025-01-17,11,Call,31.5,2.84,2.9,2.97,688,382,1.8,0.627159,2025-01-06
GME,32.82,2025-01-10,4,Call,50,0.15,0.18,0.18,9080,3666,2.48,0.056918,2025-01-06
GME,32.82,2025-01-10,4,Call,38,0.36,0.37,0.38,1381,818,1.69,0.16282,2025-01-06
GME,32.82,2025-01-10,4,Call,36,0.53,0.54,0.55,2063,989,2.09,0.242403,2025-01-06
GME,32.82,2025-01-10,4,Call,35.5,0.6,0.6,0.64,595,221,2.69,0.270271,2025-01-06
GME,32.82,2025-01-10,4,Call,35,0.68,0.69,0.7,18157,9803,1.85,0.305909,2025-01-06
GME,32.82,2025-01-10,4,Call,34.5,0.77,0.77,0.81,880,556,1.58,0.342628,2025-01-06
GME,32.82,2025-01-10,4,Call,34,0.9,0.91,0.95,4119,1976,2.08,0.390602,2025-01-06
GME,32.82,2025-01-10,4,Call,33.5,1.03,1.08,1.08,3243,1255,2.58,0.44339,2025-01-06
GME,32.82,2025-01-10,4,Call,33,1.21,1.23,1.25,9424,4957,1.9,0.498061,2025-01-06
GME,32.82,2025-01-10,4,Put,32.5,1.04,1.14,1.18,690,110,6.27,-0.440946,2025-01-06
GME,32.82,2025-01-10,4,Put,32,0.85,0.9,0.92,1345,626,2.15,-0.379359,2025-01-06
GME,32.82,2025-01-10,4,Call,32,1.65,1.7,1.75,9627,5732,1.68,0.621517,2025-01-06
GME,32.82,2025-01-10,4,Put,31.5,0.6,0.68,0.7,813,294,2.77,-0.316867,2025-01-06
GME,32.82,2025-01-10,4,Call,31.5,1.92,1.94,2.03,2390,1313,1.82,0.690329,2025-01-06
GME,32.82,2025-01-10,4,Put,31,0.44,0.5,0.54,3037,1287,2.36,-0.256564,2025-01-06
GME,32.82,2025-01-10,4,Call,31,2.21,2.26,2.4,2650,1650,1.61,0.754468,2025-01-06
GME,32.82,2025-01-10,4,Put,30.5,0.32,0.36,0.38,1389,696,2,-0.201666,2025-01-06
GME,32.82,2025-01-10,4,Put,30,0.24,0.26,0.27,4079,2633,1.55,-0.155872,2025-01-06
GME,31.65,2025-02-21,48,Put,24,0.77,0.89,0.95,1332,440,3.03,-0.149044,2025-01-03
GME,31.65,2025-02-07,34,Call,60,0.66,0.72,0.75,694,168,4.13,0.120853,2025-01-03
GME,31.65,2025-02-07,34,Call,40,1.83,2.01,2.01,1197,187,6.4,0.321091,2025-01-03
GME,31.65,2025-01-24,20,Call,65,0.29,0.3,0.3,1380,732,1.89,0.061643,2025-01-03
GME,31.65,2025-01-10,6,Call,50,0.1,0.11,0.11,3158,1744,1.81,0.038789,2025-01-03
GME,31.65,2025-01-10,6,Call,40,0.19,0.2,0.2,10082,5562,1.81,0.088917,2025-01-03
GME,31.65,2025-01-10,6,Call,35,0.42,0.42,0.43,8839,5751,1.54,0.211244,2025-01-03
GME,31.65,2025-01-10,6,Call,34,0.52,0.55,0.56,1842,1055,1.75,0.273483,2025-01-03
GME,31.65,2025-01-10,6,Call,33.5,0.61,0.67,0.67,1226,372,3.3,0.318686,2025-01-03
GME,31.65,2025-01-10,6,Call,33,0.76,0.77,0.77,4998,2309,2.16,0.36273,2025-01-03
GME,31.65,2025-01-10,6,Call,32.5,0.86,0.89,0.91,2230,665,3.35,0.413661,2025-01-03
GME,31.65,2025-01-10,6,Call,32,1.03,1.03,1.08,6851,2113,3.24,0.471883,2025-01-03
GME,31.65,2025-01-10,6,Call,31.5,1.28,1.25,1.32,1672,574,2.91,0.538308,2025-01-03
GME,31.65,2025-01-10,6,Put,31,0.87,0.92,0.93,1136,664,1.71,-0.396731,2025-01-03
GME,31.65,2025-01-10,6,Call,31,1.5,1.5,1.55,1969,1057,1.86,0.606574,2025-01-03
GME,31.65,2025-01-10,6,Put,30.5,0.6,0.7,0.72,654,240,2.73,-0.332046,2025-01-03
GME,31.65,2025-01-10,6,Put,29.5,0.35,0.37,0.39,667,430,1.55,-0.211361,2025-01-03
GME,31.65,2025-01-03,0,Call,31.5,0.05,0.18,0.33,7130,2996,2.38,0.760096,2025-01-03
GME,31.65,2025-01-03,0,Call,31,0.44,0.59,0.7,10030,3394,2.96,0.849749,2025-01-03
GME,31.65,2025-01-03,0,Call,30.5,0.95,0.95,1.22,1506,1099,1.37,0.869342,2025-01-03
GME,30.66,2025-01-10,8,Call,35,0.55,0.57,0.6,4420,2989,1.48,0.22174,2025-01-02
GME,30.66,2025-01-03,1,Call,33,0.1,0.11,0.12,9023,5800,1.56,0.121515,2025-01-02
GME,30.66,2025-01-03,1,Call,32,0.2,0.22,0.22,11756,6049,1.94,0.228712,2025-01-02
GME,30.66,2025-01-03,1,Call,31.5,0.3,0.31,0.35,3068,2054,1.49,0.310699,2025-01-02
GME,30.66,2025-01-03,1,Call,31,0.45,0.46,0.48,5773,2675,2.16,0.422392,2025-01-02
GME,30.66,2025-01-03,1,Call,30.5,0.58,0.69,0.71,1364,696,1.96,0.55159,2025-01-02
GME,30.66,2025-01-03,1,Put,29.5,0.14,0.15,0.17,1469,991,1.48,-0.19138,2025-01-02
GME,31.34,2025-01-17,17,Call,65,0.42,0.47,0.48,4073,2805,1.45,0.08504,2025-01-01
GME,31.34,2025-01-10,10,Call,35,0.94,0.95,0.97,2899,1939,1.5,0.296014,2025-01-01
GME,31.34,2025-01-10,10,Call,30.5,2.14,2.25,2.28,1548,235,6.59,0.601311,2025-01-01
GME,31.34,2025-01-10,10,Call,29,2.99,3.09,3.2,1319,421,3.13,0.734111,2025-01-01
GME,31.34,2025-01-03,3,Call,32,0.63,0.68,0.68,6203,4286,1.45,0.40825,2025-01-01
GME,31.34,2025-01-03,3,Put,30.5,0.42,0.45,0.5,1323,990,1.34,-0.326068,2025-01-01
GME,31.34,2025-01-17,17,Call,65,0.42,0.47,0.48,4073,2805,1.45,0.08504,2024-12-31
GME,31.34,2025-01-10,10,Call,35,0.94,0.95,0.97,2899,1939,1.5,0.296014,2024-12-31
GME,31.34,2025-01-10,10,Call,30.5,2.14,2.25,2.28,1548,235,6.59,0.601311,2024-12-31
GME,31.34,2025-01-10,10,Call,29,2.99,3.09,3.2,1319,421,3.13,0.734111,2024-12-31
GME,31.34,2025-01-03,3,Call,32,0.63,0.68,0.68,6203,4286,1.45,0.40825,2024-12-31
GME,31.34,2025-01-03,3,Put,30.5,0.42,0.45,0.5,1323,990,1.34,-0.326068,2024-12-31
GME,32.01,2025-04-17,108,Put,25,2.95,3.05,3.6,1028,316,3.25,-0.230275,2024-12-30
GME,32.01,2025-01-31,32,Call,65,1,1.15,1.18,719,110,6.54,0.156042,2024-12-30
GME,32.01,2025-01-10,11,Call,65,0.24,0.29,0.29,4116,316,13.03,0.0602,2024-12-30
GME,32.01,2025-01-10,11,Put,30,1.03,1.03,1.1,616,272,2.26,-0.306621,2024-12-30
GME,32.01,2025-01-03,4,Call,36,0.31,0.36,0.4,1462,1115,1.31,0.180904,2024-12-30
GME,32.01,2025-01-03,4,Call,34,0.6,0.6,0.63,3102,2234,1.39,0.299118,2024-12-30
GME,32.01,2025-01-03,4,Put,33,1.75,1.84,1.98,1101,213,5.17,-0.601559,2024-12-30
GME,32.01,2025-01-03,4,Call,33,0.78,0.84,0.89,6124,3705,1.65,0.396965,2024-12-30
GME,32.01,2025-01-03,4,Call,32.5,0.92,1.01,1.04,2362,1563,1.51,0.456167,2024-12-30
GME,32.01,2025-01-03,4,Put,32,1.1,1.11,1.18,2297,587,3.91,-0.48109,2024-12-30
GME,32.01,2025-01-03,4,Call,32,1.13,1.19,1.2,5880,3552,1.66,0.519537,2024-12-30
GME,32.01,2025-01-03,4,Put,31.5,0.86,0.87,0.9,754,440,1.71,-0.409956,2024-12-30
GME,32.2,2025-01-03,6,Call,38,0.45,0.48,0.49,857,447,1.92,0.179085,2024-12-27
GME,32.2,2025-01-03,6,Call,36,0.66,0.69,0.71,1033,793,1.3,0.25403,2024-12-27
GME,32.2,2025-01-03,6,Call,34,1.06,1.04,1.09,2057,1467,1.4,0.373816,2024-12-27
GME,32.2,2025-01-03,6,Call,33,1.35,1.35,1.41,4179,1915,2.18,0.452248,2024-12-27
GME,32.2,2025-01-03,6,Call,32.5,1.41,1.51,1.58,1431,1148,1.25,0.496415,2024-12-27
GME,32.2,2025-01-03,6,Put,32,1.4,1.45,1.44,681,390,1.75,-0.455329,2024-12-27
GME,32.2,2025-01-03,6,Call,32,1.68,1.68,1.77,3516,2183,1.61,0.544221,2024-12-27
GME,32.2,2025-01-03,6,Call,31.5,1.87,1.87,2.01,1576,1176,1.34,0.596495,2024-12-27
GME,32.2,2025-01-03,6,Put,31,0.88,0.88,0.94,1154,721,1.6,-0.345383,2024-12-27
GME,32.2,2025-01-03,6,Call,31,2.08,2.16,2.24,2903,1358,2.14,0.647935,2024-12-27
GME,32.2,2025-01-03,6,Put,30,0.5,0.51,0.56,1936,1320,1.47,-0.237874,2024-12-27
GME,32.2,2025-01-03,6,Put,29.5,0.33,0.4,0.47,608,399,1.52,-0.195188,2024-12-27
GME,32.2,2025-01-03,6,Call,28,4.15,4.15,4.6,989,474,2.09,0.846621,2024-12-27
GME,32.2,2024-12-27,0,Put,33,0.64,1,1.07,1026,789,1.3,-0.731322,2024-12-27
GME,32.2,2024-12-27,0,Put,32.5,0.25,0.35,0.56,875,614,1.43,-0.776702,2024-12-27
GME,32.2,2024-12-27,0,Call,32,0.23,0.23,0.4,24786,7960,3.11,0.788639,2024-12-27
GME,32.2,2024-12-27,0,Call,31.5,0.67,0.7,0.9,7766,2162,3.59,0.730028,2024-12-27
GME,32.2,2024-12-27,0,Call,31,1.2,1.25,1.54,7866,6039,1.3,0.89489,2024-12-27
GME,32.99,2025-02-21,57,Put,20,0.27,0.37,0.5,585,244,2.4,-0.060764,2024-12-26
GME,32.99,2025-01-31,36,Call,60,1.49,1.65,1.75,2011,1147,1.75,0.205706,2024-12-26
GME,32.99,2025-01-31,36,Call,50,1.85,2.1,2.2,652,439,1.49,0.268807,2024-12-26
GME,32.99,2025-01-10,15,Call,40,1.31,1.31,1.35,2898,2097,1.38,0.276084,2024-12-26
GME,32.99,2025-01-03,8,Call,40,0.54,0.55,0.55,8325,5187,1.6,0.17746,2024-12-26
GME,32.99,2025-01-03,8,Call,37,0.82,0.89,0.94,1036,458,2.26,0.278338,2024-12-26
GME,32.99,2025-01-03,8,Call,34,1.48,1.59,1.62,1480,907,1.63,0.452349,2024-12-26
GME,32.99,2025-01-03,8,Call,33.5,1.6,1.66,1.8,1832,206,8.89,0.485668,2024-12-26
GME,32.99,2025-01-03,8,Call,33,1.9,1.83,1.97,2593,1035,2.51,0.528116,2024-12-26
GME,32.99,2025-01-03,8,Call,32.5,2.01,2.07,2.2,1372,613,2.24,0.569768,2024-12-26
GME,32.99,2025-01-03,8,Call,32,2.23,2.3,2.45,3061,1731,1.77,0.614267,2024-12-26
GME,32.99,2025-01-03,8,Call,31.5,2.48,2.55,2.71,965,621,1.55,0.660268,2024-12-26
GME,32.99,2025-01-03,8,Put,31,0.87,0.93,0.98,554,425,1.3,-0.300541,2024-12-26
GME,32.99,2024-12-27,1,Call,38,0.13,0.13,0.18,3447,1336,2.58,0.088121,2024-12-26
GME,32.99,2024-12-27,1,Call,37.5,0.09,0.15,0.18,978,385,2.54,0.102245,2024-12-26
GME,32.99,2024-12-27,1,Call,37,0.15,0.17,0.17,2300,1056,2.18,0.117583,2024-12-26
GME,32.99,2024-12-27,1,Call,36,0.18,0.2,0.2,5416,1366,3.96,0.149746,2024-12-26
GME,32.99,2024-12-27,1,Call,35.5,0.2,0.22,0.25,1739,858,2.03,0.172284,2024-12-26
GME,32.99,2024-12-27,1,Call,35,0.25,0.26,0.26,34988,11628,3.01,0.20746,2024-12-26
GME,32.99,2024-12-27,1,Call,34.5,0.3,0.31,0.4,2882,916,3.15,0.252663,2024-12-26
GME,32.99,2024-12-27,1,Call,34,0.39,0.39,0.43,13816,2106,6.56,0.316629,2024-12-26
GME,32.99,2024-12-27,1,Call,33.5,0.5,0.52,0.55,5175,903,5.73,0.40356,2024-12-26
GME,32.99,2024-12-27,1,Put,33,0.7,0.8,0.87,3226,111,29.06,-0.489932,2024-12-26
GME,32.99,2024-12-27,1,Call,33,0.67,0.69,0.71,16526,4648,3.56,0.508165,2024-12-26
GME,32.99,2024-12-27,1,Call,32.5,0.88,0.92,0.94,5788,1620,3.57,0.628236,2024-12-26
GME,32.99,2024-12-27,1,Put,32,0.3,0.31,0.34,6422,730,8.8,-0.276102,2024-12-26
GME,32.99,2024-12-27,1,Call,32,1.16,1.21,1.3,12639,8924,1.42,0.756477,2024-12-26
GME,32.99,2024-12-27,1,Put,31.5,0.13,0.2,0.23,3649,189,19.31,-0.193453,2024-12-26
GME,32.99,2024-12-27,1,Put,31,0.1,0.12,0.17,4466,802,5.57,-0.127199,2024-12-26
GME,31.14,2025-02-21,59,Put,25,1.53,1.58,1.64,1527,246,6.21,-0.211176,2024-12-25
GME,31.14,2024-12-27,3,Call,38.5,0.11,0.12,0.13,4024,106,37.96,0.067813,2024-12-25
GME,31.14,2024-12-27,3,Call,31.5,0.55,0.55,0.58,5229,2320,2.25,0.431432,2024-12-25
GME,31.14,2024-12-27,3,Put,31,0.62,0.69,0.69,847,523,1.62,-0.45853,2024-12-25
GME,31.14,2025-02-21,59,Put,25,1.53,1.58,1.64,1527,246,6.21,-0.211176,2024-12-24
GME,31.14,2024-12-27,3,Call,38.5,0.11,0.12,0.13,4024,106,37.96,0.067813,2024-12-24
GME,31.14,2024-12-27,3,Call,31.5,0.55,0.55,0.58,5229,2320,2.25,0.431432,2024-12-24
GME,31.14,2024-12-27,3,Put,31,0.62,0.69,0.69,847,523,1.62,-0.45853,2024-12-24
GME,30.9,2025-01-31,39,Call,60,1.4,1.5,1.6,740,455,1.63,0.194011,2024-12-23
GME,30.9,2025-01-31,39,Call,40,2.56,2.7,2.81,869,355,2.45,0.359947,2024-12-23
GME,30.9,2025-01-10,18,Call,60,0.61,0.63,0.65,504,350,1.44,0.11034,2024-12-23
GME,30.9,2025-01-10,18,Call,31,2.79,2.92,2.98,547,293,1.87,0.541503,2024-12-23
GME,30.9,2025-01-03,11,Call,60,0.35,0.36,0.36,13762,1818,7.57,0.074799,2024-12-23
GME,30.9,2025-01-03,11,Call,45,0.51,0.52,0.56,756,603,1.25,0.129038,2024-12-23
GME,30.9,2025-01-03,11,Call,35,1.11,1.12,1.13,6808,2956,2.3,0.306388,2024-12-23
GME,30.9,2025-01-03,11,Call,34,1.22,1.3,1.33,650,273,2.38,0.350092,2024-12-23
GME,30.9,2025-01-03,11,Call,32,1.7,1.75,1.8,1323,976,1.36,0.457949,2024-12-23
GME,30.9,2024-12-27,4,Put,28,0.09,0.1,0.1,2023,1199,1.69,-0.089654,2024-12-23
GME,30.9,2024-12-27,4,Call,33.5,0.36,0.37,0.4,943,540,1.75,0.221002,2024-12-23
GME,30.9,2025-01-03,11,Call,31,2.01,2.11,2.06,1044,584,1.79,0.525283,2024-12-23
GME,30.9,2025-01-10,18,Call,31,2.79,2.92,2.98,547,293,1.87,0.541503,2024-12-23
GME,30.9,2024-12-27,4,Call,34,0.32,0.34,0.36,2435,1245,1.96,0.196807,2024-12-23
GME,30.9,2024-12-27,4,Call,31,0.86,0.9,0.9,9627,4768,2.02,0.498176,2024-12-23
GME,30.9,2024-12-27,4,Call,32.5,0.47,0.49,0.52,1398,665,2.1,0.297842,2024-12-23
GME,30.9,2024-12-27,4,Put,30,0.46,0.47,0.5,1976,918,2.15,-0.322896,2024-12-23
GME,30.9,2024-12-27,4,Call,30.5,1.07,1.1,1.12,4272,1899,2.25,0.585093,2024-12-23
GME,30.9,2025-01-03,11,Call,35,1.11,1.12,1.13,6808,2956,2.3,0.306388,2024-12-23
GME,30.9,2025-01-03,11,Call,34,1.22,1.3,1.33,650,273,2.38,0.350092,2024-12-23
GME,30.9,2024-12-27,4,Call,35.5,0.26,0.28,0.29,774,319,2.43,0.147894,2024-12-23
GME,30.9,2025-01-31,39,Call,40,2.56,2.7,2.81,869,355,2.45,0.359947,2024-12-23
GME,30.9,2024-12-27,4,Call,32,0.59,0.59,0.62,11077,4491,2.47,0.353164,2024-12-23
GME,30.9,2025-01-03,11,Put,29,0.95,1,1.03,503,185,2.72,-0.309253,2024-12-23
GME,30.9,2024-12-27,4,Call,31.5,0.68,0.75,0.75,3280,1200,2.73,0.423153,2024-12-23
GME,30.9,2024-12-27,4,Call,38,0.19,0.24,0.24,1364,442,3.09,0.108916,2024-12-23
GME,30.9,2024-12-27,4,Put,30.5,0.68,0.73,0.73,1119,251,4.46,-0.416256,2024-12-23
GME,30.9,2024-12-27,4,Put,31,0.95,0.95,1.05,976,198,4.93,-0.503212,2024-12-23
GME,30.9,2025-01-03,11,Call,60,0.35,0.36,0.36,13762,1818,7.57,0.074799,2024-12-23
GME,29.82,2024-12-27,6,Put,29.5,0.98,1.01,1.07,543,357,1.52,-0.436801,2024-12-20
GME,29.82,2024-12-27,6,Put,27.5,0.23,0.25,0.35,850,544,1.56,-0.169509,2024-12-20
GME,29.82,2024-12-27,6,Call,30,1.1,1.1,1.21,10081,7928,1.27,0.495274,2024-12-20
GME,29.82,2024-12-27,6,Put,30,1.22,1.25,1.32,1087,822,1.32,-0.50527,2024-12-20
GME,29.82,2024-12-27,6,Call,39,0.16,0.24,0.25,709,513,1.38,0.096304,2024-12-20
GME,29.82,2024-12-27,6,Call,32,0.61,0.65,0.69,4029,2883,1.4,0.300873,2024-12-20
GME,29.82,2024-12-27,6,Call,29,1.59,1.59,1.8,2276,1331,1.71,0.631166,2024-12-20
GME,29.82,2024-12-27,6,Put,28,0.38,0.38,0.41,1067,670,1.59,-0.230232,2024-12-20
GME,29.82,2025-02-21,62,Call,35,3.85,3.97,4.1,1961,1058,1.85,0.463527,2024-12-20
GME,29.82,2024-12-20,0,Put,30,0.05,0.13,0.15,6370,3787,1.68,0,2024-12-20
GME,29.82,2024-12-27,6,Call,33,0.51,0.52,0.56,3013,1657,1.82,0.239982,2024-12-20
GME,29.82,2024-12-27,6,Call,31.5,0.74,0.78,0.78,1313,587,2.24,0.345933,2024-12-20
GME,29.82,2024-12-27,6,Call,30.5,1,1.02,1.05,4452,2350,1.89,0.44075,2024-12-20
GME,29.82,2024-12-27,6,Put,29,0.73,0.75,0.84,1723,959,1.8,-0.366338,2024-12-20
GME,29.82,2024-12-20,0,Call,29.5,0.25,0.43,0.47,4725,1909,2.48,0.708505,2024-12-20
GME,29.82,2024-12-27,6,Call,50,0.12,0.11,0.13,5162,3178,1.62,0.041243,2024-12-20
GME,29.82,2024-12-27,6,Call,35,0.35,0.36,0.36,8058,4889,1.65,0.16192,2024-12-20
GME,29.82,2024-12-27,6,Call,29.5,1.36,1.4,1.51,1971,535,3.68,0.561246,2024-12-20
GME,29.82,2025-02-21,62,Call,28,5.55,5.7,5.85,2090,340,6.15,0.635912,2024-12-20
GME,29.82,2025-02-21,62,Put,28,3.5,3.59,3.7,2229,100,22.29,-0.359145,2024-12-20
GME,29.82,2024-12-27,6,Call,36.5,0.28,0.28,0.36,628,160,3.93,0.124018,2024-12-20
GME,29.82,2024-12-27,6,Call,32.5,0.57,0.59,0.6,626,360,1.74,0.270158,2024-12-20
GME,29.82,2024-12-20,0,Put,30.5,0.37,0.43,0.8,1201,492,2.44,-0.768052,2024-12-20
GME,29,2024-12-20,1,Put,28.5,0.34,0.34,0.38,2647,1152,2.3,-0.350558,2024-12-19
GME,29,2024-12-20,1,Put,29,0.57,0.56,0.63,3839,1954,1.96,-0.489701,2024-12-19
GME,29,2025-01-03,15,Call,35,0.96,1.02,1.09,2383,1471,1.62,0.262943,2024-12-19
GME,29,2024-12-27,8,Call,39,0.33,0.38,0.38,916,272,3.37,0.124527,2024-12-19
GME,28.55,2024-12-27,9,Call,30.5,0.96,0.99,1.11,1035,717,1.44,0.360688,2024-12-18
GME,28.55,2024-12-20,2,Put,28.5,0.73,0.73,0.85,1359,811,1.68,-0.476306,2024-12-18
GME,28.55,2024-12-27,9,Put,28.5,1.35,1.48,1.59,1940,174,11.15,-0.468255,2024-12-18
GME,28.55,2024-12-20,2,Put,29.5,1.34,1.34,1.5,1150,492,2.34,-0.675947,2024-12-18
GME,28.55,2024-12-20,2,Call,33,0.15,0.16,0.16,8691,6183,1.41,0.10853,2024-12-18
GME,28.55,2024-12-20,2,Call,31.5,0.23,0.23,0.35,3607,2331,1.55,0.164856,2024-12-18
GME,28.55,2024-12-20,2,Put,31.5,2.75,3,3.6,548,152,3.61,-0.935263,2024-12-18
GME,28.55,2024-12-27,9,Call,33,0.6,0.63,0.73,1057,843,1.25,0.232363,2024-12-18
GME,28.55,2024-12-27,9,Put,30,1.99,2.3,2.6,639,286,2.23,-0.630131,2024-12-18
GME,28.55,2024-12-27,9,Call,42,0.3,0.35,0.51,1081,304,3.56,0.103799,2024-12-18
GME,28.55,2024-12-20,2,Put,31,2.28,2.68,2.78,977,544,1.8,-0.820088,2024-12-18
GME,28.55,2024-12-20,2,Call,32,0.19,0.19,0.21,10827,5999,1.8,0.137175,2024-12-18
GME,28.55,2024-12-20,2,Call,32.5,0.15,0.18,0.43,2415,1526,1.58,0.124052,2024-12-18
GME,28.55,2025-01-17,30,Call,55,1.04,1.13,1.27,5531,3721,1.49,0.171479,2024-12-18
GME,28.55,2024-12-27,9,Put,29,1.6,1.79,1.97,754,483,1.56,-0.51885,2024-12-18
GME,28.55,2024-12-27,9,Call,26,2.7,3.2,3.35,1120,704,1.59,0.757652,2024-12-18
GME,28.55,2024-12-20,2,Put,29,0.99,1.1,1.15,4654,2310,2.01,-0.568463,2024-12-18
GME,31.26,2024-12-20,3,Call,37,0.34,0.34,0.4,1101,706,1.56,0.148782,2024-12-17
GME,31.26,2024-12-27,10,Call,60,0.28,0.3,0.31,17308,12506,1.38,0.06576,2024-12-17
GME,31.26,2025-01-03,17,Call,32,2.63,2.82,2.91,591,322,1.84,0.512527,2024-12-17
GME,31.26,2024-12-20,3,Put,29,0.25,0.3,0.3,2858,1516,1.89,-0.187841,2024-12-17
GME,31.26,2024-12-20,3,Call,33,0.81,0.84,0.87,6594,4836,1.36,0.35019,2024-12-17
GME,31.26,2024-12-20,3,Call,35,0.5,0.52,0.53,15781,7926,1.99,0.224524,2024-12-17
GME,31.26,2024-12-20,3,Call,50,0.1,0.1,0.11,13161,9424,1.4,0.035852,2024-12-17
GME,31.26,2024-12-20,3,Call,40,0.21,0.25,0.25,23234,18358,1.27,0.100618,2024-12-17
GME,31.26,2024-12-20,3,Call,36,0.39,0.45,0.45,1440,887,1.62,0.189278,2024-12-17
GME,31.26,2025-01-03,17,Call,33,2.18,2.41,2.65,776,442,1.76,0.463184,2024-12-17
GME,31.26,2025-01-17,31,Call,32,4.1,4.21,4.25,5602,3016,1.86,0.545312,2024-12-17
GME,31.26,2025-04-17,121,Call,60,3.85,4.25,4.35,1047,802,1.31,0.354899,2024-12-17
GME,31.26,2025-01-17,31,Call,44,2.02,2.7,2.66,517,411,1.26,0.310622,2024-12-17
GME,31.26,2025-02-21,66,Call,30,6.3,6.48,6.5,1538,1236,1.24,0.624131,2024-12-17
GME,31.26,2024-12-20,3,Call,30.5,1.62,1.65,1.7,4221,2045,2.06,0.616077,2024-12-17
GME,31.26,2024-12-20,3,Put,28.5,0.19,0.2,0.3,1465,727,2.02,-0.137395,2024-12-17
GME,31.26,2024-12-20,3,Call,31,1.4,1.4,1.45,12810,5848,2.19,0.552645,2024-12-17
GME,31.26,2024-12-20,3,Call,32.5,0.9,0.96,1.03,2595,1079,2.41,0.393133,2024-12-17
GME,31.26,2024-12-27,10,Call,33,1.6,1.74,1.8,1175,633,1.86,0.429231,2024-12-17
GME,31.26,2024-12-20,3,Put,28,0.11,0.14,0.17,4178,2669,1.57,-0.101327,2024-12-17
GME,31.26,2024-12-27,10,Call,34,1.38,1.64,1.63,656,410,1.6,0.37826,2024-12-17
GME,31.26,2024-12-27,10,Call,35,1.3,1.3,1.34,4749,3093,1.54,0.333132,2024-12-17
GME,31.26,2024-12-27,10,Call,32,1.86,2.03,2.05,3661,1150,3.18,0.487839,2024-12-17
GME,31.26,2024-12-20,3,Call,32,1.07,1.1,1.1,17461,4899,3.56,0.441083,2024-12-17
GME,31.26,2025-01-17,31,Call,31,4.35,4.5,4.6,5513,1478,3.73,0.577642,2024-12-17
GME,31.26,2024-12-20,3,Put,30,0.61,0.63,0.69,7927,2011,3.94,-0.314366,2024-12-17
GME,31.26,2024-12-27,10,Call,31.5,2.04,2.2,2.3,757,191,3.96,0.519972,2024-12-17
GME,31.26,2025-02-21,66,Call,50,3.05,3.37,3.45,635,128,4.96,0.341144,2024-12-17
GME,31.26,2025-02-21,66,Call,35,4.7,5.3,5.25,1426,283,5.04,0.511229,2024-12-17
GME,31.26,2024-12-27,10,Call,31,2.19,2.37,2.4,5288,1011,5.23,0.553668,2024-12-17
GME,31.26,2024-12-20,3,Call,33.5,0.66,0.74,0.8,1500,265,5.66,0.312433,2024-12-17
GME,31.26,2024-12-20,3,Put,29.5,0.4,0.43,0.51,1133,164,6.91,-0.245665,2024-12-17
GME,31.26,2025-02-21,66,Call,60,2.65,2.67,2.69,10261,699,14.68,0.273854,2024-12-17
GME,31.26,2024-12-20,3,Put,30.5,0.85,0.85,0.99,1202,112,10.73,-0.380972,2024-12-17
GME,31.26,2024-12-20,3,Call,39,0.25,0.29,0.29,713,278,2.56,0.117304,2024-12-17
GME,31.26,2024-12-27,10,Put,29,0.88,0.93,1.04,613,239,2.56,-0.285745,2024-12-17
GME,31.26,2024-12-20,3,Call,34,0.63,0.65,0.66,3628,1267,2.86,0.278346,2024-12-17
GME,31.26,2024-12-20,3,Call,31.5,1.19,1.18,1.3,3764,1265,2.98,0.49349,2024-12-17
GME,31.26,2025-01-24,38,Call,60,1.8,2.04,2.03,669,216,3.1,0.225251,2024-12-17
GME,29.44,2025-01-17,32,Call,48,1.37,1.47,1.98,502,283,1.77,0.22168,2024-12-16
GME,29.44,2024-12-20,4,Call,60,0.17,0.19,0.22,3984,3090,1.29,0.046759,2024-12-16
GME,29.44,2024-12-20,4,Call,32,0.87,0.86,0.88,4157,3199,1.3,0.321061,2024-12-16
GME,29.44,2024-12-20,4,Call,28.5,1.84,1.85,1.9,3385,2499,1.35,0.632521,2024-12-16
GME,29.44,2024-12-27,11,Call,33,1.15,1.21,1.22,583,433,1.35,0.330592,2024-12-16
GME,29.44,2024-12-20,4,Put,27.5,0.4,0.5,0.55,1501,1052,1.43,-0.247995,2024-12-16
GME,29.44,2025-02-21,67,Call,30,4.75,5.15,5.2,863,542,1.59,0.571597,2024-12-16
GME,29.44,2024-12-20,4,Call,29.5,1.34,1.46,1.5,2588,1441,1.8,0.518549,2024-12-16
GME,29.44,2024-12-20,4,Call,32.5,0.78,0.85,0.85,1051,361,2.91,0.301046,2024-12-16
GME,29.44,2024-12-20,4,Call,27,2.55,2.75,2.8,3016,1499,2.01,0.816712,2024-12-16
GME,29.44,2025-02-21,67,Call,40,3.2,3.35,3.35,558,187,2.98,0.38731,2024-12-16
GME,29.44,2024-12-20,4,Call,27.5,2.23,2.31,2.57,2664,718,3.71,0.778174,2024-12-16
GME,29.44,2024-12-27,11,Put,26.5,0.3,0.43,0.54,893,248,3.6,-0.191149,2024-12-16
GME,29.44,2024-12-27,11,Call,60,0.49,0.5,0.5,14277,853,16.74,0.093977,2024-12-16
GME,29.44,2024-12-20,4,Call,26.5,3,3.17,4.1,1533,511,3,0.857302,2024-12-16
GME,29.44,2024-12-20,4,Call,28,2.05,2.04,2.15,9621,4872,1.97,0.695724,2024-12-16
GME,27.99,2024-12-27,13,Call,60,0.09,0.18,0.19,755,154,4.9,0.044768,2024-12-13
GME,27.99,2024-12-20,6,Call,28.5,0.87,0.91,0.92,2469,1176,2.1,0.449156,2024-12-13
GME,27.99,2024-12-20,6,Put,28.5,1.31,1.38,1.44,657,340,1.93,-0.553664,2024-12-13
GME,27.99,2024-12-27,13,Call,26,2.5,2.56,2.58,582,318,1.83,0.741598,2024-12-13
GME,27.99,2024-12-13,0,Put,28.5,0.4,0.53,0.65,2429,1475,1.65,-0.896487,2024-12-13
GME,27.99,2024-12-20,6,Call,28,1.03,1.11,1.1,3814,2510,1.52,0.516911,2024-12-13
GME,27.99,2024-12-27,13,Put,25,0.25,0.26,0.27,1847,1204,1.53,-0.148705,2024-12-13
GME,28.75,2024-12-13,1,Call,29.5,0.21,0.22,0.24,3370,2645,1.27,0.285885,2024-12-12
GME,28.75,2024-12-13,1,Put,28.5,0.27,0.29,0.37,1961,1496,1.31,-0.395468,2024-12-12
GME,28.75,2025-04-17,126,Call,38,4.75,4.75,4.95,4800,212,22.64,0.459491,2024-12-12
GME,28.75,2025-04-17,126,Call,35,5.2,5.33,5.5,3794,1536,2.47,0.503203,2024-12-12
GME,28.75,2024-12-13,1,Put,29,0.54,0.58,0.65,9578,4456,2.15,-0.581511,2024-12-12
GME,28.97,2024-12-20,9,Call,32,0.88,0.94,0.94,3806,1058,3.6,0.314452,2024-12-11
GME,28.97,2024-12-13,2,Call,29,0.72,0.75,0.81,8408,5161,1.63,0.506709,2024-12-11
GME,28.97,2024-12-13,2,Call,30.5,0.34,0.37,0.46,2727,1520,1.79,0.27202,2024-12-11
GME,28.97,2024-12-20,9,Call,33,0.73,0.79,0.8,4791,1245,3.85,0.26719,2024-12-11
GME,28.97,2024-12-20,9,Call,29.5,1.36,1.56,1.55,1078,671,1.61,0.479203,2024-12-11
GME,28.97,2025-01-03,23,Call,35,1.36,1.47,1.51,561,427,1.31,0.309961,2024-12-11
GME,28.97,2024-12-13,2,Put,29.5,1.05,1.08,1.16,579,368,1.57,-0.592937,2024-12-11
GME,28.97,2024-12-13,2,Call,29.5,0.56,0.68,0.67,4970,2726,1.82,0.416291,2024-12-11
GME,28.97,2024-12-13,2,Put,28,0.3,0.32,0.36,6169,3879,1.59,-0.279976,2024-12-11
GME,28.97,2025-01-10,30,Call,55,0.66,0.99,0.99,1159,723,1.6,0.157629,2024-12-11
GME,28.97,2024-12-20,9,Call,31.5,0.94,0.98,1.03,820,353,2.32,0.335954,2024-12-11
GME,28.97,2024-12-20,9,Call,31,1.06,1.06,1.14,3128,1704,1.84,0.364695,2024-12-11
GME,28.97,2025-01-24,44,Call,50,1.45,1.49,1.65,6470,289,22.39,0.216328,2024-12-11
GME,28.97,2024-12-20,9,Call,58,0.18,0.18,0.19,9645,2761,3.49,0.046132,2024-12-11
GME,28.97,2024-12-13,2,Put,27.5,0.13,0.18,0.21,1910,1266,1.51,-0.184482,2024-12-11
GME,28.97,2024-12-13,2,Call,30,0.45,0.46,0.46,35889,18258,1.97,0.333848,2024-12-11
GME,28.97,2027-01-15,765,Put,13,1.72,1.89,2.34,1410,302,4.67,-0.08964,2024-12-11
GME,28.97,2024-12-20,9,Call,28.5,1.78,1.85,1.92,1244,759,1.64,0.573208,2024-12-11
GME,28.97,2024-12-13,2,Put,28.5,0.48,0.51,0.55,2308,1262,1.83,-0.385349,2024-12-11
GME,28.97,2024-12-13,2,Put,29,0.69,0.79,0.82,13564,1658,8.18,-0.492836,2024-12-11
GME,26.93,2024-12-20,10,Call,27.5,2,2.03,2.03,865,337,2.57,0.502283,2024-12-10
GME,26.93,2024-12-13,3,Call,41,0.12,0.26,0.27,564,404,1.4,0.084484,2024-12-10
GME,26.93,2024-12-13,3,Put,26,1.2,1.25,1.26,3748,2617,1.43,-0.381791,2024-12-10
GME,26.93,2025-04-17,128,Put,21,1.55,2.22,2.38,790,629,1.26,-0.224007,2024-12-10
GME,26.93,2024-12-13,3,Put,25,0.77,0.81,0.82,8642,6152,1.4,-0.287724,2024-12-10
GME,26.93,2024-12-20,10,Put,26.5,1.83,2,2,1482,814,1.82,-0.427932,2024-12-10
GME,26.93,2024-12-20,10,Put,24,0.67,0.75,0.75,6407,4897,1.31,-0.235875,2024-12-10
GME,26.93,2024-12-13,3,Put,26.5,1.47,1.55,1.55,3690,1417,2.6,-0.428545,2024-12-10
GME,26.93,2024-12-13,3,Put,28,2.34,2.45,2.5,5861,3038,1.93,-0.556886,2024-12-10
GME,26.93,2024-12-13,3,Put,25.5,0.96,1,1.05,2046,1089,1.88,-0.333538,2024-12-10
GME,26.93,2024-12-20,10,Call,34.5,0.74,0.92,0.87,1215,162,7.5,0.218039,2024-12-10
GME,26.93,2024-12-13,3,Put,27,1.77,1.8,1.82,5345,3728,1.43,-0.473553,2024-12-10
GME,26.93,2024-12-13,3,Put,22,0.16,0.19,0.19,3585,1555,2.31,-0.08922,2024-12-10
GME,26.93,2024-12-13,3,Put,22.5,0.21,0.21,0.22,787,637,1.24,-0.102143,2024-12-10
GME,26.93,2025-01-17,38,Put,28,4.1,4.12,4.3,1539,1085,1.42,-0.481223,2024-12-10
GME,26.93,2024-12-20,10,Put,30,3.85,4.23,4.55,1148,654,1.76,-0.657419,2024-12-10
GME,26.93,2024-12-13,3,Put,20.5,0.09,0.11,0.11,693,169,4.1,-0.051388,2024-12-10
GME,26.93,2024-12-20,10,Put,24.5,0.76,0.9,0.98,667,186,3.59,-0.27116,2024-12-10
GME,26.93,2024-12-13,3,Call,27,1.72,1.75,1.78,3374,1335,2.53,0.52657,2024-12-10
GME,26.93,2024-12-13,3,Call,27.5,1.55,1.58,1.58,3704,998,3.71,0.484835,2024-12-10
GME,26.93,2024-12-13,3,Call,26.5,1.85,1.97,1.97,733,279,2.63,0.571129,2024-12-10
GME,26.93,2024-12-13,3,Put,27.5,2.09,2.12,2.21,2551,1092,2.34,-0.516247,2024-12-10
GME,26.93,2024-12-20,10,Put,27.5,2.44,2.5,2.68,776,256,3.03,-0.500381,2024-12-10
GME,26.93,2024-12-13,3,Call,28,1.38,1.41,1.41,6534,4123,1.58,0.444872,2024-12-10
GME,26.93,2024-12-13,3,Put,23,0.29,0.3,0.3,4052,2030,2,-0.134389,2024-12-10
GME,26.93,2024-12-13,3,Put,21,0.1,0.11,0.11,1266,867,1.46,-0.055011,2024-12-10
GME,27.93,2024-12-13,4,Call,29,1.66,1.66,1.69,6161,3267,1.89,0.458685,2024-12-09
GME,27.93,2024-12-13,4,Call,29.5,1.45,1.57,1.6,2505,1629,1.54,0.429759,2024-12-09
GME,27.93,2024-12-13,4,Put,28.5,2.28,2.35,2.43,1242,630,1.97,-0.507631,2024-12-09
GME,27.93,2025-01-17,39,Put,21,0.49,0.55,0.55,1944,1026,1.89,-0.124095,2024-12-09
GME,27.93,2024-12-13,4,Put,23.5,0.22,0.26,0.26,1480,746,1.98,-0.115605,2024-12-09
GME,29.06,2024-12-13,6,Put,28,1.46,1.62,1.7,2190,1581,1.39,-0.384612,2024-12-06
GME,29.06,2024-12-13,6,Put,27.5,1.11,1.4,1.45,815,253,3.22,-0.348043,2024-12-06
GME,29.06,2024-12-13,6,Call,29.5,2.14,2.19,2.2,1658,1135,1.46,0.511623,2024-12-06
GME,29.06,2025-01-24,48,Call,30,4.6,4.75,4.85,1516,207,7.32,0.557574,2024-12-06
GME,29.06,2025-01-03,27,Call,31,3.05,3.24,3.25,528,176,3,0.493655,2024-12-06
GME,29.06,2024-12-06,0,Call,28,0.96,1.01,1.34,9603,5311,1.81,0.74158,2024-12-06
GME,29.06,2024-12-13,6,Call,31.5,1.54,1.54,1.7,753,542,1.39,0.393369,2024-12-06
GME,29.06,2024-12-06,0,Call,28.5,0.52,0.56,0.61,8779,2257,3.89,0.999681,2024-12-06
GME,29.06,2024-12-13,6,Put,27,1,1.1,1.16,2568,1420,1.81,-0.306167,2024-12-06
GME,29.06,2024-12-13,6,Call,32.5,1.32,1.37,1.39,572,371,1.54,0.350057,2024-12-06
GME,29.06,2025-01-03,27,Call,58,0.93,1,1,822,182,4.52,0.153332,2024-12-06
GME,29.06,2024-12-13,6,Put,28.5,1.89,1.94,1.95,773,275,2.81,-0.421643,2024-12-06
GME,29.06,2024-12-13,6,Call,29,2.3,2.36,2.36,3932,1838,2.14,0.54374,2024-12-06
GME,29.06,2024-12-27,20,Call,35,1.95,1.98,2.11,1242,939,1.32,0.352703,2024-12-06
GME,28.63,2024-12-06,1,Call,33.5,0.09,0.24,0.3,504,330,1.53,0.132521,2024-12-05
GME,28.63,2024-12-13,8,Call,33,1.29,1.29,1.4,2467,1586,1.56,0.321715,2024-12-05
GME,28.63,2024-12-13,8,Put,25,0.51,0.59,0.61,4321,2624,1.65,-0.19464,2024-12-05
GME,28.63,2024-12-13,8,Call,38,0.8,0.9,0.88,563,340,1.66,0.20435,2024-12-05
GME,28.63,2024-12-27,22,Call,58,0.67,0.8,0.95,615,365,1.68,0.132444,2024-12-05
GME,28.63,2024-12-13,8,Call,32.5,1.37,1.42,1.44,561,324,1.73,0.344954,2024-12-05
GME,28.63,2024-12-06,1,Call,26,2.24,2.65,2.75,2586,1466,1.76,0.966492,2024-12-05
GME,28.63,2024-12-13,8,Call,35,1.09,1.09,1.1,9841,5199,1.89,0.266804,2024-12-05
GME,28.63,2024-12-06,1,Put,27,0.17,0.18,0.18,7305,3637,2.01,-0.174661,2024-12-05
GME,28.63,2024-12-06,1,Call,32.5,0.28,0.28,0.3,1923,934,2.06,0.161635,2024-12-05
GME,28.63,2024-12-13,8,Call,29,2.12,2.3,2.3,2679,1253,2.14,0.518855,2024-12-05
GME,28.63,2024-12-06,1,Call,34.5,0.2,0.18,0.29,1215,567,2.14,0.122407,2024-12-05
GME,28.63,2024-12-13,8,Call,31,1.7,1.75,1.75,3565,1659,2.15,0.411422,2024-12-05
GME,28.63,2025-01-03,29,Call,28,3.65,3.83,4,584,271,2.15,0.587752,2024-12-05
GME,28.63,2024-12-13,8,Call,58,0.3,0.32,0.34,6559,2961,2.22,0.070212,2024-12-05
GME,28.63,2024-12-13,8,Call,27,2.85,2.96,3.1,2463,1107,2.22,0.658211,2024-12-05
GME,28.63,2024-12-27,22,Put,26,1.38,1.65,1.98,770,343,2.24,-0.30629,2024-12-05
GME,28.63,2024-12-06,1,Call,29,0.77,0.79,0.8,15730,6667,2.36,0.455629,2024-12-05
GME,28.63,2024-12-06,1,Put,28,0.46,0.53,0.58,6673,2731,2.44,-0.364151,2024-12-05
GME,28.63,2024-12-06,1,Call,33,0.26,0.28,0.27,4712,1809,2.6,0.147963,2024-12-05
GME,28.63,2024-12-06,1,Put,27.5,0.3,0.32,0.37,3757,1446,2.6,-0.263897,2024-12-05
GME,28.63,2024-12-06,1,Call,35,0.19,0.2,0.2,21740,8152,2.67,0.103567,2024-12-05
GME,28.63,2024-12-06,1,Call,27,1.6,1.8,1.85,10678,3994,2.67,0.829787,2024-12-05
GME,28.63,2024-12-06,1,Call,31.5,0.32,0.39,0.38,4494,1660,2.71,0.207608,2024-12-05
GME,28.63,2024-12-06,1,Call,32,0.3,0.32,0.34,11524,4190,2.75,0.185006,2024-12-05
GME,28.63,2024-12-06,1,Call,28,1.1,1.15,1.2,21888,7329,2.99,0.637051,2024-12-05
GME,28.63,2024-12-06,1,Put,28.5,0.76,0.76,0.84,1817,599,3.03,-0.460546,2024-12-05
GME,28.63,2024-12-13,8,Call,30.5,1.78,1.7,2,1431,465,3.08,0.43697,2024-12-05
GME,28.63,2024-12-06,1,Call,28.5,0.88,0.95,1,6463,2084,3.1,0.53869,2024-12-05
GME,28.63,2024-12-06,1,Call,36,0.18,0.17,0.2,2276,711,3.2,0.093,2024-12-05
GME,28.63,2024-12-06,1,Call,29.5,0.66,0.66,0.78,8465,2613,3.24,0.385946,2024-12-05
GME,28.63,2024-12-06,1,Call,30,0.54,0.52,0.55,60220,18110,3.33,0.325795,2024-12-05
GME,28.63,2024-12-13,8,Call,30,1.91,1.91,2,20114,5927,3.39,0.457165,2024-12-05
GME,28.63,2024-12-06,1,Call,27.5,1.38,1.44,1.54,8314,2442,3.4,0.738829,2024-12-05
GME,28.63,2024-12-06,1,Call,30.5,0.46,0.49,0.5,6295,1808,3.48,0.284166,2024-12-05
GME,28.63,2024-12-06,1,Put,29,1.01,1.18,1.24,7771,2216,3.51,-0.542686,2024-12-05
GME,28.63,2025-06-20,197,Put,18,1.33,2,2.03,972,260,3.74,-0.14783,2024-12-05
GME,28.63,2024-12-06,1,Call,31,0.39,0.4,0.42,10773,2745,3.92,0.23908,2024-12-05
GME,28.63,2024-12-06,1,Put,26.5,0.09,0.1,0.1,5305,1351,3.93,-0.109216,2024-12-05
GME,28.63,2024-12-13,8,Call,29.5,1.96,2.12,2.17,1754,397,4.42,0.488524,2024-12-05
GME,28.63,2025-01-10,36,Call,30,3.6,3.6,3.9,650,125,5.2,0.51992,2024-12-05
GME,28.63,2024-12-06,1,Call,26.5,1.96,2.13,2.53,2955,542,5.45,0.999868,2024-12-05
GME,28.63,2024-12-13,8,Call,34,1.1,1.2,1.22,2655,480,5.53,0.294035,2024-12-05
GME,28.63,2024-12-06,1,Put,29.5,1.33,1.48,1.67,1724,262,6.58,-0.62174,2024-12-05
GME,28.63,2025-01-17,43,Call,41,2.16,2.47,2.59,3781,439,8.61,0.328024,2024-12-05
GME,27.03,2024-12-13,9,Put,23.5,0.33,0.36,0.4,537,145,3.7,-0.157441,2024-12-04
GME,27.03,2024-12-13,9,Put,27,1.86,1.94,2.03,979,719,1.36,-0.461304,2024-12-04
GME,27.03,2024-12-06,2,Call,27,0.63,0.66,0.67,5522,4010,1.38,0.518946,2024-12-04
GME,27.03,2024-12-06,2,Call,27.5,0.33,0.48,0.49,3623,1712,2.12,0.404853,2024-12-04
GME,27.03,2024-12-13,9,Put,24.5,0.56,0.68,0.73,611,243,2.51,-0.244093,2024-12-04
GME,27.44,2024-12-13,10,Call,28.5,1.65,1.63,1.83,601,373,1.61,0.46375,2024-12-03
GME,27.44,2024-12-06,3,Call,27.5,0.72,0.73,0.77,1736,1364,1.27,0.5008,2024-12-03
GME,27.44,2024-12-06,3,Call,27,0.9,0.94,0.99,4244,3234,1.31,0.610964,2024-12-03
GME,27.44,2024-12-13,10,Call,32,0.91,0.93,0.99,3133,1985,1.58,0.277641,2024-12-03
GME,27.44,2024-12-13,10,Call,27,2.11,2.19,2.33,1200,728,1.65,0.570316,2024-12-03
GME,27.27,2024-12-13,11,Call,29,1.78,1.82,1.91,789,537,1.47,0.439837,2024-12-02
GME,27.27,2024-12-06,4,Call,36,0.17,0.2,0.2,736,520,1.42,0.088868,2024-12-02
GME,27.27,2024-12-13,11,Put,24,0.46,0.57,0.62,1062,740,1.44,-0.201756,2024-12-02
GME,27.27,2024-12-06,4,Call,32,0.32,0.35,0.35,6586,4584,1.44,0.167666,2024-12-02
GME,27.27,2024-12-06,4,Put,28,1.5,1.59,1.72,3460,2336,1.48,-0.575717,2024-12-02
GME,27.27,2024-12-06,4,Call,40,0.12,0.12,0.13,16072,10873,1.48,0.051522,2024-12-02
GME,27.27,2024-12-06,4,Put,25,0.16,0.17,0.17,3180,2030,1.57,-0.140446,2024-12-02
GME,27.27,2024-12-06,4,Call,30.5,0.44,0.48,0.52,2147,1366,1.57,0.231522,2024-12-02
GME,27.27,2024-12-06,4,Call,31,0.4,0.4,0.42,4257,2659,1.6,0.199603,2024-12-02
GME,27.27,2024-12-06,4,Call,30,0.51,0.53,0.55,24103,14764,1.63,0.258018,2024-12-02
GME,27.27,2024-12-06,4,Put,26,0.29,0.46,0.47,2874,1686,1.7,-0.284297,2024-12-02
GME,27.27,2024-12-06,4,Put,25.5,0.2,0.27,0.3,1162,654,1.78,-0.20134,2024-12-02
GME,27.27,2024-12-27,25,Call,25,3.7,3.88,4.05,687,359,1.91,0.679073,2024-12-02
GME,27.27,2024-12-06,4,Call,29,0.66,0.7,0.8,7318,3719,1.97,0.332975,2024-12-02
GME,27.27,2024-12-06,4,Call,26,1.55,1.75,1.84,2192,1005,2.18,0.711057,2024-12-02
GME,27.27,2024-12-06,4,Call,27,1.15,1.22,1.35,5671,2463,2.3,0.558882,2024-12-02
GME,27.27,2024-12-06,4,Put,27,0.83,0.94,0.98,4693,1864,2.52,-0.440441,2024-12-02
GME,27.27,2024-12-06,4,Call,28.5,0.73,0.78,0.8,2289,826,2.77,0.375122,2024-12-02
GME,27.27,2024-12-06,4,Call,28,0.85,0.9,0.97,8949,2387,3.75,0.427947,2024-12-02
GME,27.27,2024-12-06,4,Call,27.5,0.96,1.05,1.18,1799,397,4.53,0.489255,2024-12-02
GME,27.27,2025-04-17,136,Call,31,6,6.05,6.05,622,131,4.75,0.554504,2024-12-02
GME,27.27,2024-12-06,4,Put,27.5,1.17,1.26,1.35,1969,397,4.96,-0.5113,2024-12-02
GME,27.27,2024-12-06,4,Put,26.5,0.63,0.65,0.71,2362,340,6.95,-0.360637,2024-12-02
GME,27.27,2024-12-27,25,Call,55,0.57,0.65,0.75,1047,149,7.03,0.119353,2024-12-02
GME,29.05,2024-12-20,20,Put,25.5,1.12,1.18,1.35,516,180,2.87,-0.252005,2024-11-29
GME,29.05,2024-12-06,6,Put,27.5,0.72,0.78,0.85,686,217,3.16,-0.309383,2024-11-29
GME,29.05,2025-01-17,48,Call,32,3.8,4,4.25,1166,942,1.24,0.499129,2024-11-29
GME,29.05,2024-12-06,6,Call,31.5,1,1.03,1.05,750,603,1.24,0.344844,2024-11-29
GME,29.05,2024-12-06,6,Call,30,1.32,1.35,1.4,11582,9274,1.25,0.445416,2024-11-29
GME,29.05,2024-12-13,13,Put,30,3.45,3.5,3.6,573,174,3.29,-0.498739,2024-11-29
GME,29.05,2024-11-29,0,Put,29.5,0.33,0.46,0.65,6832,1636,4.18,-0.92822,2024-11-29
GME,29.05,2024-12-06,6,Put,30,2.25,2.3,2.37,1839,1464,1.26,-0.554016,2024-11-29
GME,29.05,2024-12-06,6,Call,34,0.53,0.65,0.68,1226,929,1.32,0.226305,2024-11-29
GME,29.05,2024-12-06,6,Call,36,0.32,0.51,0.53,670,509,1.32,0.173743,2024-11-29
GME,29.05,2024-11-29,0,Call,27,1.84,2.05,2.17,1521,1135,1.34,0.875498,2024-11-29
GME,29.05,2024-12-06,6,Call,33,0.76,0.79,0.79,2101,1505,1.4,0.269014,2024-11-29
GME,29.05,2024-12-13,13,Call,58,0.48,0.5,0.52,556,393,1.41,0.096261,2024-11-29
GME,29.05,2024-12-06,6,Put,25.5,0.14,0.18,0.2,507,354,1.43,-0.109909,2024-11-29
GME,29.05,2024-12-13,13,Call,45,0.82,0.84,0.84,690,474,1.46,0.167911,2024-11-29
GME,29.05,2024-12-06,6,Call,31,1.06,1.13,1.16,2640,1772,1.49,0.375521,2024-11-29
GME,29.05,2024-11-29,0,Put,29,0.01,0.1,0.1,7068,4495,1.57,-0.43406,2024-11-29
GME,29.05,2024-12-06,6,Call,32,0.9,0.9,0.96,4513,2867,1.57,0.311649,2024-11-29
GME,29.05,2025-04-17,138,Put,19,1.23,1.32,1.37,690,403,1.71,-0.136853,2024-11-29
GME,29.05,2024-11-29,0,Put,30.5,1.22,1.45,1.6,1499,840,1.78,-0.815854,2024-11-29
GME,29.05,2024-12-06,6,Call,29,1.65,1.72,1.75,3115,1575,1.98,0.533361,2024-11-29
GME,29.05,2024-11-29,0,Put,30,0.8,0.95,1.05,7205,3465,2.08,-0.816769,2024-11-29
GME,29.05,2024-12-06,6,Call,30.5,1.17,1.2,1.31,1362,634,2.15,0.405727,2024-11-29
GME,29.05,2024-12-06,6,Put,27,0.47,0.53,0.6,1717,793,2.17,-0.247021,2024-11-29
GME,29.05,2024-12-13,13,Call,32,2.07,2.14,2.24,1509,585,2.58,0.41907,2024-11-29
GME,30.89,2024-12-06,9,Call,31,1.98,2.05,2.08,1682,1257,1.34,0.525175,2024-11-28
GME,30.89,2024-12-06,9,Call,31.5,1.85,1.88,1.97,516,381,1.35,0.489713,2024-11-28
GME,30.89,2024-11-29,2,Put,30.5,0.32,0.38,0.39,1107,685,1.62,-0.380631,2024-11-28
GME,30.89,2024-12-06,9,Call,58,0.22,0.24,0.24,2950,1725,1.71,0.057563,2024-11-28
GME,30.89,2024-11-29,2,Call,33,0.13,0.15,0.15,6107,3490,1.75,0.153032,2024-11-28
GME,30.89,2025-06-20,205,Call,70,5,5.5,5.7,594,340,1.75,0.391016,2024-11-28
GME,30.89,2024-11-29,2,Call,34,0.1,0.11,0.11,3139,1752,1.79,0.103919,2024-11-28
GME,30.89,2024-11-29,2,Call,33.5,0.11,0.13,0.13,1223,627,1.95,0.12639,2024-11-28
GME,30.89,2024-11-29,2,Call,30.5,0.7,0.75,0.77,4558,2082,2.19,0.622949,2024-11-28
GME,30.89,2024-12-06,9,Call,39,0.7,0.8,0.87,748,335,2.23,0.207225,2024-11-28
GME,30.89,2024-12-06,9,Put,30,1.42,1.53,1.58,1343,596,2.25,-0.396158,2024-11-28
GME,30.89,2024-11-29,2,Call,31.5,0.35,0.37,0.41,6701,2833,2.37,0.358582,2024-11-28
GME,30.89,2024-11-29,2,Call,31,0.51,0.52,0.56,11798,4865,2.43,0.478567,2024-11-28
GME,30.89,2024-12-06,9,Put,28,0.5,0.56,0.61,1791,680,2.63,-0.2162,2024-11-28
GME,30.89,2024-11-29,2,Put,31,0.6,0.63,0.69,3739,1388,2.69,-0.521244,2024-11-28
GME,30.89,2024-11-29,2,Call,32,0.25,0.26,0.26,17988,6535,2.75,0.26446,2024-11-28
GME,30.89,2024-11-29,2,Put,30,0.17,0.18,0.2,5296,1633,3.24,-0.234608,2024-11-28
GME,30.89,2024-12-06,9,Put,29,0.9,0.95,1,1595,197,8.1,-0.305839,2024-11-28
GME,30.89,2024-11-29,2,Call,31.5,0.35,0.37,0.41,6701,2833,2.37,0.358582,2024-11-27
GME,30.89,2024-12-06,9,Call,31,1.98,2.05,2.08,1682,1257,1.34,0.525175,2024-11-27
GME,30.89,2024-12-06,9,Call,31.5,1.85,1.88,1.97,516,381,1.35,0.489713,2024-11-27
GME,30.89,2024-11-29,2,Put,30.5,0.32,0.38,0.39,1107,685,1.62,-0.380631,2024-11-27
GME,30.89,2024-12-06,9,Call,58,0.22,0.24,0.24,2950,1725,1.71,0.057563,2024-11-27
GME,30.89,2024-11-29,2,Call,33,0.13,0.15,0.15,6107,3490,1.75,0.153032,2024-11-27
GME,30.89,2025-06-20,205,Call,70,5,5.5,5.7,594,340,1.75,0.391016,2024-11-27
GME,30.89,2024-11-29,2,Call,34,0.1,0.11,0.11,3139,1752,1.79,0.103919,2024-11-27
GME,30.89,2024-11-29,2,Call,33.5,0.11,0.13,0.13,1223,627,1.95,0.12639,2024-11-27
GME,30.89,2024-11-29,2,Call,30.5,0.7,0.75,0.77,4558,2082,2.19,0.622949,2024-11-27
GME,30.89,2024-12-06,9,Call,39,0.7,0.8,0.87,748,335,2.23,0.207225,2024-11-27
GME,30.89,2024-12-06,9,Put,30,1.42,1.53,1.58,1343,596,2.25,-0.396158,2024-11-27
GME,30.89,2024-11-29,2,Call,32,0.25,0.26,0.26,17988,6535,2.75,0.26446,2024-11-27
GME,30.89,2024-12-06,9,Put,29,0.9,0.95,1,1595,197,8.1,-0.305839,2024-11-27
GME,30.89,2024-11-29,2,Call,31,0.51,0.52,0.56,11798,4865,2.43,0.478567,2024-11-27
GME,30.89,2024-12-06,9,Put,28,0.5,0.56,0.61,1791,680,2.63,-0.2162,2024-11-27
GME,30.89,2024-11-29,2,Put,31,0.6,0.63,0.69,3739,1388,2.69,-0.521244,2024-11-27
GME,30.89,2024-11-29,2,Put,30,0.17,0.18,0.2,5296,1633,3.24,-0.234608,2024-11-27
GME,30.33,2024-12-20,24,Call,45,1.87,1.97,2.09,2377,1302,1.83,0.276527,2024-11-26
GME,30.33,2024-12-06,10,Put,28,1,1.04,1.12,682,340,2.01,-0.290373,2024-11-26
GME,30.33,2024-11-29,3,Call,40,0.21,0.21,0.23,20591,16668,1.24,0.085737,2024-11-26
GME,30.33,2024-12-06,10,Call,55,0.46,0.46,0.5,2744,2192,1.25,0.095286,2024-11-26
GME,30.33,2024-11-29,3,Call,34.5,0.36,0.4,0.44,818,645,1.27,0.188503,2024-11-26
GME,30.33,2024-12-06,10,Call,50,0.5,0.6,0.6,3853,2754,1.4,0.124294,2024-11-26
GME,30.33,2024-11-29,3,Call,29.5,1.32,1.36,1.53,2847,1852,1.54,0.659298,2024-11-26
GME,30.33,2024-12-06,10,Put,27,0.55,0.65,0.71,592,368,1.61,-0.213184,2024-11-26
GME,30.33,2024-11-29,3,Call,39,0.22,0.22,0.25,1898,1002,1.89,0.093411,2024-11-26
GME,30.33,2024-11-29,3,Call,36,0.3,0.3,0.34,1917,753,2.55,0.139586,2024-11-26
GME,30.33,2024-12-06,10,Put,26,0.28,0.36,0.43,1379,562,2.45,-0.140724,2024-11-26
GME,30.33,2024-11-29,3,Call,32.5,0.55,0.58,0.64,3176,1086,2.92,0.287996,2024-11-26
GME,30.33,2024-12-06,10,Put,30,2.11,2.23,2.35,1107,379,2.92,-0.438277,2024-11-26
GME,30.33,2024-11-29,3,Call,34,0.42,0.42,0.49,2759,897,3.08,0.204116,2024-11-26
GME,30.33,2024-11-29,3,Call,33.5,0.44,0.53,0.5,1137,364,3.12,0.228922,2024-11-26
GME,30.33,2024-11-29,3,Call,33,0.51,0.51,0.53,6861,1992,3.44,0.253749,2024-11-26
GME,30.33,2024-11-29,3,Put,28.5,0.21,0.25,0.25,2305,640,3.6,-0.192402,2024-11-26
GME,30.33,2024-12-06,10,Call,30.5,2.25,2.34,2.43,765,205,3.73,0.528123,2024-11-26
GME,30.33,2024-12-06,10,Call,31,2.13,2.21,2.26,2064,536,3.85,0.498723,2024-11-26
GME,30.33,2024-12-06,10,Call,31.5,1.96,2.05,2.14,779,193,4.04,0.469864,2024-11-26
GME,30.33,2024-11-29,3,Put,28,0.11,0.13,0.16,4079,952,4.28,-0.12026,2024-11-26
GME,30.33,2025-01-17,52,Call,46,3.3,3.62,3.6,726,153,4.75,0.361364,2024-11-26
GME,30.33,2024-11-29,3,Call,30.5,0.97,1,1.14,6945,1408,4.93,0.4926,2024-11-26
GME,30.33,2024-12-06,10,Call,32,1.9,1.95,2.06,4783,934,5.12,0.445051,2024-11-26
GME,30.33,2024-11-29,3,Put,29,0.34,0.41,0.42,7471,1349,5.54,-0.270468,2024-11-26
GME,30.33,2024-11-29,3,Call,32,0.65,0.65,0.74,24132,3983,6.06,0.325792,2024-11-26
GME,30.33,2024-11-29,3,Call,31,0.81,0.86,0.86,18479,3021,6.12,0.427666,2024-11-26
GME,30.33,2024-11-29,3,Call,31.5,0.7,0.78,0.84,6180,797,7.75,0.377256,2024-11-26
GME,30.33,2024-11-29,3,Put,30,0.84,0.84,0.88,7268,618,11.76,-0.431081,2024-11-26
GME,30.33,2024-11-29,3,Put,29.5,0.53,0.65,0.62,1918,145,13.23,-0.346636,2024-11-26
GME,30.33,2024-11-29,3,Call,35.5,0.3,0.35,0.41,839,324,2.59,0.159264,2024-11-26
GME,30.33,2024-11-29,3,Call,35,0.36,0.36,0.39,24253,9104,2.66,0.169426,2024-11-26
GME,30.33,2024-12-06,10,Call,32.5,1.69,1.81,2,635,235,2.7,0.419304,2024-11-26
GME,30.33,2024-12-06,10,Call,34,1.5,1.5,1.65,897,327,2.74,0.354191,2024-11-26
GME,30.33,2024-11-29,3,Call,38,0.23,0.25,0.26,830,289,2.87,0.107809,2024-11-26
GME,29.67,2024-11-29,4,Call,33,0.59,0.61,0.62,1825,1170,1.56,0.253912,2024-11-25
GME,29.67,2024-12-06,11,Call,55,0.5,0.55,0.57,1929,1190,1.62,0.107244,2024-11-25
GME,29.67,2024-11-29,4,Call,28.5,1.68,1.8,1.89,3433,2102,1.63,0.678526,2024-11-25
GME,29.67,2024-11-29,4,Call,36,0.2,0.39,0.4,687,241,2.85,0.154921,2024-11-25
GME,29.67,2024-11-29,4,Call,31,0.89,0.95,1,3249,1673,1.94,0.387592,2024-11-25
GME,29.67,2024-11-29,4,Put,26.5,0.09,0.1,0.13,1646,698,2.36,-0.084087,2024-11-25
GME,29.67,2024-12-20,25,Call,55,1.29,1.42,1.49,814,319,2.55,0.197897,2024-11-25
GME,29.67,2024-11-29,4,Call,29,1.5,1.56,1.6,10280,3830,2.68,0.607739,2024-11-25
GME,29.67,2024-12-13,18,Call,29,3.6,3.53,4,816,299,2.73,0.58785,2024-11-25
GME,29.67,2024-11-29,4,Call,30.5,1,1.04,1.14,1758,627,2.8,0.430451,2024-11-25
GME,29.67,2024-11-29,4,Call,32,0.7,0.73,0.76,4949,1734,2.85,0.308252,2024-11-25
GME,29.67,2024-12-06,11,Call,38,1,1.12,1.19,951,281,3.38,0.246234,2024-11-25
GME,29.67,2024-11-29,4,Put,28,0.3,0.4,0.44,1872,497,3.77,-0.243889,2024-11-25
GME,29.67,2024-12-20,25,Call,38,2.35,2.39,2.6,677,107,6.33,0.35145,2024-11-25
GME,29.67,2024-11-29,4,Put,28.5,0.57,0.62,0.64,1013,154,6.58,-0.319563,2024-11-25
GME,29.67,2024-11-29,4,Put,29,0.84,0.91,0.91,1920,271,7.08,-0.392869,2024-11-25
GME,29.67,2024-11-29,4,Call,29.5,1.18,1.05,1.44,7323,1008,7.26,0.542334,2024-11-25
GME,29.67,2024-11-29,4,Call,34,0.44,0.53,0.55,934,505,1.85,0.214861,2024-11-25
GME,29.67,2024-12-20,25,Call,33,3.2,3.39,3.6,672,349,1.93,0.469316,2024-11-25
GME,27.9,2024-11-29,6,Call,28.5,1.17,1.21,1.25,1917,1301,1.47,0.461998,2024-11-22
GME,27.9,2024-11-29,6,Call,34,0.48,0.51,0.51,508,344,1.48,0.18445,2024-11-22
GME,27.9,2024-11-22,0,Put,28,0.05,0.1,0.11,3186,1527,2.09,-0.830364,2024-11-22
GME,27.9,2024-11-29,6,Call,31.5,0.65,0.7,0.73,614,119,5.16,0.264183,2024-11-22
GME,27.9,2024-11-29,6,Call,30.5,0.74,0.85,0.85,574,370,1.55,0.317515,2024-11-22
GME,27.9,2024-12-06,13,Call,35,1.04,1.1,1.1,3603,2174,1.66,0.259743,2024-11-22
GME,27.9,2024-11-29,6,Call,55,0.15,0.16,0.16,6935,3886,1.78,0.044049,2024-11-22
GME,27.82,2024-11-29,8,Put,27,1.01,1.05,1.1,1192,706,1.69,-0.38404,2024-11-21
GME,27.82,2024-11-22,1,Call,28.5,0.28,0.3,0.33,7999,3180,2.52,0.328383,2024-11-21
GME,27.82,2024-11-29,8,Put,27.5,1.31,1.39,1.4,677,207,3.27,-0.439314,2024-11-21
GME,27.82,2024-11-29,8,Call,29,1.22,1.21,1.33,3406,1514,2.25,0.427636,2024-11-21
GME,27.82,2024-11-22,1,Call,31.5,0.07,0.1,0.1,1001,533,1.88,0.089739,2024-11-21
GME,27.82,2024-11-29,8,Call,55,0.2,0.2,0.21,3992,1581,2.52,0.051951,2024-11-21
GME,28.45,2024-11-22,2,Call,29.5,0.53,0.54,0.55,5406,872,6.2,0.349382,2024-11-20
GME,28.45,2024-11-22,2,Put,26.5,0.11,0.12,0.14,1622,1215,1.33,-0.12783,2024-11-20
GME,28.45,2024-11-29,9,Call,28,1.95,1.95,2.03,3655,2716,1.35,0.570828,2024-11-20
GME,28.45,2024-11-29,9,Call,29.5,1.4,1.5,1.7,569,421,1.35,0.449513,2024-11-20
GME,28.45,2024-11-22,2,Call,27,1.5,1.65,1.7,13707,9350,1.47,0.80445,2024-11-20
GME,28.45,2024-11-29,9,Put,24,0.1,0.11,0.13,1161,741,1.57,-0.06957,2024-11-20
GME,28.45,2024-11-22,2,Call,33,0.15,0.25,0.3,2425,1481,1.64,0.140386,2024-11-20
GME,28.45,2024-12-06,16,Call,35,1.45,1.64,1.62,2792,1597,1.75,0.30987,2024-11-20
GME,28.45,2024-11-29,9,Call,32,1.01,1.09,1.16,1314,745,1.76,0.318936,2024-11-20
GME,28.45,2024-11-29,9,Call,30,1.4,1.4,1.44,23276,12909,1.8,0.417559,2024-11-20
GME,28.45,2024-11-29,9,Call,28.5,1.63,1.61,1.89,1110,609,1.82,0.526116,2024-11-20
GME,28.45,2024-11-29,9,Call,35,0.76,0.77,0.78,5253,2866,1.83,0.22264,2024-11-20
GME,28.45,2024-11-22,2,Call,32,0.23,0.27,0.3,5020,2559,1.96,0.164997,2024-11-20
GME,28.45,2024-11-22,2,Call,30,0.44,0.44,0.46,52378,26567,1.97,0.290211,2024-11-20
GME,28.45,2024-11-22,2,Call,31,0.3,0.33,0.35,4395,2161,2.03,0.212047,2024-11-20
GME,28.45,2024-11-22,2,Call,32.5,0.09,0.28,0.28,825,372,2.22,0.15831,2024-11-20
GME,28.45,2024-11-22,2,Call,30.5,0.35,0.43,0.42,2226,990,2.25,0.248573,2024-11-20
GME,28.45,2024-11-29,9,Put,27,0.85,0.89,0.98,1054,467,2.26,-0.325546,2024-11-20
GME,28.45,2024-11-22,2,Call,28.5,0.79,0.8,0.83,6036,2589,2.33,0.504583,2024-11-20
GME,28.45,2024-11-29,9,Call,30.5,1.27,1.36,1.46,510,203,2.51,0.393233,2024-11-20
GME,28.45,2024-11-22,2,Call,28,0.98,1.02,1.03,21052,7368,2.86,0.604611,2024-11-20
GME,28.45,2024-11-29,9,Call,29,1.59,1.65,1.7,2313,766,3.02,0.486941,2024-11-20
GME,28.45,2024-11-29,9,Put,26,0.42,0.49,0.55,1330,398,3.34,-0.220685,2024-11-20
GME,28.45,2024-11-22,2,Call,31.5,0.28,0.35,0.35,891,262,3.4,0.202393,2024-11-20
GME,28.45,2024-11-22,2,Put,27,0.19,0.21,0.27,7190,1814,3.96,-0.199251,2024-11-20
GME,28.45,2024-11-22,2,Call,29,0.62,0.62,0.67,15472,3726,4.15,0.414672,2024-11-20
GME,28.45,2024-11-22,2,Call,34,0.11,0.24,0.24,4592,1080,4.25,0.124343,2024-11-20
GME,28.45,2024-11-22,2,Put,28,0.53,0.58,0.59,3630,579,6.27,-0.396078,2024-11-20
GME,28.45,2024-11-22,2,Put,27.5,0.32,0.35,0.39,2202,274,8.04,-0.290247,2024-11-20
GME,28.45,2024-11-22,2,Put,28.5,0.82,0.84,0.9,2305,106,21.75,-0.495516,2024-11-20
GME,27.57,2024-11-22,3,Put,26,0.18,0.17,0.19,3548,2386,1.49,-0.180222,2024-11-19
GME,27.57,2024-11-22,3,Call,29,0.51,0.53,0.53,3470,2366,1.47,0.319161,2024-11-19
GME,27.57,2025-06-20,213,Call,60,4.2,4.45,5.25,1542,1054,1.46,0.372987,2024-11-19
GME,27.57,2024-12-06,17,Call,20,7.5,7.4,7.95,992,186,5.33,0.939799,2024-11-19
GME,27.57,2024-11-22,3,Put,28,0.99,1.22,1.36,577,350,1.65,-0.55123,2024-11-19
GME,27.57,2024-11-29,10,Call,28.5,1.32,1.32,1.34,523,329,1.59,0.445878,2024-11-19
GME,27.57,2024-11-22,3,Put,25.5,0.1,0.1,0.11,1518,973,1.56,-0.111,2024-11-19
GME,27.57,2024-11-22,3,Put,27,0.54,0.55,0.56,2392,1534,1.56,-0.374579,2024-11-19
GME,26.44,2024-11-22,4,Call,34,0.18,0.19,0.24,665,398,1.67,0.09281,2024-11-18
GME,26.44,2024-11-22,4,Put,25.5,0.4,0.43,0.45,1005,633,1.59,-0.308954,2024-11-18
GME,26.44,2024-11-29,11,Call,22,4.3,4.56,4.65,1626,1053,1.54,0.923104,2024-11-18
GME,26.44,2025-04-17,150,Call,50,4.25,4.4,4.5,930,607,1.53,0.396463,2024-11-18
GME,26.44,2024-11-22,4,Call,26.5,0.89,0.94,1.01,2320,1518,1.53,0.50788,2024-11-18
GME,26.44,2024-12-20,32,Call,40,1.94,2.07,2.11,1722,1143,1.51,0.300004,2024-11-18
GME,26.44,2024-11-29,11,Call,35,0.45,0.49,0.56,2050,1356,1.51,0.157867,2024-11-18
GME,26.44,2024-11-22,4,Put,26,0.65,0.68,0.72,2433,1655,1.47,-0.404959,2024-11-18
GME,26.44,2024-11-22,4,Call,29,0.4,0.45,0.47,2076,1439,1.44,0.246135,2024-11-18
GME,26.44,2024-11-22,4,Call,26,1.1,1.1,1.24,3616,2515,1.44,0.595851,2024-11-18
GME,26.44,2024-12-13,25,Call,20,6.65,6.85,7,1198,104,11.52,0.883001,2024-11-18
GME,26.44,2024-11-29,11,Put,25,0.61,0.63,0.68,3418,461,7.41,-0.297821,2024-11-18
GME,26.44,2024-11-22,4,Put,27,1.31,1.35,1.4,3183,918,3.47,-0.565484,2024-11-18
GME,26.44,2024-11-22,4,Call,36,0.14,0.15,0.17,627,290,2.16,0.070271,2024-11-18
GME,26.44,2024-11-22,4,Put,26.5,0.94,1,1,1579,758,2.08,-0.491731,2024-11-18
GME,26.59,2024-11-22,6,Call,29,1.2,1.2,1.23,2237,1438,1.56,0.367613,2024-11-15
GME,26.59,2024-11-22,6,Call,50,0.3,0.3,0.32,10829,7818,1.39,0.075129,2024-11-15
GME,26.59,2024-11-22,6,Call,25.5,1.86,2.25,2.32,692,502,1.38,0.633408,2024-11-15
GME,26.59,2024-11-22,6,Call,22,4.35,4.8,4.85,1030,723,1.42,0.898837,2024-11-15
GME,26.59,2024-11-29,13,Call,50,0.56,0.62,0.65,2431,1673,1.45,0.123692,2024-11-15
GME,26.59,2024-11-15,0,Put,28,1.3,1.23,2.41,2017,1314,1.54,-0.698276,2024-11-15
GME,26.59,2024-11-29,13,Put,23,0.48,0.54,0.54,1624,1010,1.61,-0.18685,2024-11-15
GME,26.59,2024-12-06,20,Call,50,1.05,1.15,1.22,721,446,1.62,0.184209,2024-11-15
GME,26.59,2024-12-20,34,Call,35,3.25,3.3,3.35,656,391,1.68,0.412151,2024-11-15
GME,26.59,2024-11-22,6,Put,27,1.94,1.94,2.07,1007,565,1.78,-0.50536,2024-11-15
GME,26.59,2024-11-22,6,Put,25.5,0.98,0.99,1.04,553,288,1.92,-0.357081,2024-11-15
GME,26.59,2024-11-22,6,Call,31,0.85,0.95,0.98,1007,511,1.97,0.284549,2024-11-15
GME,26.59,2024-11-22,6,Call,34,0.65,0.65,0.73,550,272,2.02,0.196344,2024-11-15
GME,26.59,2024-11-22,6,Call,28,1.4,1.41,1.41,7279,3591,2.03,0.427444,2024-11-15
GME,26.59,2024-11-22,6,Call,28.5,1.22,1.35,1.35,2302,1135,2.03,0.400536,2024-11-15
GME,26.59,2024-11-22,6,Put,28,2.72,2.6,2.84,558,257,2.17,-0.574977,2024-11-15
GME,26.59,2024-11-22,6,Call,30.5,0.95,1.04,1.04,850,386,2.2,0.306826,2024-11-15
GME,26.59,2024-11-22,6,Put,26,1.28,1.28,1.4,1571,570,2.76,-0.41082,2024-11-15
GME,26.59,2024-11-22,6,Call,27,1.58,1.67,1.67,6694,2415,2.77,0.499504,2024-11-15
GME,26.59,2024-11-15,0,Put,27.5,0.76,0.87,0.99,1883,578,3.26,-0.832947,2024-11-15
GME,26.59,2024-11-22,6,Put,26.5,1.54,1.6,1.69,1012,281,3.6,-0.460278,2024-11-15
GME,26.59,2024-11-15,0,Put,27,0.38,0.39,0.45,9218,1564,5.89,-0.826853,2024-11-15
GME,27.37,2024-11-15,1,Call,28.5,0.34,0.36,0.39,5793,1587,3.65,0.299228,2024-11-14
GME,27.37,2024-11-15,1,Put,28,1.05,1.09,1.29,1938,477,4.06,-0.621761,2024-11-14
GME,27.37,2024-11-15,1,Put,27,0.4,0.49,0.5,3920,922,4.25,-0.39958,2024-11-14
GME,27.37,2024-11-15,1,Put,27.5,0.72,0.74,0.88,1475,263,5.61,-0.518502,2024-11-14
GME,27.37,2024-11-15,1,Call,27,0.81,0.81,0.85,15856,8224,1.93,0.606648,2024-11-14
GME,27.37,2024-11-15,1,Call,28,0.45,0.45,0.46,19848,9131,2.17,0.376081,2024-11-14
GME,27.37,2024-11-15,1,Put,26,0.15,0.16,0.17,3951,1793,2.2,-0.180485,2024-11-14
GME,27.37,2024-11-22,8,Put,27,1.8,1.83,1.87,534,238,2.24,-0.433836,2024-11-14
GME,27.37,2024-11-22,8,Call,29,1.6,1.68,1.75,1422,618,2.3,0.435101,2024-11-14
GME,27.37,2024-11-22,8,Call,26,2.5,2.58,2.61,3315,1355,2.45,0.649415,2024-11-14
GME,27.37,2024-11-22,8,Call,50,0.35,0.38,0.4,8245,2963,2.78,0.089082,2024-11-14
GME,27.37,2024-11-15,1,Call,27.5,0.56,0.56,0.62,6891,2373,2.9,0.478013,2024-11-14
GME,27.37,2025-01-17,64,Call,95,2.12,2.24,2.37,1528,247,6.19,0.21747,2024-11-14
GME,27.37,2024-11-15,1,Call,34,0.1,0.11,0.12,3916,1245,3.15,0.068839,2024-11-14
GME,27.37,2024-11-22,8,Call,49,0.39,0.41,0.43,504,153,3.29,0.095557,2024-11-14
GME,27.37,2024-12-06,22,Put,20,0.18,0.21,0.23,1258,381,3.3,-0.069023,2024-11-14
GME,26.46,2024-11-15,2,Call,29,0.46,0.46,0.49,4477,2795,1.6,0.2494,2024-11-13
GME,26.46,2024-11-15,2,Call,27.5,0.67,0.67,0.74,3906,2436,1.6,0.374073,2024-11-13
GME,26.46,2024-11-15,2,Put,26.5,0.95,1.02,1.02,1236,736,1.68,-0.487516,2024-11-13
GME,26.46,2024-11-15,2,Put,27,1.31,1.31,1.4,1852,1047,1.77,-0.565167,2024-11-13
GME,26.46,2024-11-15,2,Call,27,0.79,0.84,0.84,16329,8303,1.97,0.441482,2024-11-13
GME,26.46,2024-11-15,2,Call,28,0.62,0.62,0.64,16992,8271,2.05,0.330684,2024-11-13
GME,26.46,2025-01-17,65,Call,75,2.65,2.81,2.9,2566,1656,1.55,0.271938,2024-11-13
GME,26.46,2024-12-13,30,Call,50,2.22,2.4,2.36,502,323,1.55,0.278362,2024-11-13
GME,26.46,2024-11-15,2,Call,29,0.46,0.46,0.49,4477,2795,1.6,0.2494,2024-11-13
GME,26.46,2024-11-15,2,Call,27.5,0.67,0.67,0.74,3906,2436,1.6,0.374073,2024-11-13
GME,26.46,2024-11-15,2,Put,26.5,0.95,1.02,1.02,1236,736,1.68,-0.487516,2024-11-13
GME,26.46,2024-11-15,2,Put,27,1.31,1.31,1.4,1852,1047,1.77,-0.565167,2024-11-13
GME,26.46,2024-11-15,2,Call,28,0.62,0.62,0.64,16992,8271,2.05,0.330684,2024-11-13
GME,26.84,2024-11-29,17,Call,25.5,3,3.49,3.5,543,359,1.51,0.625976,2024-11-12
GME,26.84,2024-11-22,10,Put,25,1.12,1.17,1.23,810,543,1.49,-0.319128,2024-11-12
GME,26.84,2024-11-15,3,Call,39,0.25,0.25,0.29,734,502,1.46,0.088074,2024-11-12
GME,26.84,2024-11-22,10,Call,27,2.25,2.3,2.37,2343,1613,1.45,0.532762,2024-11-12
GME,26.84,2024-11-15,3,Call,33,0.42,0.44,0.5,1647,1148,1.43,0.17017,2024-11-12
GME,26.84,2024-11-15,3,Call,27.5,1.02,1,1.25,2794,1954,1.43,0.453554,2024-11-12
GME,26.84,2024-11-22,10,Call,28,2.02,2.05,2.14,1806,1284,1.41,0.475541,2024-11-12
GME,26.84,2024-11-15,3,Call,32,0.54,0.54,0.56,2349,1671,1.41,0.204611,2024-11-12
GME,26.84,2024-11-15,3,Call,28,0.98,1.01,1.01,8570,6914,1.24,0.407031,2024-11-12
GME,26.84,2024-12-06,24,Call,29,2.82,3.05,3.25,594,143,4.15,0.486804,2024-11-12
GME,26.84,2024-11-15,3,Call,26.5,1.34,1.36,1.45,5483,2175,2.52,0.567218,2024-11-12
GME,26.84,2024-11-22,10,Call,28.5,1.83,1.93,1.98,816,325,2.51,0.449685,2024-11-12
GME,26.84,2024-11-15,3,Call,25.5,1.75,1.85,1.9,2945,1346,2.19,0.711941,2024-11-12
GME,26.84,2024-11-15,3,Put,25.5,0.52,0.55,0.6,1039,518,2.01,-0.29398,2024-11-12
GME,26.84,2025-01-17,66,Call,40,4.4,4.4,4.45,20229,10130,2,0.432905,2024-11-12
GME,26.84,2024-12-20,38,Put,18,0.33,0.35,0.4,1731,912,1.9,-0.078924,2024-11-12
GME,26.84,2024-11-22,10,Put,24,0.64,0.7,0.77,809,454,1.78,-0.233535,2024-11-12
GME,26.84,2024-11-15,3,Put,26,0.75,0.85,0.85,2314,1381,1.68,-0.370066,2024-11-12
GME,26.84,2024-11-15,3,Call,27,1.2,1.2,1.3,14543,9337,1.56,0.503546,2024-11-12
GME,27.26,2024-11-15,4,Put,26,0.86,0.92,0.94,3638,107,34,-0.34015,2024-11-11
GME,27.26,2024-11-15,4,Call,31,0.9,0.96,0.99,3095,1725,1.79,0.299917,2024-11-11
GME,27.26,2024-11-22,11,Call,29,1.99,2.19,2.18,512,272,1.88,0.454502,2024-11-11
GME,27.26,2024-12-20,39,Call,27,4.65,4.75,4.9,1085,546,1.99,0.591104,2024-11-11
GME,27.26,2024-11-15,4,Call,39,0.37,0.46,0.47,567,278,2.04,0.132469,2024-11-11
GME,27.26,2024-11-15,4,Call,34,0.64,0.68,0.72,1241,564,2.2,0.207819,2024-11-11
GME,27.26,2024-11-15,4,Call,30,1.08,1.09,1.09,53389,23409,2.28,0.343865,2024-11-11
GME,27.26,2024-11-22,11,Put,25,1.04,1.14,1.15,613,263,2.33,-0.296816,2024-11-11
GME,27.26,2024-11-22,11,Put,23,0.38,0.39,0.42,641,274,2.34,-0.145826,2024-11-11
GME,27.26,2024-11-15,4,Call,40,0.37,0.4,0.44,16807,7186,2.34,0.117103,2024-11-11
GME,27.26,2024-11-22,11,Call,30,1.9,1.95,1.95,12653,5375,2.35,0.416154,2024-11-11
GME,27.26,2024-11-15,4,Call,41,0.34,0.33,0.43,517,202,2.56,0.110602,2024-11-11
GME,27.26,2024-11-22,11,Call,35,1.32,1.43,1.53,2733,1060,2.58,0.288458,2024-11-11
GME,27.26,2024-12-06,25,Call,28,3.25,3.32,3.5,521,195,2.67,0.53338,2024-11-11
GME,27.26,2024-11-15,4,Call,29,1.17,1.28,1.32,3645,1361,2.68,0.400939,2024-11-11
GME,27.26,2024-11-15,4,Call,32,0.84,0.86,0.88,2426,847,2.86,0.264952,2024-11-11
GME,27.26,2024-11-22,11,Call,27,2.55,2.6,2.72,2457,845,2.91,0.561156,2024-11-11
GME,27.26,2024-11-15,4,Call,36,0.54,0.64,0.63,1051,352,2.99,0.172762,2024-11-11
GME,27.26,2024-11-22,11,Call,40,1.13,1.13,1.15,11184,3681,3.04,0.218981,2024-11-11
GME,27.26,2024-12-20,39,Put,23,1.83,1.91,1.95,839,276,3.04,-0.258442,2024-11-11
GME,27.26,2024-12-27,46,Call,30,4.1,4.2,4.3,606,198,3.06,0.514937,2024-11-11
GME,27.26,2025-01-17,67,Call,38,3.7,3.9,4.15,586,189,3.1,0.421259,2024-11-11
GME,27.26,2024-11-15,4,Call,37,0.48,0.48,0.61,1053,324,3.25,0.147055,2024-11-11
GME,27.26,2024-11-22,11,Call,28,2.31,2.32,2.4,2422,685,3.54,0.503828,2024-11-11
GME,27.26,2024-11-15,4,Call,25.5,2.22,2.21,2.41,4212,1174,3.59,0.73302,2024-11-11
GME,27.26,2024-12-06,25,Call,35,2.3,2.33,2.44,1004,276,3.64,0.359613,2024-11-11
GME,27.26,2024-12-06,25,Call,27,3.45,3.75,3.75,541,148,3.66,0.576089,2024-11-11
GME,27.26,2024-11-22,11,Call,26.5,2.64,2.68,2.81,1814,449,4.04,0.593519,2024-11-11
GME,27.26,2024-12-27,46,Call,40,2.88,3.05,3.2,1075,247,4.35,0.365537,2024-11-11
GME,27.26,2024-11-15,4,Put,24,0.19,0.21,0.2,5635,1288,4.38,-0.120754,2024-11-11
GME,27.26,2024-11-15,4,Put,23.5,0.11,0.12,0.13,1962,415,4.73,-0.082685,2024-11-11
GME,27.26,2024-11-15,4,Call,27,1.68,1.73,1.82,26150,5486,4.77,0.554773,2024-11-11
GME,27.26,2024-11-15,4,Call,28,1.45,1.48,1.51,16705,3286,5.08,0.46841,2024-11-11
GME,27.26,2025-04-17,157,Call,40,5,5.1,5.2,2314,453,5.11,0.459922,2024-11-11
GME,27.26,2024-11-15,4,Call,38,0.48,0.5,0.5,808,131,6.17,0.144736,2024-11-11
GME,27.26,2024-11-15,4,Call,43,0.31,0.36,0.38,633,102,6.21,0.099839,2024-11-11
GME,27.26,2024-11-15,4,Call,27.5,1.55,1.55,1.7,4427,679,6.52,0.507248,2024-11-11
GME,27.26,2024-11-15,4,Call,26.5,1.83,1.83,2,6983,1038,6.73,0.609718,2024-11-11
GME,27.26,2024-12-27,46,Call,35,3.35,3.55,3.75,1143,150,7.62,0.427697,2024-11-11
GME,27.26,2024-11-15,4,Call,28.5,1.29,1.4,1.4,1961,252,7.78,0.43453,2024-11-11
GME,27.26,2024-11-15,4,Put,25,0.41,0.44,0.47,10502,1270,8.27,-0.219058,2024-11-11
GME,27.26,2024-11-15,4,Put,24.5,0.27,0.3,0.32,2928,344,8.51,-0.166707,2024-11-11
GME,27.26,2024-12-13,32,Call,28,4.15,4.4,4.35,1372,116,11.83,0.556472,2024-11-11
GME,24.88,2024-11-15,6,Call,30,0.6,0.6,0.61,25938,16896,1.54,0.218788,2024-11-08
GME,24.88,2024-11-15,6,Call,26.5,0.96,0.98,0.98,891,668,1.33,0.379348,2024-11-08
GME,24.88,2024-12-20,41,Put,22,1.76,1.78,1.86,707,527,1.34,-0.293397,2024-11-08
GME,24.88,2024-11-15,6,Call,32,0.49,0.53,0.55,602,446,1.35,0.179976,2024-11-08
GME,24.88,2024-12-20,41,Call,30,2.6,2.57,2.65,7742,5650,1.37,0.416149,2024-11-08
GME,24.88,2024-11-15,6,Call,31,0.53,0.6,0.59,1230,893,1.38,0.196987,2024-11-08
GME,24.88,2024-11-15,6,Put,25,1.35,1.4,1.43,1139,810,1.41,-0.487494,2024-11-08
GME,24.88,2024-12-06,27,Call,25,2.52,2.69,2.69,1592,1099,1.45,0.545873,2024-11-08
GME,24.88,2024-11-15,6,Call,33,0.46,0.52,0.51,705,485,1.45,0.16216,2024-11-08
GME,24.88,2024-11-08,0,Put,25,0,0.14,0.4,2865,102,28.09,-0.781246,2024-11-08
GME,24.88,2024-11-15,6,Call,27.5,0.78,0.81,0.85,1033,106,9.75,0.31424,2024-11-08
GME,24.88,2024-11-15,6,Put,24,0.78,0.77,0.8,2370,266,8.91,-0.360187,2024-11-08
GME,24.88,2024-11-08,0,Call,24.5,0.33,0.39,0.45,16630,2542,6.54,0.917221,2024-11-08
GME,24.88,2024-11-15,6,Call,24.5,1.45,1.5,1.5,3886,710,5.47,0.571506,2024-11-08
GME,24.88,2024-11-15,6,Call,25.5,1.1,1.18,1.24,1957,491,3.99,0.461533,2024-11-08
GME,24.88,2024-11-15,6,Put,23.5,0.53,0.57,0.56,513,130,3.95,-0.288786,2024-11-08
GME,24.88,2024-11-15,6,Put,23,0.35,0.39,0.39,4406,1260,3.5,-0.226395,2024-11-08
GME,24.88,2024-11-15,6,Call,26,1.06,1.06,1.11,15819,4626,3.42,0.416298,2024-11-08
GME,24.88,2024-11-22,13,Call,22.5,2.87,2.8,3.1,1004,338,2.97,0.758268,2024-11-08
GME,24.88,2024-11-15,6,Call,27,0.86,0.9,0.92,7070,2436,2.9,0.346207,2024-11-08
GME,24.88,2024-11-08,0,Call,24,0.76,0.83,0.98,25309,8737,2.9,0.81893,2024-11-08
GME,24.88,2024-11-22,13,Call,27,1.28,1.4,1.48,1015,396,2.56,0.398868,2024-11-08
GME,24.88,2024-11-15,6,Put,22.5,0.24,0.24,0.26,1054,430,2.45,-0.161655,2024-11-08
GME,24.88,2024-11-22,13,Call,24,2.15,2.23,2.22,1941,844,2.3,0.613369,2024-11-08
GME,24.88,2024-12-13,34,Call,35,1.8,1.96,2.16,532,362,1.47,0.31825,2024-11-08
GME,24.88,2024-11-22,13,Call,30,1.01,1.03,1.04,7831,3408,2.3,0.284071,2024-11-08
GME,24.88,2024-11-22,13,Call,25,1.8,1.87,1.87,4220,2053,2.06,0.527481,2024-11-08
GME,24.88,2024-11-15,6,Call,28,0.72,0.8,0.8,4157,2074,2,0.296692,2024-11-08
GME,24.88,2024-11-08,0,Call,23.5,1.07,1.39,1.45,6507,3641,1.79,0.96621,2024-11-08
GME,24.88,2024-12-13,34,Call,30,2.39,2.52,2.5,537,301,1.78,0.405526,2024-11-08
GME,24.88,2024-11-15,6,Call,23.5,1.87,2,2,3716,2418,1.54,0.699203,2024-11-08
GME,23.45,2024-11-08,1,Put,24,0.7,0.75,0.75,1206,572,2.11,-0.692586,2024-11-07
GME,23.45,2024-11-15,8,Call,23.5,0.93,0.98,0.99,2536,1302,1.95,0.512096,2024-11-07
GME,23.45,2024-11-22,15,Call,20.5,2.85,2.72,3.65,687,159,4.32,0.837152,2024-11-07
GME,23.45,2024-11-08,1,Put,23,0.16,0.17,0.18,3783,1631,2.32,-0.297555,2024-11-07
GME,23.1,2024-11-15,9,Call,24.5,0.8,0.87,0.89,704,442,1.59,0.379862,2024-11-06
GME,23.1,2024-11-08,2,Put,23,0.44,0.48,0.48,2151,1158,1.86,-0.458892,2024-11-06
GME,22.99,2024-11-15,10,Call,21.5,1.85,1.94,2.01,1099,630,1.74,0.734468,2024-11-05
GME,22.99,2024-11-15,10,Call,26,0.66,0.69,0.71,2564,1470,1.74,0.28403,2024-11-05
GME,22.99,2024-11-08,3,Put,22.5,0.39,0.4,0.41,1604,1000,1.6,-0.36273,2024-11-05
GME,22.99,2024-11-08,3,Call,22,1.15,1.14,1.28,6969,4586,1.52,0.756088,2024-11-05
GME,22.99,2024-11-08,3,Put,23,0.65,0.7,0.69,1459,725,2.01,-0.488417,2024-11-05
GME,22.99,2024-11-08,3,Call,23,0.68,0.68,0.71,15683,7235,2.17,0.511828,2024-11-05
GME,22.99,2024-11-29,24,Call,24.5,1.26,1.48,1.57,832,171,4.87,0.432235,2024-11-05
GME,22.99,2024-11-08,3,Call,25,0.3,0.3,0.32,16350,12581,1.3,0.226538,2024-11-05
GME,22.33,2024-11-29,25,Put,21,0.69,0.85,0.86,852,134,6.36,-0.324832,2024-11-04
GME,22.33,2024-11-08,4,Call,26,0.17,0.17,0.18,2850,2053,1.39,0.127186,2024-11-04
GME,22.33,2024-11-08,4,Put,22.5,0.8,0.85,0.88,673,526,1.28,-0.519142,2024-11-04
GME,22.33,2024-11-22,18,Call,20,2.59,2.73,2.8,2302,353,6.52,0.790486,2024-11-04
GME,22.33,2024-11-29,25,Put,19,0.2,0.24,0.27,913,353,2.59,-0.130368,2024-11-04
GME,22.41,2024-11-08,7,Call,22.5,0.8,0.82,0.81,2715,1417,1.92,0.500575,2024-11-01
GME,22.41,2024-11-01,0,Put,22.5,0.07,0.15,0.19,2046,815,2.51,-0.642655,2024-11-01
GME,22.41,2024-11-08,7,Put,22,0.56,0.6,0.6,1691,703,2.41,-0.401262,2024-11-01
GME,22.41,2024-11-15,14,Call,20.5,2.17,2.26,2.46,651,450,1.45,0.781604,2024-11-01
GME,22.18,2024-11-01,1,Call,22.5,0.3,0.32,0.32,5445,3641,1.5,0.400999,2024-10-31
GME,22.18,2024-11-01,1,Call,23,0.19,0.2,0.2,11341,8765,1.29,0.268972,2024-10-31
GME,22.18,2024-11-01,1,Put,22,0.28,0.28,0.3,5174,3032,1.71,-0.413842,2024-10-31
GME,22.18,2024-11-08,9,Call,22.5,0.88,0.94,0.99,1581,917,1.72,0.476405,2024-10-31
GME,22.18,2024-11-01,1,Put,21.5,0.12,0.13,0.17,2947,1608,1.83,-0.228968,2024-10-31
GME,23.28,2024-11-08,10,Put,23,1.08,1.12,1.16,697,146,4.77,-0.438048,2024-10-30
GME,23.28,2024-11-08,10,Call,30,0.5,0.51,0.51,6331,5019,1.26,0.182093,2024-10-30
GME,23.28,2024-11-15,17,Call,22.5,1.95,2,2.17,589,440,1.34,0.608717,2024-10-30
GME,23.28,2024-11-01,2,Call,23,0.69,0.69,0.75,11844,8760,1.35,0.592782,2024-10-30
GME,23.28,2024-11-01,2,Call,25.5,0.23,0.26,0.26,1385,958,1.45,0.202672,2024-10-30
GME,23.28,2024-11-01,2,Call,25,0.28,0.29,0.29,21514,13651,1.58,0.237169,2024-10-30
GME,23.28,2024-11-08,10,Call,25,0.86,0.85,0.93,8705,4860,1.79,0.365504,2024-10-30
GME,23.28,2024-11-15,17,Put,23,1.5,1.38,1.6,849,461,1.84,-0.437645,2024-10-30
GME,23.28,2024-11-01,2,Put,23,0.42,0.5,0.5,2389,1211,1.97,-0.416554,2024-10-30
GME,23.28,2024-11-15,17,Call,23.5,1.6,1.63,1.69,669,326,2.05,0.515017,2024-10-30
GME,23.28,2024-11-01,2,Put,22.5,0.24,0.24,0.26,1300,632,2.06,-0.273586,2024-10-30
GME,23.28,2024-11-01,2,Put,24,1.15,1.15,1.35,707,307,2.3,-0.637985,2024-10-30
GME,23.28,2024-11-01,2,Call,24,0.4,0.43,0.45,14548,5873,2.48,0.362129,2024-10-30
GME,23.28,2024-11-08,10,Call,23.5,1.2,1.21,1.26,2179,865,2.52,0.500205,2024-10-30
GME,23.28,2024-11-01,2,Call,24.5,0.34,0.34,0.36,5150,1991,2.59,0.287503,2024-10-30
GME,23.28,2024-11-01,2,Call,23.5,0.51,0.51,0.6,7163,2613,2.74,0.455719,2024-10-30
GME,23.28,2024-11-08,10,Call,26.5,0.57,0.73,0.77,697,223,3.13,0.284408,2024-10-30
GME,23.28,2024-11-08,10,Call,31,0.44,0.43,0.5,838,258,3.25,0.164352,2024-10-30
GME,23.28,2024-11-01,2,Put,23.5,0.75,0.75,0.89,930,214,4.35,-0.541982,2024-10-30
GME,22.68,2024-11-15,18,Put,21.5,0.82,0.9,0.97,1294,158,8.19,-0.34021,2024-10-29
GME,22.68,2024-11-08,11,Call,22.5,1.28,1.29,1.39,900,707,1.27,0.548301,2024-10-29
GME,22.68,2024-11-01,3,Call,24.5,0.29,0.32,0.32,2146,1637,1.31,0.242876,2024-10-29
GME,22.68,2024-11-01,3,Call,26.5,0.17,0.21,0.21,806,576,1.4,0.141108,2024-10-29
GME,22.68,2024-11-22,25,Call,21,2.49,2.44,2.74,1160,791,1.47,0.687201,2024-10-29
GME,22.68,2024-11-01,3,Call,22.5,0.67,0.68,0.75,5407,3554,1.52,0.560633,2024-10-29
GME,22.68,2024-11-01,3,Call,23.5,0.43,0.44,0.48,3825,2510,1.52,0.353265,2024-10-29
GME,22.68,2024-11-01,3,Put,22,0.25,0.28,0.32,3048,1883,1.62,-0.301892,2024-10-29
GME,22.68,2024-11-08,11,Call,24,0.86,0.9,0.94,3081,1541,2,0.388721,2024-10-29
GME,22.68,2024-11-01,3,Call,23,0.55,0.55,0.6,15111,7058,2.14,0.441967,2024-10-29
GME,22.68,2024-11-08,11,Put,21.5,0.55,0.59,0.64,719,298,2.41,-0.309939,2024-10-29
GME,22.68,2024-11-29,32,Call,20.5,2.85,2.94,3.15,1522,470,3.24,0.728664,2024-10-29
GME,22.68,2024-11-01,3,Put,23,0.84,0.85,0.92,2905,389,7.47,-0.560643,2024-10-29
GME,22.68,2024-11-01,3,Put,22.5,0.47,0.46,0.6,1088,280,3.89,-0.440826,2024-10-29
GME,22.68,2025-01-17,81,Call,34,1.79,2,2.04,1016,237,4.29,0.319185,2024-10-29
GME,22.73,2024-11-01,4,Call,35,0.17,0.18,0.18,2290,1278,1.79,0.072606,2024-10-28
GME,22.73,2024-11-01,4,Call,20,2.85,2.9,2.96,8878,6923,1.28,0.874669,2024-10-28
GME,22.73,2024-11-01,4,Call,32,0.2,0.25,0.25,604,460,1.31,0.103197,2024-10-28
GME,22.73,2024-11-01,4,Call,21,1.95,2.26,2.22,15445,11150,1.39,0.773264,2024-10-28
GME,22.73,2024-11-08,12,Call,24,1.2,1.25,1.37,1301,933,1.39,0.426955,2024-10-28
GME,22.73,2024-11-08,12,Call,30,0.55,0.6,0.6,3324,2366,1.4,0.194206,2024-10-28
GME,22.73,2024-11-08,12,Call,21,2.25,2.25,2.5,3037,2174,1.4,0.737924,2024-10-28
GME,22.73,2024-11-01,4,Call,21.5,1.64,1.64,1.67,7910,5602,1.41,0.724188,2024-10-28
GME,22.73,2024-11-01,4,Put,20,0.1,0.1,0.11,6549,4478,1.46,-0.091169,2024-10-28
GME,22.73,2024-11-01,4,Call,28,0.34,0.36,0.37,1352,914,1.48,0.166103,2024-10-28
GME,22.73,2024-11-22,26,Call,22,2.26,2.4,2.5,853,578,1.48,0.597894,2024-10-28
GME,22.73,2024-12-20,54,Call,20,4.2,4.5,4.65,1884,1137,1.66,0.698981,2024-10-28
GME,22.73,2024-11-01,4,Put,21.5,0.36,0.36,0.4,3417,1950,1.75,-0.262926,2024-10-28
GME,22.73,2024-11-08,12,Put,20.5,0.4,0.5,0.49,749,423,1.77,-0.218012,2024-10-28
GME,22.73,2024-11-01,4,Put,21,0.24,0.24,0.25,4185,2319,1.8,-0.191122,2024-10-28
GME,22.73,2024-11-01,4,Call,33,0.18,0.23,0.25,534,286,1.87,0.093186,2024-10-28
GME,22.73,2024-11-08,12,Call,40,0.3,0.33,0.36,1888,1004,1.88,0.094949,2024-10-28
GME,22.73,2024-11-08,12,Call,23.5,1.3,1.3,1.4,736,341,2.16,0.460723,2024-10-28
GME,22.73,2024-11-08,12,Call,22.5,1.56,1.67,1.74,1083,498,2.17,0.555868,2024-10-28
GME,22.73,2024-11-01,4,Call,30,0.28,0.28,0.3,16957,7639,2.22,0.123973,2024-10-28
GME,22.73,2024-11-15,19,Call,31,0.69,0.7,0.82,968,433,2.24,0.201688,2024-10-28
GME,22.73,2024-11-01,4,Call,27,0.39,0.41,0.49,3326,1469,2.26,0.194905,2024-10-28
GME,22.73,2024-11-08,12,Call,35,0.36,0.4,0.42,796,349,2.28,0.123822,2024-10-28
GME,22.73,2024-11-08,12,Call,24.5,0.96,1.14,1.23,595,252,2.36,0.392125,2024-10-28
GME,22.73,2024-11-08,12,Call,26,0.87,0.9,0.94,1149,479,2.4,0.309923,2024-10-28
GME,22.73,2024-11-08,12,Call,22,1.85,1.87,1.92,4541,1836,2.47,0.608025,2024-10-28
GME,22.73,2024-11-08,12,Call,20,2.74,2.94,3.15,6354,2517,2.52,0.857045,2024-10-28
GME,22.73,2024-11-01,4,Call,26,0.4,0.47,0.49,5180,1943,2.67,0.232095,2024-10-28
GME,22.73,2024-11-01,4,Call,26.5,0.39,0.46,0.53,552,179,3.08,0.217424,2024-10-28
GME,22.73,2024-11-01,4,Call,34,0.17,0.21,0.21,523,166,3.15,0.083974,2024-10-28
GME,22.73,2024-12-20,54,Put,19,1.07,1.24,1.3,1751,519,3.37,-0.238301,2024-10-28
GME,22.73,2024-11-01,4,Call,25.5,0.51,0.55,0.55,899,263,3.42,0.265122,2024-10-28
GME,22.73,2024-11-01,4,Call,25,0.59,0.59,0.6,25834,7231,3.57,0.291885,2024-10-28
GME,22.73,2024-11-01,4,Call,23,0.99,0.99,1,14912,4093,3.64,0.485509,2024-10-28
GME,22.73,2024-11-01,4,Call,41,0.1,0.12,0.2,940,244,3.85,0.045086,2024-10-28
GME,22.73,2024-11-08,12,Put,21,0.56,0.62,0.65,1971,510,3.86,-0.273659,2024-10-28
GME,22.73,2024-11-01,4,Put,22,0.55,0.61,0.65,3181,823,3.87,-0.357725,2024-10-28
GME,22.73,2024-11-01,4,Call,22,1.35,1.35,1.4,22883,5732,3.99,0.640321,2024-10-28
GME,22.73,2024-11-01,4,Call,24,0.75,0.76,0.76,10355,2486,4.17,0.373854,2024-10-28
GME,22.73,2024-11-08,12,Call,25,1.02,1.05,1.1,7921,1869,4.24,0.361614,2024-10-28
GME,22.73,2024-11-01,4,Call,24.5,0.66,0.65,0.72,2584,609,4.24,0.333538,2024-10-28
GME,22.73,2024-11-08,12,Call,23,1.5,1.58,1.58,5812,1064,5.46,0.510884,2024-10-28
GME,22.73,2024-11-01,4,Call,22.5,1.13,1.15,1.17,9533,1682,5.67,0.55725,2024-10-28
GME,22.73,2024-11-01,4,Call,27.5,0.31,0.3,0.4,643,110,5.85,0.172016,2024-10-28
GME,22.73,2024-11-15,19,Call,22.5,1.81,1.9,2,1012,149,6.79,0.557109,2024-10-28
GME,22.73,2024-11-01,4,Call,23.5,0.8,0.85,0.9,5138,671,7.66,0.423426,2024-10-28
GME,20.57,2024-11-01,6,Call,22,0.2,0.21,0.21,7220,3190,2.26,0.221304,2024-10-25
GME,20.57,2024-11-01,6,Call,21,0.36,0.36,0.38,10059,7178,1.4,0.388357,2024-10-25
GME,20.57,2024-11-01,6,Put,19.5,0.09,0.1,0.11,881,619,1.42,-0.162012,2024-10-25
GME,20.57,2024-11-01,6,Put,20.5,0.41,0.43,0.43,2705,1799,1.5,-0.466773,2024-10-25
GME,20.57,2024-11-01,6,Call,23,0.15,0.16,0.16,4317,2569,1.68,0.151377,2024-10-25
GME,20.57,2024-11-01,6,Call,23.5,0.11,0.16,0.15,592,336,1.76,0.1222,2024-10-25
GME,20.57,2024-10-25,0,Put,21,0.37,0.41,0.71,5015,2755,1.82,-0.634388,2024-10-25
GME,20.63,2024-10-25,1,Call,20.5,0.25,0.29,0.29,5086,2364,2.15,0.597748,2024-10-24
GME,20.63,2024-11-08,16,Call,24,0.28,0.3,0.3,1051,578,1.82,0.183651,2024-10-24
GME,20.54,2024-11-22,31,Call,30,0.36,0.39,0.39,1518,632,2.4,0.138175,2024-10-23
GME,20.93,2024-11-08,18,Call,20,1.27,1.2,1.46,2250,281,8.01,0.686057,2024-10-22
GME,20.93,2024-10-25,3,Call,20.5,0.49,0.55,0.59,1801,1412,1.28,0.728909,2024-10-22
GME,20.93,2024-12-20,60,Call,30,1.1,1.14,1.17,1036,708,1.46,0.25837,2024-10-22
GME,20.93,2024-10-25,3,Call,19,1.74,1.95,2.14,503,254,1.98,0.955579,2024-10-22
GME,20.93,2024-11-01,10,Call,23,0.18,0.19,0.19,3682,1714,2.15,0.178794,2024-10-22
GME,20.93,2024-11-08,18,Call,21.5,0.66,0.64,0.7,4323,374,11.56,0.422756,2024-10-22
GME,20.7,2024-12-20,61,Put,20,2,2,2.05,683,206,3.32,-0.396472,2024-10-21
GME,20.7,2024-11-22,33,Call,35,0.3,0.32,0.35,592,470,1.26,0.102676,2024-10-21
GME,20.7,2024-11-29,40,Call,35,0.31,0.38,0.43,603,371,1.63,0.115056,2024-10-21
GME,20.7,2024-11-01,11,Call,21,0.45,0.5,0.5,4620,2323,1.99,0.438055,2024-10-21
GME,20.7,2024-10-25,4,Call,21.5,0.15,0.18,0.18,7616,3761,2.02,0.260217,2024-10-21
GME,20.7,2024-11-29,40,Call,21,1.54,1.55,1.69,640,312,2.05,0.507142,2024-10-21
GME,20.7,2024-10-25,4,Call,21,0.25,0.27,0.32,8738,3819,2.29,0.391008,2024-10-21
GME,20.7,2025-01-17,89,Call,17,4.65,5.01,5.1,820,352,2.33,0.748314,2024-10-21
GME,20.7,2024-10-25,4,Call,20.5,0.37,0.45,0.5,1317,504,2.61,0.59782,2024-10-21
GME,20.7,2024-12-20,61,Call,30,1.03,1.13,1.15,531,203,2.62,0.255941,2024-10-21
GME,20.7,2025-01-17,89,Call,70,0.45,0.5,0.5,2699,684,3.95,0.092662,2024-10-21
GME,21.22,2024-11-29,42,Call,25,0.95,0.95,1.09,744,495,1.5,0.3052,2024-10-18
GME,21.22,2024-10-18,0,Call,21,0.19,0.24,0.3,10965,8595,1.28,0.831391,2024-10-18
GME,21.22,2024-10-25,6,Call,22,0.29,0.32,0.32,6250,4865,1.28,0.324328,2024-10-18
GME,21.22,2024-11-01,13,Call,20,1.49,1.49,1.61,2265,1750,1.29,0.757319,2024-10-18
GME,21.22,2024-10-25,6,Put,22,0.96,1.12,1.17,833,634,1.31,-0.670322,2024-10-18
GME,21.22,2024-10-25,6,Put,21,0.37,0.37,0.42,2300,1514,1.52,-0.416829,2024-10-18
GME,21.22,2024-11-15,28,Call,22,1.09,1.1,1.1,4562,2804,1.63,0.445196,2024-10-18
GME,21.22,2024-10-25,6,Call,21,0.63,0.62,0.66,4701,2818,1.67,0.575783,2024-10-18
GME,21.22,2024-10-25,6,Call,21.5,0.41,0.41,0.49,4499,2273,1.98,0.42857,2024-10-18
GME,21.22,2024-10-25,6,Call,22.5,0.21,0.24,0.29,1640,806,2.03,0.245429,2024-10-18
GME,21.22,2024-11-01,13,Call,21.5,0.65,0.71,0.75,2274,699,3.25,0.464205,2024-10-18
GME,21.27,2024-11-08,25,Call,40,0.17,0.2,0.25,591,207,2.86,0.065844,2024-10-15
GME,21.27,2024-11-01,17,Call,20.5,1.35,1.44,1.59,2186,235,9.3,0.637612,2024-10-15
GME,21.27,2024-11-15,32,Call,21,1.73,1.79,1.89,2613,1348,1.94,0.559895,2024-10-15
GME,21.33,2024-10-18,4,Call,21.5,0.47,0.49,0.53,13832,2175,6.36,0.46483,2024-10-14
GME,21.33,2024-11-01,18,Call,22.5,0.86,0.93,0.95,957,325,2.94,0.402634,2024-10-14
GME,21.33,2025-01-17,96,Call,27,2.37,2.6,2.62,2660,915,2.91,0.41773,2024-10-14
GME,21.33,2024-10-25,11,Put,20.5,0.39,0.43,0.43,1018,407,2.5,-0.318983,2024-10-14
GME,21.33,2024-10-18,4,Put,20.5,0.15,0.16,0.18,2285,1268,1.8,-0.228299,2024-10-14
GME,21.33,2024-11-01,18,Call,22,0.98,1.02,1.07,1200,773,1.55,0.448126,2024-10-14
GME,21.33,2024-10-25,11,Call,22.5,0.55,0.59,0.59,534,352,1.52,0.353532,2024-10-14
GME,21.33,2024-10-18,4,Call,22.5,0.29,0.31,0.31,3884,2656,1.46,0.282261,2024-10-14
GME,21.33,2025-01-17,96,Call,29,2.15,2.26,2.34,509,374,1.36,0.37259,2024-10-14
GME,21.33,2024-10-18,4,Call,22,0.36,0.37,0.38,16043,12971,1.24,0.35388,2024-10-14
GME,21.33,2024-11-01,18,Put,21.5,1.12,1.25,1.37,1216,139,8.75,-0.497707,2024-10-14
GME,20.83,2024-11-22,42,Put,20,1.29,1.4,1.55,1522,115,13.23,-0.384977,2024-10-11
GME,20.83,2024-11-08,28,Put,19,0.46,0.52,0.6,1016,155,6.55,-0.251399,2024-10-11
GME,20.83,2024-10-18,6,Call,21.5,0.33,0.35,0.35,2567,1104,2.33,0.34804,2024-10-11
GME,20.83,2024-10-18,6,Call,22.5,0.22,0.22,0.23,1890,1383,1.37,0.211939,2024-10-11
GME,20.91,2024-10-11,1,Call,21,0.21,0.21,0.22,11471,6283,1.83,0.448815,2024-10-10
GME,20.91,2024-10-11,1,Call,21.5,0.1,0.11,0.11,6122,3864,1.58,0.2386,2024-10-10
GME,20.5,2025-01-17,101,Call,33,1.66,1.64,1.78,2754,1202,2.29,0.295918,2024-10-09
GME,20.71,2024-10-11,3,Call,21,0.28,0.3,0.31,5258,2950,1.78,0.402827,2024-10-08
GME,20.9,2024-10-11,4,Call,23.5,0.11,0.13,0.13,1352,1053,1.28,0.12981,2024-10-07
GME,20.9,2024-10-11,4,Call,21,0.45,0.47,0.52,3403,1358,2.51,0.480315,2024-10-07
GME,20.9,2024-10-25,18,Call,20,1.5,1.8,1.83,2321,1034,2.24,0.634613,2024-10-07
GME,20.9,2025-01-17,103,Call,33,1.95,2.06,2.26,1019,456,2.23,0.325833,2024-10-07
GME,20.9,2024-10-25,18,Call,21.5,1,1.15,1.22,693,321,2.16,0.464564,2024-10-07
GME,20.9,2024-10-11,4,Call,21.5,0.3,0.39,0.39,3702,1811,2.04,0.369088,2024-10-07
GME,20.9,2024-10-11,4,Call,22.5,0.17,0.19,0.21,2889,1735,1.67,0.201032,2024-10-07
GME,20.9,2024-10-25,18,Call,45,0.13,0.14,0.19,689,514,1.34,0.045959,2024-10-07
GME,21.4,2024-10-11,6,Call,21.5,0.55,0.53,0.61,1695,1318,1.29,0.487644,2024-10-04
GME,21.4,2024-10-04,0,Call,21,0.32,0.4,0.45,2752,2007,1.37,0.999009,2024-10-04
GME,21.4,2024-10-11,6,Call,21,0.8,0.88,0.88,1120,800,1.4,0.608192,2024-10-04
GME,21.4,2024-10-11,6,Call,22.5,0.34,0.35,0.41,1923,1261,1.52,0.301425,2024-10-04
GME,21.4,2024-11-15,42,Call,20,3,3.05,3.05,3447,702,4.91,0.642596,2024-10-04
GME,21.2,2024-10-04,1,Call,21,0.4,0.45,0.49,1841,1292,1.42,0.599731,2024-10-03
GME,21.2,2024-10-11,8,Call,21,0.9,0.94,1.02,757,394,1.92,0.555485,2024-10-03
GME,21.2,2024-11-15,44,Put,17,0.36,0.38,0.47,621,310,2,-0.139626,2024-10-03
GME,21.49,2024-10-04,2,Call,22,0.32,0.32,0.33,7704,5176,1.49,0.363495,2024-10-02
GME,21.49,2024-10-11,9,Put,19.5,0.14,0.16,0.2,871,496,1.76,-0.144868,2024-10-02
GME,21.49,2024-10-11,9,Call,21.5,0.95,0.98,1,870,234,3.72,0.519376,2024-10-02
GME,21.49,2024-11-15,45,Put,18,0.62,0.65,0.7,4054,276,14.69,-0.198136,2024-10-02
GME,21.97,2024-10-11,10,Call,23,0.8,0.83,0.86,1670,1327,1.26,0.400326,2024-10-01
GME,22.93,2024-10-11,11,Call,22,1.59,1.77,1.75,4558,1261,3.61,0.648233,2024-09-30
GME,22.93,2024-10-04,4,Put,21.5,0.14,0.16,0.17,1870,1014,1.84,-0.175118,2024-09-30
GME,22.93,2024-10-04,4,Call,25,0.3,0.31,0.32,22963,11652,1.97,0.227341,2024-09-30
GME,22.93,2024-10-04,4,Call,28.5,0.09,0.16,0.19,606,291,2.08,0.098902,2024-09-30
GME,22.93,2024-10-11,11,Call,27,0.52,0.61,0.6,565,264,2.14,0.232438,2024-09-30
GME,22.93,2025-01-17,110,Call,35,2.61,2.61,2.76,6229,2772,2.25,0.357527,2024-09-30
GME,22.93,2024-10-04,4,Call,24,0.42,0.48,0.48,12948,5609,2.31,0.338224,2024-09-30
GME,22.93,2024-10-04,4,Put,23.5,1.04,1.06,1.19,1584,663,2.39,-0.606078,2024-09-30
GME,22.93,2024-10-04,4,Call,23,0.72,0.75,0.75,16355,6217,2.63,0.502023,2024-09-30
GME,22.93,2024-10-04,4,Put,22.5,0.46,0.46,0.52,2272,756,3.01,-0.383,2024-09-30
GME,22.93,2024-10-04,4,Call,24.5,0.36,0.38,0.38,3689,1000,3.69,0.27573,2024-09-30
GME,22.93,2024-10-04,4,Call,23.5,0.47,0.59,0.6,7975,2085,3.82,0.410935,2024-09-30
GME,22.93,2024-11-01,32,Call,45,0.5,0.57,0.6,679,177,3.84,0.124958,2024-09-30
GME,22.93,2024-10-04,4,Put,23,0.73,0.77,0.78,2830,706,4.01,-0.499755,2024-09-30
GME,22.93,2024-10-11,11,Call,24.5,0.77,0.95,0.93,770,178,4.33,0.367656,2024-09-30
GME,22.93,2024-10-11,11,Call,20.5,2.6,2.7,3,2032,420,4.84,0.828051,2024-09-30
GME,22.93,2024-10-04,4,Call,22.5,0.89,0.95,1,3877,3121,1.24,0.608804,2024-09-30
GME,22.93,2024-11-15,47,Call,45,0.75,0.81,0.83,657,529,1.24,0.15727,2024-09-30
GME,22.93,2024-10-11,11,Call,28,0.41,0.47,0.51,878,687,1.28,0.195166,2024-09-30
GME,22.93,2024-10-11,11,Call,24,0.95,1.05,1,1993,1541,1.29,0.412885,2024-09-30
GME,22.93,2024-10-11,11,Call,26,0.56,0.67,0.69,598,443,1.35,0.278681,2024-09-30
GME,22.93,2024-11-15,47,Call,30,1.48,1.48,1.55,1651,1108,1.49,0.309612,2024-09-30
GME,22.93,2024-10-18,18,Call,22.5,1.81,1.93,1.9,1100,729,1.51,0.57461,2024-09-30
GME,22.93,2024-10-04,4,Call,26.5,0.17,0.21,0.23,521,304,1.71,0.145576,2024-09-30
GME,22.93,2024-10-04,4,Put,22,0.27,0.27,0.31,4750,2761,1.72,-0.266204,2024-09-30
GME,22.93,2024-10-04,4,Call,25.5,0.24,0.29,0.31,1408,801,1.76,0.201249,2024-09-30
GME,22.48,2024-10-04,6,Call,22.5,0.9,0.92,0.93,3794,1970,1.93,0.516026,2024-09-27
GME,22.48,2024-10-11,13,Call,45,0.17,0.18,0.18,1609,585,2.75,0.055613,2024-09-27
GME,22.48,2024-10-04,6,Call,23,0.71,0.74,0.75,9339,3198,2.92,0.436271,2024-09-27
GME,22.48,2024-10-11,13,Put,21,0.5,0.5,0.57,1693,554,3.06,-0.272276,2024-09-27
GME,22.48,2024-10-04,6,Call,23.5,0.63,0.63,0.65,3544,890,3.98,0.372038,2024-09-27
GME,22.48,2024-10-04,6,Call,30,0.18,0.21,0.21,10353,6241,1.66,0.101827,2024-09-27
GME,22.48,2024-10-04,6,Put,21.5,0.36,0.38,0.4,871,495,1.76,-0.291712,2024-09-27
GME,22.48,2024-10-04,6,Call,24.5,0.45,0.47,0.47,731,481,1.52,0.276278,2024-09-27
GME,22.48,2024-10-04,6,Call,27,0.25,0.26,0.31,1702,1028,1.66,0.147689,2024-09-27
GME,22.48,2024-10-04,6,Put,20.5,0.13,0.16,0.19,586,321,1.83,-0.145673,2024-09-27
GME,22.29,2024-10-04,8,Call,23,0.7,0.72,0.74,2534,2002,1.27,0.413485,2024-09-26
GME,22.29,2024-09-27,1,Call,22.5,0.27,0.27,0.3,6759,3887,1.74,0.41696,2024-09-26
GME,22.29,2024-10-04,8,Call,21.5,1.25,1.28,1.34,1986,974,2.04,0.663307,2024-09-26
GME,22.18,2024-09-27,2,Call,22.5,0.36,0.36,0.42,5212,4102,1.27,0.410463,2024-09-25
GME,22.18,2024-11-15,52,Call,23,2.2,2.3,2.42,1207,385,3.14,0.506635,2024-09-25
GME,22.63,2024-11-15,53,Call,24,2.19,2.3,2.41,755,100,7.55,0.484949,2024-09-24
GME,22.63,2024-10-04,10,Call,22.5,1.11,1.15,1.15,1122,870,1.29,0.541103,2024-09-24
GME,22.63,2024-09-27,3,Put,21.5,0.16,0.17,0.2,3309,2183,1.52,-0.203018,2024-09-24
GME,22.63,2024-09-27,3,Call,23,0.49,0.5,0.53,10693,6918,1.55,0.426429,2024-09-24
GME,22.63,2024-09-27,3,Put,22,0.3,0.32,0.33,3510,2070,1.7,-0.321366,2024-09-24
GME,22.63,2024-09-27,3,Put,22.5,0.51,0.57,0.63,1241,630,1.97,-0.453889,2024-09-24
GME,22.63,2024-09-27,3,Call,22.5,0.65,0.69,0.67,5980,2747,2.18,0.546967,2024-09-24
GME,22.63,2024-10-25,31,Put,20,0.63,0.69,0.73,791,297,2.66,-0.236156,2024-09-24
GME,22.63,2024-10-04,10,Put,22,0.67,0.77,0.8,1223,394,3.1,-0.383686,2024-09-24
GME,22.31,2024-11-15,54,Call,25,1.89,1.94,2.1,1313,872,1.51,0.425257,2024-09-23
GME,22.31,2024-10-04,11,Call,22,1.18,1.27,1.3,2698,1775,1.52,0.566894,2024-09-23
GME,22.31,2024-09-27,4,Call,22,0.8,0.8,0.85,17230,13671,1.26,0.590012,2024-09-23
GME,22.31,2024-10-11,18,Call,20,2.6,2.66,2.83,1103,846,1.3,0.800388,2024-09-23
GME,22.31,2024-09-27,4,Put,21.5,0.3,0.3,0.34,2229,1486,1.5,-0.290081,2024-09-23
GME,22.31,2024-10-11,18,Put,20,0.36,0.37,0.47,3124,434,7.2,-0.19848,2024-09-23
GME,22.31,2024-09-27,4,Call,22.5,0.6,0.61,0.65,4490,1687,2.66,0.471616,2024-09-23
GME,22.31,2024-09-27,4,Put,21,0.15,0.17,0.18,4253,1931,2.2,-0.188425,2024-09-23
GME,22.31,2024-09-27,4,Call,23,0.47,0.48,0.49,9766,4528,2.16,0.377155,2024-09-23
GME,22.31,2024-10-04,11,Call,22.5,1.05,1.05,1.11,903,462,1.95,0.497226,2024-09-23
GME,22.31,2024-10-25,32,Call,23,1.49,1.73,1.89,513,285,1.8,0.488827,2024-09-23
GME,22.31,2024-09-27,4,Call,25.5,0.17,0.17,0.2,1113,634,1.76,0.136371,2024-09-23
GME,22.31,2024-09-27,4,Put,22,0.5,0.53,0.55,2502,1436,1.74,-0.412845,2024-09-23
GME,22.31,2024-09-27,4,Call,27,0.12,0.13,0.13,2075,1203,1.72,0.094948,2024-09-23
GME,22.31,2024-09-27,4,Call,23.5,0.37,0.38,0.42,3438,2013,1.71,0.302712,2024-09-23
GME,22.31,2024-09-27,4,Put,22.5,0.78,0.83,0.92,969,570,1.7,-0.525727,2024-09-23
GME,22.31,2024-09-27,4,Call,24.5,0.25,0.25,0.27,1314,774,1.7,0.200374,2024-09-23
GME,21.85,2024-09-27,7,Call,24,0.4,0.46,0.47,10348,2202,4.7,0.268558,2024-09-20
GME,21.85,2024-11-15,57,Call,25,1.9,2.14,2.13,861,172,5.01,0.420641,2024-09-20
GME,21.85,2024-09-20,1,Call,19,2.71,2.97,3.1,10571,2037,5.19,0.901328,2024-09-20
GME,21.85,2024-09-27,7,Call,21,1.21,1.34,1.35,15992,2766,5.78,0.671378,2024-09-20
GME,21.85,2024-09-27,7,Call,20.5,1.48,1.61,1.7,9516,1626,5.85,0.774407,2024-09-20
GME,21.85,2024-09-27,7,Put,22.5,1.21,1.3,1.41,644,106,6.08,-0.588686,2024-09-20
GME,21.85,2024-09-27,7,Call,21.5,1,1.1,1.1,9712,1497,6.49,0.579906,2024-09-20
GME,21.85,2024-09-20,1,Call,22,0.12,0.16,0.17,53219,7082,7.51,0.40072,2024-09-20
GME,21.85,2024-11-15,57,Call,20,3.35,3.6,3.85,789,101,7.81,0.662604,2024-09-20
GME,21.85,2024-09-27,7,Put,21.5,0.63,0.65,0.71,2548,308,8.27,-0.413902,2024-09-20
GME,21.85,2024-09-20,1,Call,21.5,0.4,0.4,0.55,23832,2670,8.93,0.794315,2024-09-20
GME,21.85,2024-09-27,7,Put,22,0.91,0.96,1.02,2761,301,9.17,-0.507397,2024-09-20
GME,21.85,2024-10-04,14,Call,21.5,1.33,1.45,1.58,1759,191,9.21,0.570447,2024-09-20
GME,21.85,2024-09-27,7,Put,21,0.4,0.43,0.5,6134,456,13.45,-0.316339,2024-09-20
GME,21.85,2024-10-04,14,Call,23,0.95,1.06,1.13,1330,543,2.45,0.417744,2024-09-20
GME,21.85,2024-10-11,21,Call,25,0.83,0.94,0.94,1236,565,2.19,0.319962,2024-09-20
GME,21.85,2024-09-27,7,Call,20,2.02,2.05,2.1,14564,6794,2.14,0.828136,2024-09-20
GME,21.85,2024-10-04,14,Put,21,0.78,0.8,0.94,656,311,2.11,-0.360918,2024-09-20
GME,21.85,2024-09-27,7,Call,27,0.23,0.25,0.28,1417,692,2.05,0.136343,2024-09-20
GME,21.85,2024-09-27,7,Call,28,0.23,0.25,0.26,2057,1004,2.05,0.125561,2024-09-20
GME,21.85,2024-09-27,7,Call,35,0.13,0.13,0.14,3075,1737,1.77,0.056339,2024-09-20
GME,21.85,2024-10-04,14,Call,21,1.59,1.7,1.81,1880,1073,1.75,0.633157,2024-09-20
GME,21.85,2024-09-20,1,Call,20,1.86,1.87,2,33691,20061,1.68,0.956592,2024-09-20
GME,21.85,2024-09-20,1,Call,19.5,2.12,2.5,2.55,3471,2089,1.66,0.873122,2024-09-20
GME,21.85,2024-09-27,7,Call,24.5,0.39,0.41,0.45,625,389,1.61,0.23629,2024-09-20
GME,21.85,2024-10-18,28,Call,21,2.2,2.3,2.36,6819,5081,1.34,0.610724,2024-09-20
GME,21.85,2024-10-04,14,Call,25,0.65,0.69,0.7,2117,1675,1.26,0.281335,2024-09-20
GME,21.85,2024-09-27,7,Put,19.5,0.05,0.12,0.14,2794,1063,2.63,-0.111756,2024-09-20
GME,21.85,2024-09-27,7,Call,19,2.71,3.05,3.25,1779,667,2.67,0.86679,2024-09-20
GME,21.85,2024-10-04,14,Call,24,0.73,0.79,0.85,1863,688,2.71,0.332664,2024-09-20
GME,21.85,2024-09-27,7,Call,30,0.18,0.19,0.2,10650,3824,2.79,0.092212,2024-09-20
GME,21.85,2024-09-27,7,Call,26,0.28,0.3,0.32,2190,779,2.81,0.167103,2024-09-20
GME,21.85,2024-10-04,14,Call,20,2.31,2.27,2.41,4603,1580,2.91,0.747515,2024-09-20
GME,21.85,2024-09-20,1,Call,20.5,1.06,1.4,1.68,17059,5372,3.18,0.903201,2024-09-20
GME,21.85,2024-09-27,7,Put,20.5,0.24,0.26,0.26,2121,609,3.48,-0.223007,2024-09-20
GME,21.85,2024-09-20,1,Call,21,0.8,0.9,1,44475,12609,3.53,0.871334,2024-09-20
GME,21.85,2024-09-27,7,Put,23.5,1.89,2.16,2.42,574,151,3.8,-0.69437,2024-09-20
GME,21.85,2024-09-27,7,Call,22.5,0.6,0.66,0.73,2708,692,3.91,0.412364,2024-09-20
GME,21.85,2024-09-27,7,Call,25,0.37,0.37,0.38,20236,5142,3.94,0.209997,2024-09-20
GME,21.85,2024-10-04,14,Call,22,1.23,1.26,1.35,3129,756,4.14,0.510655,2024-09-20
GME,21.85,2024-09-27,7,Call,23,0.55,0.6,0.65,6701,1610,4.16,0.357018,2024-09-20
GME,21.85,2024-09-27,7,Call,22,0.86,0.85,0.88,22548,5409,4.17,0.495052,2024-09-20
GME,21.85,2024-11-01,42,Call,30,0.75,0.96,1,1000,240,4.17,0.241971,2024-09-20
GME,21.85,2024-09-27,7,Call,19.5,2.35,2.37,2.7,1625,370,4.39,0.959906,2024-09-20
GME,19.51,2024-09-27,8,Call,20.5,0.4,0.41,0.42,1859,1295,1.44,0.330268,2024-09-19
GME,19.51,2024-10-18,29,Call,19,1.58,1.6,1.64,4585,1099,4.17,0.588795,2024-09-19
GME,19.51,2024-10-18,29,Call,21,0.94,0.95,1,4868,1378,3.53,0.388312,2024-09-19
GME,19.51,2025-01-17,121,Put,19,2.77,2.75,3,2744,870,3.15,-0.392736,2024-09-19
GME,19.51,2024-09-20,1,Call,19.5,0.28,0.29,0.3,2850,1108,2.57,0.512274,2024-09-19
GME,19.65,2024-10-11,23,Call,22,0.69,0.73,0.84,670,383,1.75,0.317539,2024-09-18
GME,19.65,2024-11-01,44,Call,40,0.39,0.36,0.6,531,279,1.9,0.122796,2024-09-18
GME,19.65,2024-09-20,2,Call,19.5,0.43,0.68,0.65,1918,968,1.98,0.562376,2024-09-18
GME,19.65,2024-09-27,9,Put,18,0.13,0.15,0.21,1269,419,3.03,-0.155415,2024-09-18
GME,19.65,2027-01-15,850,Put,15,3.3,4.45,5.9,603,200,3.02,-0.214548,2024-09-18
GME,19.65,2024-09-20,2,Call,20.5,0.16,0.2,0.21,4770,3757,1.27,0.266495,2024-09-18
GME,19.65,2024-09-27,9,Put,19,0.38,0.44,0.52,585,459,1.27,-0.34281,2024-09-18
GME,19.65,2024-09-27,9,Call,20.5,0.46,0.53,0.55,1486,981,1.51,0.371437,2024-09-18
GME,19.65,2024-11-01,44,Call,20,1.85,1.94,2,500,318,1.57,0.521539,2024-09-18
GME,20.16,2024-09-27,10,Call,24,0.22,0.25,0.25,1673,1028,1.63,0.157429,2024-09-17
GME,20.16,2024-09-20,3,Call,19.5,0.79,0.89,0.99,657,482,1.36,0.712924,2024-09-17
GME,20.16,2024-09-27,10,Call,17,3.05,3.19,3.5,691,101,6.84,0.956876,2024-09-17
GME,20.09,2025-01-17,124,Call,28,2.23,2.21,2.37,2084,600,3.47,0.377744,2024-09-16
GME,20.09,2024-09-20,4,Call,20.5,0.41,0.42,0.42,2637,1816,1.45,0.406636,2024-09-16
GME,20.09,2024-09-27,11,Call,21,0.6,0.6,0.65,1386,932,1.49,0.378196,2024-09-16
GME,20.09,2024-09-27,11,Put,20,0.73,0.76,0.81,3367,1927,1.75,-0.463523,2024-09-16
GME,20.09,2024-10-04,18,Call,20.5,0.98,1.1,1.21,2075,1013,2.05,0.478943,2024-09-16
GME,20.09,2024-09-27,11,Call,22,0.4,0.43,0.5,3190,1396,2.29,0.27327,2024-09-16
GME,20.09,2024-09-27,11,Call,21.5,0.48,0.51,0.62,1067,379,2.82,0.321481,2024-09-16
GME,20.09,2024-10-25,39,Call,24,1.06,1.14,1.18,881,244,3.61,0.329482,2024-09-16
GME,20.65,2024-09-20,7,Call,21.5,0.42,0.45,0.45,2892,660,4.38,0.353476,2024-09-13
GME,20.65,2024-09-20,7,Call,21,0.55,0.55,0.58,6888,5564,1.24,0.43767,2024-09-13
GME,20.65,2024-09-27,14,Call,20,1.37,1.37,1.42,2141,1730,1.24,0.621503,2024-09-13
GME,20.65,2024-09-27,14,Call,22,0.68,0.72,0.76,1163,693,1.68,0.364194,2024-09-13
GME,20.65,2024-09-13,1,Call,20.5,0.08,0.14,0.18,6484,2757,2.35,0.758654,2024-09-13
GME,20.65,2024-09-27,14,Call,23.5,0.43,0.47,0.52,877,300,2.92,0.246162,2024-09-13
GME,20.65,2024-10-04,21,Call,20.5,1.4,1.51,1.61,1042,188,5.54,0.548016,2024-09-13
GME,20.4,2024-09-13,1,Call,21,0.19,0.2,0.22,6587,3582,1.84,0.300389,2024-09-12
GME,20.4,2024-09-20,8,Call,38,0.07,0.11,0.11,527,236,2.23,0.044328,2024-09-12
GME,20.4,2024-09-13,1,Call,20.5,0.31,0.35,0.35,5790,1980,2.92,0.469407,2024-09-12
GME,20.4,2024-09-27,15,Call,18,2.55,2.5,2.98,1001,103,9.72,0.803771,2024-09-12
GME,20.4,2024-09-20,8,Put,18.5,0.11,0.16,0.17,6568,486,13.51,-0.148215,2024-09-12
GME,20.4,2024-09-20,8,Put,19.5,0.41,0.43,0.48,928,706,1.31,-0.309588,2024-09-12
GME,20.64,2024-09-13,2,Put,20.5,0.39,0.45,0.48,3648,1992,1.83,-0.444907,2024-09-11
GME,20.64,2024-09-13,2,Put,20,0.2,0.23,0.28,19828,9891,2,-0.288944,2024-09-11
GME,20.64,2024-10-25,44,Call,30,0.87,0.89,1,838,319,2.63,0.225043,2024-09-11
GME,20.64,2024-09-20,9,Call,21.5,0.8,0.82,0.86,628,217,2.89,0.414239,2024-09-11
GME,20.64,2024-09-13,2,Call,20,0.82,0.87,0.91,10055,3400,2.96,0.710128,2024-09-11
GME,20.64,2024-09-20,9,Put,19.5,0.37,0.5,0.46,999,295,3.39,-0.282186,2024-09-11
GME,20.64,2024-10-04,23,Call,20,1.73,2,2.12,522,153,3.41,0.597294,2024-09-11
GME,20.64,2024-10-25,44,Call,25,1.35,1.39,1.45,853,241,3.54,0.346599,2024-09-11
GME,20.64,2024-09-13,2,Call,21,0.32,0.42,0.43,6117,677,9.04,0.41581,2024-09-11
GME,20.64,2024-09-13,2,Call,20.5,0.6,0.64,0.65,2818,741,3.8,0.552241,2024-09-11
GME,20.64,2024-09-27,16,Call,21,1.3,1.4,1.4,726,179,4.06,0.499377,2024-09-11
GME,20.64,2024-09-20,9,Put,20.5,0.86,1.12,1,1239,274,4.52,-0.454156,2024-09-11
GME,20.64,2024-09-27,16,Call,20,1.57,1.78,1.78,1702,367,4.64,0.601976,2024-09-11
GME,20.64,2024-09-20,9,Call,19,1.83,1.9,2.18,1638,189,8.67,0.794159,2024-09-11
GME,20.64,2024-10-04,23,Put,19.5,0.89,0.95,1.08,766,156,4.91,-0.343549,2024-09-11
GME,20.64,2024-09-20,9,Call,22,0.68,0.71,0.74,3779,3046,1.24,0.362449,2024-09-11
GME,20.64,2024-10-04,23,Call,26,0.6,0.69,0.77,870,666,1.31,0.237038,2024-09-11
GME,20.64,2024-09-13,2,Call,21.5,0.21,0.21,0.29,2299,1691,1.36,0.27015,2024-09-11
GME,20.64,2025-01-17,129,Call,21,3.85,4.15,4.15,866,617,1.4,0.580374,2024-09-11
GME,20.64,2024-09-20,9,Call,23,0.54,0.54,0.55,6529,3832,1.7,0.279912,2024-09-11
GME,23.45,2024-09-13,3,Put,20,0.35,0.36,0.36,11429,4820,2.37,-0.156696,2024-09-10
GME,23.45,2024-09-13,3,Call,24.5,1.29,1.33,1.38,3147,2461,1.28,0.445301,2024-09-10
GME,23.45,2024-09-13,3,Put,24.5,2.3,2.39,2.49,1036,799,1.3,-0.55364,2024-09-10
GME,23.45,2024-09-20,10,Put,21.5,0.85,0.94,1.02,2554,1877,1.36,-0.293576,2024-09-10
GME,23.45,2024-09-13,3,Call,24,1.48,1.52,1.52,13352,9165,1.46,0.488258,2024-09-10
GME,23.45,2024-09-13,3,Put,22.5,1.09,1.17,1.17,1976,1350,1.46,-0.37296,2024-09-10
GME,23.45,2024-09-20,10,Put,24,2.3,2.43,2.43,1186,815,1.46,-0.495168,2024-09-10
GME,23.45,2024-09-13,3,Put,21.5,0.75,0.77,0.78,2092,1334,1.57,-0.278669,2024-09-10
GME,23.45,2024-09-27,17,Call,29,1,1.23,1.23,586,368,1.59,0.303483,2024-09-10
GME,23.45,2024-09-13,3,Put,19,0.2,0.21,0.23,3341,2091,1.6,-0.099679,2024-09-10
GME,23.45,2024-09-13,3,Put,24,2,2.05,2.09,5520,3397,1.62,-0.512387,2024-09-10
GME,23.45,2024-09-13,3,Put,23.5,1.66,1.74,1.76,2302,1381,1.67,-0.468043,2024-09-10
GME,23.45,2024-09-20,10,Put,23.5,1.94,2.02,2.16,883,503,1.76,-0.461246,2024-09-10
GME,23.45,2024-09-20,10,Put,21,0.73,0.73,0.79,3909,1965,1.99,-0.249333,2024-09-10
GME,23.45,2024-10-18,38,Put,18,0.46,0.5,0.5,4683,2170,2.16,-0.135309,2024-09-10
GME,23.45,2024-09-20,10,Call,36,0.45,0.49,0.53,1098,498,2.2,0.138654,2024-09-10
GME,23.45,2024-09-13,3,Put,21,0.58,0.6,0.64,6229,2623,2.37,-0.233393,2024-09-10
GME,23.45,2024-09-13,3,Put,23,1.42,1.42,1.46,7022,2910,2.41,-0.421485,2024-09-10
GME,23.45,2024-09-13,3,Put,18,0.12,0.12,0.15,6200,1026,6.04,-0.06078,2024-09-10
GME,24.25,2024-09-13,4,Put,25,2.25,2.32,2.32,3864,522,7.4,-0.522776,2024-09-09
GME,24.25,2024-09-13,4,Call,32.5,0.31,0.4,0.45,1314,155,8.48,0.144319,2024-09-09
GME,24.25,2024-09-13,4,Call,26,1.25,1.31,1.31,3511,2627,1.34,0.407414,2024-09-09
GME,24.25,2024-09-13,4,Call,24,1.94,1.95,1.96,11102,7142,1.55,0.55899,2024-09-09
GME,24.25,2024-09-13,4,Put,23.5,1.33,1.4,1.45,1596,1031,1.55,-0.396291,2024-09-09
GME,24.25,2024-09-13,4,Call,24.5,1.71,1.77,1.8,2992,1792,1.67,0.517518,2024-09-09
GME,24.25,2024-09-13,4,Call,29,0.69,0.7,0.74,1655,864,1.92,0.243808,2024-09-09
GME,24.25,2024-09-13,4,Call,30.5,0.52,0.54,0.56,630,218,2.89,0.192343,2024-09-09
GME,24.25,2024-09-13,4,Call,28.5,0.73,0.74,0.86,681,213,3.2,0.260178,2024-09-09
GME,24.25,2024-09-13,4,Put,24,1.67,1.7,1.74,4844,941,5.15,-0.4405,2024-09-09
GME,24.25,2024-09-13,4,Put,24.5,1.93,1.98,2.03,974,159,6.13,-0.483285,2024-09-09
GME,23.92,2024-09-06,1,Call,23.5,0.35,0.35,0.51,26428,5083,5.2,0.756539,2024-09-06
GME,23.92,2024-09-06,1,Call,21.5,2.08,2.3,3.85,5186,1135,4.57,0.701246,2024-09-06
GME,23.92,2024-09-06,1,Put,24,0.01,0.22,0.23,3752,784,4.79,-0.568368,2024-09-06
GME,23.92,2024-09-13,7,Call,23.5,2.09,2.16,2.2,4565,908,5.03,0.574186,2024-09-06
GME,23.92,2024-09-13,7,Call,22.5,2.57,2.6,2.65,28792,4307,6.68,0.658615,2024-09-06
GME,23.92,2024-09-13,7,Call,31,0.63,0.78,0.8,1405,1130,1.24,0.224217,2024-09-06
GME,23.92,2024-09-13,7,Call,28,1,1.04,1.13,1973,1394,1.42,0.307182,2024-09-06
GME,23.92,2024-09-13,7,Call,26,1.33,1.42,1.5,2620,1783,1.47,0.404153,2024-09-06
GME,23.92,2024-09-13,7,Call,25.5,1.45,1.54,1.65,953,650,1.47,0.433401,2024-09-06
GME,23.92,2024-09-13,7,Put,21,0.55,0.56,0.62,2465,1648,1.5,-0.209043,2024-09-06
GME,23.92,2024-09-13,7,Call,27.5,1.05,1.13,1.22,1128,747,1.51,0.329621,2024-09-06
GME,23.92,2024-10-04,28,Call,30,1.7,1.85,1.93,849,561,1.51,0.352967,2024-09-06
GME,23.92,2024-09-13,7,Call,27,1.17,1.18,1.27,2668,1530,1.74,0.348454,2024-09-06
GME,23.92,2024-09-06,1,Call,22,1.74,1.78,2.08,6235,3557,1.75,0.850786,2024-09-06
GME,23.92,2024-09-13,7,Call,45,0.36,0.36,0.37,11860,6522,1.82,0.091876,2024-09-06
GME,23.92,2024-09-13,7,Call,30,0.83,0.83,0.84,18544,9938,1.87,0.243984,2024-09-06
GME,23.92,2024-09-13,7,Put,23.5,1.5,1.73,1.85,1143,605,1.89,-0.424939,2024-09-06
GME,23.92,2024-09-13,7,Call,23,2.24,2.4,2.55,9246,4738,1.95,0.614877,2024-09-06
GME,23.92,2024-09-13,7,Put,25,2.6,2.8,2.89,591,270,2.19,-0.53155,2024-09-06
GME,23.92,2024-09-13,7,Call,25,1.66,1.7,1.7,15262,6919,2.21,0.466509,2024-09-06
GME,23.92,2024-09-13,7,Call,24,1.93,2.05,2.05,8943,3587,2.49,0.536901,2024-09-06
GME,23.92,2024-09-13,7,Call,24.5,1.75,1.8,1.92,2890,1139,2.54,0.498038,2024-09-06
GME,23.92,2024-09-13,7,Call,40,0.42,0.43,0.43,11620,4200,2.77,0.115115,2024-09-06
GME,23.92,2024-09-13,7,Put,22,0.92,0.92,0.98,4873,1580,3.08,-0.294348,2024-09-06
GME,23.92,2024-09-06,1,Call,22.5,1.33,1.23,1.65,17078,4676,3.65,0.885764,2024-09-06
GME,23.92,2024-09-06,1,Call,23,0.87,0.87,0.9,22965,5852,3.92,0,2024-09-06
GME,23.92,2024-09-20,14,Put,22.5,1.56,1.64,1.75,1292,311,4.15,-0.35493,2024-09-06
GME,23.92,2024-10-04,28,Call,23.5,2.99,3.25,3.55,566,134,4.22,0.583098,2024-09-06
GME,23.92,2024-09-13,7,Put,17.5,0.07,0.1,0.1,2024,472,4.29,-0.047119,2024-09-06
GME,23.92,2024-09-06,1,Call,21.5,2.08,2.3,3.85,5186,1135,4.57,0.701246,2024-09-06
GME,23.92,2024-09-06,1,Put,24,0.01,0.22,0.23,3752,784,4.79,-0.568368,2024-09-06
GME,23.92,2024-09-13,7,Call,23.5,2.09,2.16,2.2,4565,908,5.03,0.574186,2024-09-06
GME,23.92,2024-09-06,1,Call,23.5,0.35,0.35,0.51,26428,5083,5.2,0.756539,2024-09-06
GME,22.39,2024-09-06,1,Call,23,0.16,0.16,0.2,7655,4553,1.68,0.274258,2024-09-05
GME,22.12,2024-09-13,9,Put,19.5,0.36,0.36,0.45,3349,581,5.76,-0.182773,2024-09-04
GME,22.12,2024-09-13,9,Put,21.5,1.13,1.23,1.31,879,497,1.77,-0.401349,2024-09-04
GME,22.12,2024-09-13,9,Put,22.5,1.84,1.88,2,947,372,2.55,-0.498072,2024-09-04
GME,23.14,2024-09-06,3,Call,30,0.12,0.13,0.14,15691,9973,1.57,0.077398,2024-09-03
GME,23.14,2024-10-04,31,Call,25,2.04,2.03,2.27,640,516,1.24,0.462047,2024-09-03
GME,23.14,2024-10-18,45,Call,70,0.51,0.55,0.6,1067,836,1.28,0.09606,2024-09-03
GME,23.14,2024-09-06,3,Put,21.5,0.2,0.2,0.24,1064,800,1.33,-0.180931,2024-09-03
GME,23.14,2024-09-06,3,Call,27,0.24,0.25,0.27,2616,1648,1.59,0.154938,2024-09-03
GME,23.14,2024-09-06,3,Call,26.5,0.26,0.31,0.31,1014,595,1.7,0.185587,2024-09-03
GME,23.14,2024-09-13,10,Call,20,3.45,3.55,3.65,2451,1391,1.76,0.821745,2024-09-03
GME,23.14,2024-09-06,3,Call,25,0.48,0.51,0.52,23147,12407,1.87,0.29319,2024-09-03
GME,23.14,2024-09-06,3,Call,29,0.15,0.16,0.17,1952,996,1.96,0.096282,2024-09-03
GME,23.14,2024-09-06,3,Put,22,0.34,0.36,0.38,2521,1248,2.02,-0.271112,2024-09-03
GME,23.14,2024-09-06,3,Call,25.5,0.36,0.37,0.43,2328,1053,2.21,0.234498,2024-09-03
GME,23.14,2024-09-06,3,Call,24,0.67,0.7,0.72,10480,4110,2.55,0.39655,2024-09-03
GME,23.14,2024-09-13,10,Call,32,0.51,0.58,0.66,608,238,2.55,0.176226,2024-09-03
GME,23.14,2024-09-06,3,Call,27.5,0.21,0.23,0.24,1005,379,2.65,0.139436,2024-09-03
GME,23.14,2024-09-06,3,Call,24.5,0.55,0.6,0.6,5235,1932,2.71,0.341139,2024-09-03
GME,23.14,2024-09-06,3,Put,23,0.85,0.88,0.92,3100,1101,2.82,-0.456128,2024-09-03
GME,23.14,2024-09-06,3,Call,28,0.19,0.2,0.2,3791,1340,2.83,0.121668,2024-09-03
GME,23.14,2024-09-06,3,Call,26,0.34,0.34,0.35,5796,2044,2.84,0.208397,2024-09-03
GME,23.14,2024-09-06,3,Call,23.5,0.78,0.83,0.85,5505,1828,3.01,0.463828,2024-09-03
GME,23.14,2024-09-06,3,Put,24,1.51,1.53,1.62,1155,380,3.04,-0.607604,2024-09-03
GME,23.14,2024-09-06,3,Put,23.5,1.11,1.2,1.29,1563,389,4.02,-0.535091,2024-09-03
GME,23.14,2024-09-13,10,Put,19,0.2,0.24,0.24,1262,298,4.23,-0.112809,2024-09-03
GME,23.42,2024-09-20,21,Call,22.5,2.34,2.7,2.8,1780,562,3.17,0.610374,2024-09-02
GME,23.42,2024-09-06,7,Call,30,0.29,0.31,0.31,8845,6597,1.34,0.137367,2024-09-02
GME,23.42,2024-09-06,7,Call,30.5,0.26,0.26,0.3,770,551,1.4,0.119228,2024-09-02
GME,23.42,2024-09-06,7,Call,25,0.6,0.62,0.63,14272,9982,1.43,0.330634,2024-09-02
GME,23.42,2024-09-06,7,Call,25.5,0.51,0.55,0.55,962,654,1.47,0.290984,2024-09-02
GME,23.42,2024-08-30,1,Call,22,1.33,1.5,1.5,14858,8596,1.73,0.876915,2024-09-02
GME,23.42,2024-09-20,21,Call,21,3.35,3.5,3.55,2168,1224,1.77,0.716672,2024-09-02
GME,23.42,2024-09-13,14,Call,23,2.04,2.25,2.26,3267,1840,1.78,0.574677,2024-09-02
GME,23.42,2024-09-06,7,Put,21.5,0.2,0.24,0.26,1039,567,1.83,-0.181229,2024-09-02
GME,23.42,2024-09-06,7,Call,26.5,0.42,0.53,0.52,641,349,1.84,0.236632,2024-09-02
GME,23.42,2024-09-06,7,Call,24,0.8,0.81,0.86,6339,3262,1.94,0.436407,2024-09-02
GME,23.42,2024-09-06,7,Call,24.5,0.69,0.73,0.74,1893,921,2.06,0.382104,2024-09-02
GME,23.42,2024-09-06,7,Call,28,0.35,0.35,0.39,1348,642,2.1,0.172998,2024-09-02
GME,23.42,2024-09-13,14,Call,23.5,1.96,2.01,2.09,589,273,2.16,0.536142,2024-09-02
GME,23.42,2024-09-06,7,Call,20.5,2.85,2.83,3.35,857,386,2.22,0.875252,2024-09-02
GME,23.42,2024-09-06,7,Call,23,1.2,1.2,1.24,6662,2937,2.27,0.587543,2024-09-02
GME,23.42,2024-09-06,7,Call,35,0.2,0.2,0.21,3502,1526,2.29,0.079682,2024-09-02
GME,23.42,2024-08-30,1,Call,22.5,0.77,0.88,1.04,16827,6972,2.41,0.807531,2024-09-02
GME,23.42,2024-09-06,7,Put,23,0.74,0.79,0.83,1954,779,2.51,-0.41184,2024-09-02
GME,23.42,2024-09-06,7,Put,22,0.36,0.36,0.37,1489,587,2.54,-0.248037,2024-09-02
GME,23.42,2024-09-06,7,Call,23.5,0.95,1.05,1.05,3454,1123,3.08,0.510639,2024-09-02
GME,23.42,2024-09-06,7,Call,26,0.42,0.51,0.51,2707,768,3.52,0.262061,2024-09-02
GME,23.42,2024-08-30,1,Call,23,0.4,0.52,0.46,32712,9155,3.57,0.922752,2024-09-02
GME,23.42,2024-08-30,1,Put,24,0.29,0.6,0.92,2770,487,5.69,-0.904028,2024-09-02
GME,23.42,2024-09-06,7,Call,23.5,0.95,1.05,1.05,3454,1123,3.08,0.510639,2024-08-30
GME,23.42,2024-09-06,7,Call,30,0.29,0.31,0.31,8845,6597,1.34,0.137367,2024-08-30
GME,23.42,2024-09-06,7,Call,30.5,0.26,0.26,0.3,770,551,1.4,0.119228,2024-08-30
GME,23.42,2024-09-06,7,Call,25,0.6,0.62,0.63,14272,9982,1.43,0.330634,2024-08-30
GME,23.42,2024-09-06,7,Call,25.5,0.51,0.55,0.55,962,654,1.47,0.290984,2024-08-30
GME,23.42,2024-08-30,1,Call,22,1.33,1.5,1.5,14858,8596,1.73,0.876915,2024-08-30
GME,23.42,2024-09-20,21,Call,21,3.35,3.5,3.55,2168,1224,1.77,0.716672,2024-08-30
GME,23.42,2024-09-13,14,Call,23,2.04,2.25,2.26,3267,1840,1.78,0.574677,2024-08-30
GME,23.42,2024-09-06,7,Put,21.5,0.2,0.24,0.26,1039,567,1.83,-0.181229,2024-08-30
GME,23.42,2024-09-06,7,Call,26.5,0.42,0.53,0.52,641,349,1.84,0.236632,2024-08-30
GME,23.42,2024-09-06,7,Call,24,0.8,0.81,0.86,6339,3262,1.94,0.436407,2024-08-30
GME,23.42,2024-09-06,7,Call,24.5,0.69,0.73,0.74,1893,921,2.06,0.382104,2024-08-30
GME,23.42,2024-09-06,7,Call,28,0.35,0.35,0.39,1348,642,2.1,0.172998,2024-08-30
GME,23.42,2024-09-13,14,Call,23.5,1.96,2.01,2.09,589,273,2.16,0.536142,2024-08-30
GME,23.42,2024-09-06,7,Call,20.5,2.85,2.83,3.35,857,386,2.22,0.875252,2024-08-30
GME,23.42,2024-09-06,7,Call,23,1.2,1.2,1.24,6662,2937,2.27,0.587543,2024-08-30
GME,23.42,2024-09-06,7,Call,35,0.2,0.2,0.21,3502,1526,2.29,0.079682,2024-08-30
GME,23.42,2024-08-30,1,Call,22.5,0.77,0.88,1.04,16827,6972,2.41,0.807531,2024-08-30
GME,23.42,2024-09-06,7,Put,23,0.74,0.79,0.83,1954,779,2.51,-0.41184,2024-08-30
GME,23.42,2024-09-06,7,Put,22,0.36,0.36,0.37,1489,587,2.54,-0.248037,2024-08-30
GME,23.42,2024-09-20,21,Call,22.5,2.34,2.7,2.8,1780,562,3.17,0.610374,2024-08-30
GME,23.42,2024-09-06,7,Call,26,0.42,0.51,0.51,2707,768,3.52,0.262061,2024-08-30
GME,23.42,2024-08-30,1,Call,23,0.4,0.52,0.46,32712,9155,3.57,0.922752,2024-08-30
GME,23.42,2024-08-30,1,Put,24,0.29,0.6,0.92,2770,487,5.69,-0.904028,2024-08-30
GME,21.51,2024-09-13,15,Call,20.5,2.02,2.28,2.66,746,106,7.04,0.629105,2024-08-29
GME,21.51,2024-09-13,15,Call,29,0.49,0.67,0.7,1157,148,7.82,0.206275,2024-08-29
GME,21.51,2024-09-20,22,Call,23.5,1.35,1.37,1.49,2031,176,11.54,0.406798,2024-08-29
GME,21.51,2024-09-06,8,Call,28.5,0.15,0.2,0.23,530,148,3.58,0.102919,2024-08-29
GME,21.51,2024-08-30,1,Call,23,0.13,0.13,0.15,11066,8469,1.31,0.170991,2024-08-29
GME,21.51,2024-09-06,8,Call,22,0.8,0.81,0.84,7537,5624,1.34,0.44768,2024-08-29
GME,21.51,2024-09-06,8,Put,19,0.08,0.12,0.13,539,385,1.4,-0.106873,2024-08-29
GME,21.51,2024-09-13,15,Call,23,1.19,1.4,1.4,1675,1176,1.42,0.430602,2024-08-29
GME,21.51,2024-09-06,8,Put,20,0.26,0.33,0.33,2416,1647,1.47,-0.232432,2024-08-29
GME,21.51,2024-09-06,8,Put,22,1.1,1.27,1.4,564,384,1.47,-0.554721,2024-08-29
GME,21.51,2024-09-06,8,Call,29,0.16,0.26,0.26,698,443,1.58,0.117802,2024-08-29
GME,21.51,2024-08-30,1,Call,22.5,0.18,0.18,0.19,11026,6473,1.7,0.239748,2024-08-29
GME,21.51,2025-01-17,142,Call,90,0.69,0.95,0.95,754,440,1.71,0.133876,2024-08-29
GME,21.51,2024-08-30,1,Call,22,0.26,0.29,0.3,15585,8872,1.76,0.357512,2024-08-29
GME,21.51,2024-09-06,8,Call,21.5,0.99,1,1.05,1695,906,1.87,0.52329,2024-08-29
GME,21.51,2024-08-30,1,Put,21,0.19,0.19,0.22,6312,3229,1.95,-0.294658,2024-08-29
GME,21.51,2024-09-06,8,Call,32,0.13,0.16,0.19,527,234,2.25,0.072924,2024-08-29
GME,21.51,2024-08-30,1,Call,20.5,1,1.1,1.21,5908,1796,3.29,0.84087,2024-08-29
GME,21.51,2024-09-13,15,Call,24.5,0.95,0.95,1.05,547,165,3.32,0.326854,2024-08-29
GME,19.9,2024-08-30,2,Put,19.5,0.23,0.23,0.35,2808,327,8.59,-0.335527,2024-08-28
GME,19.9,2024-09-06,9,Call,20.5,0.44,0.45,0.48,878,244,3.6,0.383202,2024-08-28
GME,19.9,2024-08-30,2,Put,19,0.11,0.13,0.15,1386,324,4.28,-0.200198,2024-08-28
GME,19.9,2024-09-13,16,Put,20.5,1.52,1.77,1.9,1063,202,5.26,-0.53045,2024-08-28
GME,19.9,2024-08-30,2,Put,20,0.47,0.47,0.5,3161,2330,1.36,-0.528317,2024-08-28
GME,19.9,2024-08-30,2,Call,19,0.96,1.09,1.11,526,382,1.38,0.76375,2024-08-28
GME,19.9,2024-09-13,16,Call,22,0.81,0.85,0.88,2730,1381,1.98,0.34663,2024-08-28
GME,19.9,2024-09-13,16,Call,21.5,0.91,1.09,1.17,837,391,2.14,0.399478,2024-08-28
GME,19.9,2024-09-06,9,Call,21,0.31,0.36,0.35,2245,921,2.44,0.295662,2024-08-28
GME,19.9,2024-08-30,2,Call,20.5,0.22,0.25,0.26,2206,892,2.47,0.324207,2024-08-28
GME,20.74,2024-08-30,3,Put,20.5,0.24,0.27,0.29,2079,1100,1.89,-0.39187,2024-08-27
GME,20.74,2024-09-06,10,Put,19.5,0.21,0.24,0.47,1702,100,17.02,-0.224165,2024-08-27
GME,20.74,2024-09-06,10,Call,21.5,0.4,0.53,0.57,796,501,1.59,0.379646,2024-08-27
GME,20.74,2024-09-13,17,Put,23,2.75,2.92,3.1,1226,180,6.81,-0.691721,2024-08-27
GME,20.74,2024-08-30,3,Call,21,0.29,0.3,0.3,5557,3923,1.42,0.410714,2024-08-27
GME,20.74,2024-08-30,3,Put,20,0.11,0.12,0.13,2170,1708,1.27,-0.212676,2024-08-27
GME,20.74,2024-08-30,3,Call,20.5,0.48,0.52,0.52,1293,317,4.08,0.604939,2024-08-27
GME,20.74,2024-09-06,10,Call,21,0.56,0.69,0.7,1137,452,2.52,0.46678,2024-08-27
GME,21.36,2024-08-30,4,Call,22.5,0.16,0.17,0.18,14229,7833,1.82,0.220284,2024-08-26
GME,21.36,2024-08-30,4,Call,21.5,0.36,0.38,0.37,11133,619,17.99,0.45734,2024-08-26
GME,21.36,2024-09-13,18,Call,22.5,1.05,1.19,1.19,2253,471,4.78,0.430834,2024-08-26
GME,21.36,2024-09-13,18,Call,35,0.24,0.25,0.3,564,180,3.13,0.088014,2024-08-26
GME,21.36,2024-08-30,4,Call,22,0.23,0.25,0.25,6189,2853,2.17,0.317065,2024-08-26
GME,21.36,2024-08-30,4,Call,23,0.13,0.13,0.14,9478,7351,1.29,0.163161,2024-08-26
GME,22.21,2024-08-30,7,Call,22.5,0.4,0.42,0.45,8931,1409,6.34,0.427946,2024-08-23
GME,22.21,2024-09-06,14,Call,23,0.64,0.68,0.68,2696,2077,1.3,0.399866,2024-08-23
GME,22.21,2024-08-30,7,Put,22,0.36,0.38,0.48,2661,1544,1.72,-0.420793,2024-08-23
GME,22.21,2024-08-30,7,Call,23.5,0.16,0.21,0.21,1941,1040,1.87,0.230084,2024-08-23
GME,22.21,2024-09-06,14,Call,22.5,0.8,0.83,0.87,3893,928,4.2,0.472018,2024-08-23
GME,22.12,2024-09-20,29,Put,22.5,1.86,1.95,2.27,611,216,2.83,-0.494906,2024-08-22
GME,22.12,2024-09-06,15,Call,25.5,0.4,0.45,0.48,513,117,4.38,0.224627,2024-08-22
GME,22.55,2025-06-20,303,Call,42,3.6,3.9,4.1,936,155,6.04,0.401444,2024-08-21
GME,22.28,2024-08-30,10,Put,21.5,0.24,0.28,0.3,829,355,2.34,-0.287914,2024-08-20
GME,22.28,2024-08-30,10,Put,20.5,0.1,0.13,0.13,531,210,2.53,-0.139147,2024-08-20
GME,22.28,2024-08-30,10,Call,27,0.12,0.13,0.15,2166,839,2.58,0.094575,2024-08-20
GME,22.28,2024-08-23,3,Call,22.5,0.33,0.35,0.37,9561,2875,3.33,0.432173,2024-08-20
GME,22.28,2024-09-13,24,Call,24,1.17,1.25,1.31,1363,268,5.09,0.405197,2024-08-20
GME,22.66,2024-09-06,18,Put,22.5,1.06,1.2,1.4,1878,190,9.88,-0.452099,2024-08-19
GME,22.66,2024-08-23,4,Put,22.5,0.43,0.46,0.51,3477,1023,3.4,-0.441319,2024-08-19
GME,22.66,2024-09-06,18,Call,22,1.33,1.6,1.74,1597,1271,1.26,0.607781,2024-08-19
GME,22.66,2024-09-20,32,Call,26,1.12,1.17,1.21,1224,904,1.35,0.341536,2024-08-19
GME,22.66,2024-08-23,4,Call,25.5,0.09,0.1,0.11,1016,627,1.62,0.105139,2024-08-19
GME,22.66,2024-08-23,4,Call,21,1.6,1.8,1.85,1879,1091,1.72,0.847422,2024-08-19
GME,22.66,2024-08-30,11,Call,20,2.6,2.8,2.8,3413,1896,1.8,0.882805,2024-08-19
GME,22.66,2024-08-23,4,Call,24,0.2,0.22,0.23,7923,3327,2.38,0.231411,2024-08-19
GME,22.66,2024-08-23,4,Call,24.5,0.15,0.16,0.17,2379,789,3.02,0.172029,2024-08-19
GME,22.66,2024-08-23,4,Call,23,0.44,0.44,0.48,12886,3927,3.28,0.421852,2024-08-19
GME,22.66,2024-08-23,4,Call,23.5,0.29,0.31,0.34,4217,1275,3.31,0.313562,2024-08-19
GME,22.66,2024-08-30,11,Call,25.5,0.24,0.27,0.3,950,285,3.33,0.18575,2024-08-19
GME,22.4,2024-08-23,7,Call,22.5,0.6,0.62,0.65,2824,1159,2.44,0.489743,2024-08-16
GME,22.4,2024-08-23,7,Put,23,0.92,1.03,1.21,1631,664,2.46,-0.622412,2024-08-16
GME,22.4,2024-08-23,7,Call,23.5,0.3,0.35,0.38,1659,604,2.75,0.300866,2024-08-16
GME,22.4,2024-08-16,1,Put,22.5,0.02,0.11,0.16,3878,938,4.13,-0.832348,2024-08-16
GME,22.4,2024-08-23,7,Call,24.5,0.21,0.25,0.26,649,336,1.93,0.203873,2024-08-16
GME,22.4,2024-08-23,7,Put,22.5,0.63,0.68,0.76,737,400,1.84,-0.512136,2024-08-16
GME,22.4,2024-08-23,7,Call,21,1.5,1.62,1.64,1016,575,1.77,0.792727,2024-08-16
GME,22.4,2024-08-23,7,Call,23,0.42,0.46,0.45,3437,2441,1.41,0.37871,2024-08-16
GME,22.4,2024-08-23,7,Call,20.5,1.7,2.28,2.24,546,425,1.28,0.901863,2024-08-16
GME,22.53,2024-08-16,1,Put,22.5,0.25,0.29,0.31,1953,534,3.66,-0.477867,2024-08-15
GME,22.53,2024-08-16,1,Call,22.5,0.28,0.33,0.35,5778,3798,1.52,0.521757,2024-08-15
GME,21.99,2024-08-30,16,Call,21,1.42,1.56,1.61,3297,569,5.79,0.672358,2024-08-14
GME,21.99,2025-01-17,157,Put,16,1,1.1,1.37,700,367,1.91,-0.170857,2024-08-14
GME,21.99,2024-08-30,16,Call,22,0.96,1.02,1.09,2780,2243,1.24,0.519156,2024-08-14
GME,21.99,2024-08-16,2,Put,21.5,0.2,0.2,0.22,2448,1961,1.25,-0.303806,2024-08-14
GME,21.99,2024-09-20,37,Call,32,0.8,0.85,0.85,637,281,2.27,0.211763,2024-08-14
GME,22.27,2024-08-23,9,Call,22,0.93,0.99,1.03,2071,897,2.31,0.567582,2024-08-13
GME,22.27,2024-08-30,16,Put,23.5,1.69,1.86,2.11,1264,374,3.38,-0.643811,2024-08-13
GME,22.27,2024-09-13,30,Put,20,0.79,1.04,1.04,1062,248,4.28,-0.282138,2024-08-13
GME,21.88,2024-08-16,3,Call,22.5,0.43,0.48,0.5,3397,2258,1.5,0.386424,2024-08-12
GME,21.88,2024-08-23,10,Put,19.5,0.19,0.23,0.26,1058,151,7.01,-0.156555,2024-08-12
GME,21.88,2024-08-30,17,Call,40,0.15,0.16,0.2,1271,933,1.36,0.056432,2024-08-12
GME,21.88,2024-08-16,3,Put,21.5,0.46,0.47,0.51,2305,708,3.26,-0.392645,2024-08-12
GME,21.93,2024-08-16,6,Call,22,0.86,0.87,0.94,8540,6538,1.31,0.507232,2024-08-09
GME,21.93,2024-08-09,0,Put,22.5,0.4,0.61,0.84,1908,1477,1.29,-0.853928,2024-08-09
GME,21.93,2024-08-09,0,Call,21.5,0.36,0.47,0.78,5424,3870,1.4,0.833053,2024-08-09
GME,21.93,2024-08-16,6,Put,20.5,0.28,0.37,0.36,636,357,1.78,-0.235691,2024-08-09
GME,21.93,2024-08-16,6,Call,22.5,0.62,0.68,0.76,2676,1118,2.39,0.424048,2024-08-09
GME,21.93,2024-08-30,20,Call,22,1.6,1.62,1.68,2295,705,3.26,0.528514,2024-08-09
GME,21.93,2024-08-16,6,Call,23.5,0.44,0.45,0.47,5364,1110,4.83,0.295665,2024-08-09
GME,21.75,2024-08-23,14,Call,50,0.15,0.2,0.21,3384,2230,1.52,0.055558,2024-08-08
GME,21.75,2024-08-09,0,Call,21.5,0.51,0.51,0.52,5212,1907,2.73,0.613558,2024-08-08
GME,20.83,2024-08-09,1,Put,20.5,0.25,0.3,0.43,1663,510,3.26,-0.373748,2024-08-07
GME,20.83,2024-09-20,43,Call,24,1.92,1.92,2.22,842,604,1.39,0.417462,2024-08-07
GME,21.28,2024-08-09,2,Put,22.5,1.34,1.33,1.58,1123,744,1.51,-0.749887,2024-08-06
GME,21.28,2024-08-16,9,Call,23.5,0.44,0.47,0.5,828,516,1.6,0.268517,2024-08-06
GME,21.28,2024-08-09,2,Call,21,0.78,0.78,0.8,5740,3333,1.72,0.584339,2024-08-06
GME,21.28,2024-08-09,2,Put,20.5,0.28,0.34,0.34,545,285,1.91,-0.304294,2024-08-06
GME,21.28,2024-08-16,9,Call,22.5,0.6,0.73,0.79,835,575,1.45,0.374047,2024-08-06
GME,20.65,2024-08-30,24,Put,21,1.53,2.46,2.4,1049,498,2.11,-0.488421,2024-08-05
GME,20.65,2024-08-16,10,Call,21,1.18,1.26,1.3,2826,1268,2.23,0.493982,2024-08-05
GME,20.65,2024-08-09,3,Put,19,0.26,0.34,0.37,2037,859,2.37,-0.224799,2024-08-05
GME,20.65,2024-08-09,3,Call,21.5,0.6,0.59,0.61,1722,586,2.94,0.385092,2024-08-05
GME,20.65,2024-08-09,3,Put,17.5,0.12,0.14,0.19,684,180,3.8,-0.099466,2024-08-05
GME,20.65,2024-08-30,24,Call,24,0.72,0.98,1.5,2237,573,3.9,0.322051,2024-08-05
GME,20.65,2024-08-30,24,Call,23,1.05,1.18,1.93,2134,488,4.37,0.376559,2024-08-05
GME,20.65,2024-08-09,3,Put,18.5,0.15,0.24,0.28,626,143,4.38,-0.168454,2024-08-05
GME,20.65,2024-08-09,3,Call,21,0.76,0.77,0.8,4802,1083,4.43,0.462408,2024-08-05
GME,20.65,2024-08-09,3,Put,18,0.16,0.18,0.2,1828,364,5.02,-0.12842,2024-08-05
GME,20.65,2024-08-09,3,Call,20.5,0.95,1.02,1.05,1359,229,5.93,0.54745,2024-08-05
GME,20.65,2024-09-13,38,Call,20,2.6,2.94,4.9,1018,104,9.79,0.598264,2024-08-05
GME,20.65,2024-08-09,3,Call,20,1.27,1.3,1.34,4369,733,5.96,0.629923,2024-08-05
GME,20.65,2024-08-09,3,Call,22,0.41,0.47,0.49,7165,4953,1.45,0.31633,2024-08-05
GME,20.65,2024-08-23,17,Call,23,0.91,1,1.05,840,555,1.51,0.355916,2024-08-05
GME,20.65,2024-08-09,3,Put,19.5,0.34,0.46,0.5,2555,1665,1.53,-0.289802,2024-08-05
GME,20.65,2024-08-09,3,Call,23,0.31,0.31,0.32,8008,4570,1.75,0.217805,2024-08-05
GME,20.65,2024-08-09,3,Call,23.5,0.15,0.27,0.33,1947,1507,1.29,0.187254,2024-08-05
GME,20.65,2024-08-30,24,Call,25,0.9,0.99,1,2948,2271,1.3,0.300732,2024-08-05
GME,21.07,2024-09-20,48,Call,20,3.15,3.35,3.3,5757,2263,2.54,0.620836,2024-08-02
GME,21.07,2024-09-20,48,Put,22,2.9,3.27,3.55,2044,548,3.73,-0.48661,2024-08-02
GME,21.07,2024-08-09,6,Call,21.5,0.73,0.74,0.79,1381,137,10.08,0.448455,2024-08-02
GME,21.07,2024-08-09,6,Call,21,0.93,0.99,1.36,2080,143,14.55,0.533127,2024-08-02
GME,21.07,2024-08-02,0,Call,21,0.07,0.1,0.34,11831,484,24.44,0.681514,2024-08-02
GME,21.07,2024-08-09,6,Call,23.5,0.33,0.35,0.35,1174,849,1.38,0.227376,2024-08-02
GME,21.07,2024-08-09,6,Call,22,0.61,0.61,0.68,7747,5364,1.44,0.377796,2024-08-02
GME,21.07,2024-08-09,6,Call,20,1.37,1.53,1.59,662,453,1.46,0.700451,2024-08-02
GME,21.07,2024-08-09,6,Put,19,0.2,0.24,0.24,918,625,1.47,-0.172475,2024-08-02
GME,21.07,2024-08-02,0,Put,21.5,0.1,0.49,1.59,2578,1366,1.89,-0.793201,2024-08-02
GME,21.71,2024-08-02,0,Call,22,0.3,0.3,0.34,11069,2244,4.93,0.403103,2024-08-01
GME,21.71,2024-08-09,7,Call,23.5,0.41,0.53,0.56,845,557,1.52,0.302402,2024-08-01
GME,21.71,2024-08-02,0,Call,21.5,0.52,0.54,0.56,629,396,1.59,0.58707,2024-08-01
GME,21.71,2024-08-02,0,Call,22.5,0.17,0.18,0.19,5848,3076,1.9,0.261564,2024-08-01
GME,21.71,2024-08-09,7,Put,19,0.17,0.17,0.18,845,424,1.99,-0.123456,2024-08-01
GME,21.71,2024-08-02,0,Put,21.5,0.27,0.29,0.32,1795,841,2.13,-0.405571,2024-08-01
GME,21.71,2024-08-02,0,Put,21,0.12,0.14,0.17,3510,1075,3.27,-0.231415,2024-08-01
GME,21.71,2024-09-06,35,Call,22,1.9,2.04,3.2,623,152,4.1,0.525423,2024-08-01
GME,21.71,2024-08-09,7,Put,21.5,0.84,0.87,0.95,1577,322,4.9,-0.443678,2024-08-01
GME,21.71,2024-08-09,7,Call,22,0.89,0.94,0.96,6369,654,9.74,0.480916,2024-08-01
GME,22.67,2024-08-02,1,Call,23.5,0.19,0.22,0.25,3024,1997,1.51,0.277877,2024-07-31
GME,22.67,2024-08-02,1,Put,21.5,0.07,0.11,0.13,797,631,1.26,-0.162073,2024-07-31
GME,22.67,2024-08-02,1,Call,23,0.36,0.38,0.39,7358,5222,1.41,0.412764,2024-07-31
GME,22.67,2024-09-20,50,Call,23,2.81,2.9,3.15,1911,456,4.19,0.546111,2024-07-31
GME,22.4,2024-08-09,9,Put,21,0.32,0.45,0.5,4530,524,8.65,-0.26872,2024-07-30
GME,22.4,2024-08-16,16,Call,37,0.23,0.25,0.28,837,676,1.24,0.084476,2024-07-30
GME,22.4,2024-08-02,2,Call,24,0.23,0.24,0.27,7465,5702,1.31,0.224312,2024-07-30
GME,22.4,2024-08-02,2,Put,21.5,0.27,0.29,0.3,1671,1242,1.35,-0.275774,2024-07-30
GME,22.4,2024-08-09,9,Call,22,1.2,1.3,1.41,750,363,2.07,0.580775,2024-07-30
GME,22.4,2024-08-02,2,Call,23.5,0.3,0.32,0.34,3175,1040,3.05,0.291367,2024-07-30
GME,22.4,2025-01-17,171,Call,37,3.15,3.3,3.7,704,224,3.14,0.389637,2024-07-30
GME,22.4,2024-08-02,2,Call,23,0.44,0.45,0.5,7550,1809,4.17,0.382642,2024-07-30
GME,22.4,2024-08-09,9,Call,23.5,0.68,0.69,0.83,719,171,4.2,0.375369,2024-07-30
GME,22.4,2024-08-09,9,Call,23,0.85,0.86,0.97,3806,364,10.46,0.440098,2024-07-30
GME,22.4,2024-08-02,2,Call,22.5,0.64,0.61,0.67,4295,294,14.61,0.492687,2024-07-30
GME,23.6,2024-08-09,10,Put,22,0.32,0.32,0.35,5056,363,13.93,-0.224946,2024-07-29
GME,23.6,2024-08-02,3,Call,24,0.49,0.51,0.52,5949,3732,1.59,0.4226,2024-07-29
GME,23.6,2024-08-02,3,Call,23.5,0.64,0.68,0.75,1673,854,1.96,0.538003,2024-07-29
GME,23.6,2024-08-02,3,Call,24.5,0.36,0.39,0.4,6932,3032,2.29,0.331444,2024-07-29
GME,23.6,2024-08-09,10,Call,24,0.78,0.85,0.85,5018,1225,4.1,0.459445,2024-07-29
GME,24.13,2024-07-26,0,Call,24,0.12,0.18,0.22,5467,4408,1.24,0.694926,2024-07-26
GME,24.13,2024-07-26,0,Put,24.5,0.3,0.34,0.36,3743,3023,1.24,0,2024-07-26
GME,24.13,2024-08-02,6,Put,27,3,3.1,3.25,529,395,1.34,-0.830485,2024-07-26
GME,24.13,2024-08-02,6,Call,25,0.64,0.64,0.66,14938,10500,1.42,0.38561,2024-07-26
GME,24.13,2024-08-02,6,Put,23.5,0.5,0.53,0.53,5024,1339,3.75,-0.361729,2024-07-26
GME,24.13,2024-08-02,6,Call,24.5,0.75,0.78,0.78,2862,1158,2.47,0.457312,2024-07-26
GME,24.13,2024-08-02,6,Call,26,0.43,0.43,0.45,5755,3068,1.88,0.272147,2024-07-26
GME,24.13,2024-08-02,6,Call,25.5,0.5,0.53,0.53,1690,1005,1.68,0.325437,2024-07-26
GME,23.95,2024-07-26,0,Call,24.5,0.17,0.18,0.19,6559,3157,2.08,0.296526,2024-07-25
GME,24.01,2024-08-23,29,Put,22,0.87,1.06,1.08,800,271,2.95,-0.29924,2024-07-24
GME,24.01,2024-07-26,1,Put,24.5,0.78,0.85,0.92,2980,2406,1.24,-0.622663,2024-07-24
GME,24.01,2024-08-09,15,Call,24,1.49,1.58,1.62,516,411,1.26,0.532242,2024-07-24
GME,24.01,2024-08-02,8,Call,24.5,0.85,0.96,1,741,550,1.35,0.458266,2024-07-24
GME,24.01,2024-08-09,15,Call,27,0.73,0.85,0.93,562,409,1.37,0.308911,2024-07-24
GME,24.01,2024-08-02,8,Call,31,0.19,0.22,0.25,823,597,1.38,0.107542,2024-07-24
GME,24.01,2024-07-26,1,Call,23.5,0.76,0.76,0.94,961,680,1.41,0.678993,2024-07-24
GME,24.01,2024-08-02,8,Call,28.5,0.26,0.33,0.45,1264,889,1.42,0.168381,2024-07-24
GME,24.01,2024-08-02,8,Put,22.5,0.29,0.29,0.39,1536,1024,1.5,-0.222358,2024-07-24
GME,24.01,2024-07-26,1,Put,23,0.11,0.13,0.15,5156,3220,1.6,-0.190279,2024-07-24
GME,24.01,2024-08-02,8,Put,24.5,1.27,1.34,1.45,1076,625,1.72,-0.550015,2024-07-24
GME,24.01,2024-08-23,29,Put,20,0.3,0.34,0.4,822,447,1.84,-0.138939,2024-07-24
GME,24.01,2024-08-02,8,Put,23,0.4,0.55,0.6,2568,1155,2.22,-0.320692,2024-07-24
GME,24.01,2024-08-02,8,Put,24,1,1,1.08,4047,1474,2.75,-0.477558,2024-07-24
GME,24.01,2024-07-26,1,Call,24.5,0.34,0.4,0.39,5174,1859,2.78,0.37861,2024-07-24
GME,24.01,2024-08-02,8,Call,24,1.03,1.16,1.16,2794,973,2.87,0.52446,2024-07-24
GME,24.01,2024-08-02,8,Put,22,0.18,0.2,0.21,7874,1164,6.76,-0.162277,2024-07-24
GME,24.01,2024-08-09,15,Call,24.5,1.25,1.42,1.4,926,113,8.19,0.480804,2024-07-24
GME,25.22,2024-07-26,3,Call,28.5,0.34,0.35,0.39,2025,1136,1.78,0.198207,2024-07-22
GME,25.22,2024-08-16,24,Call,32,1.35,1.44,1.53,1233,685,1.8,0.304445,2024-07-22
GME,25.22,2024-07-26,3,Call,27.5,0.41,0.46,0.46,2636,1388,1.9,0.260388,2024-07-22
GME,25.22,2025-01-17,179,Call,20,9,9.26,9.4,8791,4267,2.06,0.739017,2024-07-22
GME,25.22,2024-10-18,87,Call,60,1.85,1.98,2.15,1803,872,2.07,0.237494,2024-07-22
GME,25.22,2024-07-26,3,Call,25.5,0.82,0.85,0.9,7723,3322,2.32,0.473848,2024-07-22
GME,25.22,2024-09-20,59,Put,23,2.65,2.81,3,1140,146,7.81,-0.33151,2024-07-22
GME,25.22,2024-09-20,59,Put,13,0.04,0.11,0.12,557,432,1.29,-0.026264,2024-07-22
GME,25.22,2024-09-20,59,Call,30,3.35,3.6,3.6,4083,3144,1.3,0.469109,2024-07-22
GME,25.22,2024-07-26,3,Put,24.5,0.44,0.5,0.51,2063,1432,1.44,-0.346217,2024-07-22
GME,25.22,2024-07-26,3,Call,25,1,1.02,1.05,12438,8513,1.46,0.556118,2024-07-22
GME,25.22,2024-10-18,87,Call,90,1.08,1.28,1.38,2017,1332,1.51,0.155258,2024-07-22
GME,25.22,2024-07-26,3,Call,30.5,0.25,0.27,0.3,1493,988,1.51,0.138619,2024-07-22
GME,25.22,2024-07-26,3,Call,26,0.68,0.7,0.76,8182,4964,1.65,0.402297,2024-07-22
GME,25.22,2024-08-02,10,Put,25,1.3,1.38,1.43,1723,1042,1.65,-0.446736,2024-07-22
GME,25.22,2024-07-26,3,Call,26.5,0.56,0.59,0.61,3249,1880,1.73,0.343056,2024-07-22
GME,24.97,2024-08-02,13,Call,32,0.65,0.72,0.82,2252,385,5.85,0.213744,2024-07-19
GME,24.97,2024-07-26,6,Put,23,0.28,0.28,0.3,2809,2256,1.25,-0.192575,2024-07-19
GME,24.97,2024-07-26,6,Call,29.5,0.46,0.5,0.51,788,619,1.27,0.208792,2024-07-19
GME,24.97,2024-08-02,13,Call,28,1.1,1.13,1.26,2540,1959,1.3,0.34236,2024-07-19
GME,24.97,2024-07-26,6,Call,27,0.7,0.72,0.76,5624,4199,1.34,0.32356,2024-07-19
GME,24.97,2024-08-02,13,Call,30,0.9,0.93,0.92,6299,4637,1.36,0.269712,2024-07-19
GME,24.97,2024-07-26,6,Call,28,0.6,0.61,0.62,10609,7096,1.5,0.266668,2024-07-19
GME,24.97,2024-08-02,13,Call,25,1.85,1.93,1.92,4673,3120,1.5,0.53441,2024-07-19
GME,24.97,2024-08-23,34,Call,40,1.3,1.56,2.05,725,460,1.58,0.254994,2024-07-19
GME,24.97,2024-07-19,0,Put,25.5,0.51,0.51,0.59,7949,4864,1.63,-0.811919,2024-07-19
GME,24.97,2024-07-26,6,Put,24.5,0.88,0.95,0.98,1593,872,1.83,-0.413064,2024-07-19
GME,24.97,2024-07-26,6,Call,26.5,0.78,0.83,0.86,2330,1052,2.21,0.365394,2024-07-19
GME,24.97,2024-07-26,6,Call,26,0.91,0.95,0.96,6317,2732,2.31,0.41137,2024-07-19
GME,24.97,2024-07-26,6,Call,24.5,1.36,1.42,1.49,1822,696,2.62,0.586109,2024-07-19
GME,24.97,2024-09-20,62,Put,18,0.63,0.76,0.89,603,227,2.66,-0.138641,2024-07-19
GME,24.97,2024-08-02,13,Put,23.5,0.84,0.98,1,617,189,3.26,-0.327126,2024-07-19
GME,24.97,2024-07-26,6,Call,48,0.1,0.17,0.18,2091,665,3.14,0.051159,2024-07-19
GME,25.88,2024-07-26,7,Put,23.5,0.37,0.47,0.52,1426,636,2.24,-0.218206,2024-07-18
GME,25.88,2024-07-26,7,Call,29,0.9,0.96,0.96,2618,1931,1.36,0.318086,2024-07-18
GME,25.88,2024-09-20,63,Call,40,2.51,2.97,2.97,1186,655,1.81,0.358627,2024-07-18
GME,25.88,2024-07-19,0,Call,28,0.15,0.17,0.17,17893,9567,1.87,0.164963,2024-07-18
GME,25.88,2024-07-19,0,Call,28.5,0.11,0.15,0.15,4603,2381,1.93,0.138538,2024-07-18
GME,25.88,2024-08-02,14,Call,29,1.67,1.69,1.75,1150,541,2.13,0.390355,2024-07-18
GME,25.88,2024-07-26,7,Put,22.5,0.21,0.21,0.23,6034,2702,2.23,-0.122119,2024-07-18
GME,25.88,2024-07-19,0,Call,26.5,0.4,0.42,0.45,6234,2691,2.32,0.371475,2024-07-18
GME,25.88,2024-07-19,0,Call,27,0.29,0.3,0.3,21161,7843,2.7,0.280835,2024-07-18
GME,25.88,2024-07-26,7,Put,25.5,1.32,1.34,1.47,2782,839,3.32,-0.430782,2024-07-18
GME,25.88,2024-07-26,7,Put,26,1.67,1.73,1.85,5925,1766,3.36,-0.478944,2024-07-18
GME,25.88,2024-07-26,7,Call,27,1.25,1.25,1.47,6294,1867,3.37,0.431585,2024-07-18
GME,25.88,2024-07-26,7,Call,28,1.08,1.03,1.13,11188,3145,3.56,0.369548,2024-07-18
GME,25.88,2024-10-18,91,Call,90,1.35,1.5,1.65,1283,131,9.79,0.171579,2024-07-18
GME,25.88,2024-07-26,7,Put,26.5,1.98,2.05,2.15,4579,240,19.08,-0.523954,2024-07-18
GME,27.98,2024-08-02,15,Call,29.5,2.84,2.72,3.4,1002,126,7.95,0.503488,2024-07-17
GME,27.98,2024-07-19,1,Call,30.5,0.82,0.87,0.89,2200,1771,1.24,0.323341,2024-07-17
GME,27.98,2024-07-19,1,Put,27,0.67,0.75,0.79,6284,4872,1.29,-0.349683,2024-07-17
GME,27.98,2024-07-26,8,Put,28,2.5,2.61,2.7,535,348,1.54,-0.454297,2024-07-17
GME,27.98,2024-07-19,1,Call,33,0.49,0.52,0.57,4883,3138,1.56,0.201864,2024-07-17
GME,27.98,2024-07-19,1,Call,28.5,1.2,1.2,1.3,3593,2129,1.69,0.468358,2024-07-17
GME,27.98,2024-07-26,8,Call,45,0.66,0.71,0.73,3114,1830,1.7,0.149312,2024-07-17
GME,27.98,2024-07-26,8,Call,33,1.56,1.65,1.87,647,375,1.73,0.343797,2024-07-17
GME,27.98,2024-07-19,1,Put,28.5,1.57,1.75,1.75,1402,765,1.83,-0.529813,2024-07-17
GME,27.98,2024-07-26,8,Call,42,0.8,0.8,0.97,606,310,1.95,0.172423,2024-07-17
GME,27.98,2024-07-26,8,Call,29.5,2.26,2.43,2.35,657,329,2,0.471804,2024-07-17
GME,27.98,2024-07-26,8,Call,31,1.83,2.08,2.07,1177,577,2.04,0.407738,2024-07-17
GME,27.98,2024-07-19,1,Call,29.5,0.99,1.02,1.1,2900,1331,2.18,0.386023,2024-07-17
GME,27.98,2024-07-19,1,Put,28,1.24,1.37,1.37,4237,1908,2.22,-0.47798,2024-07-17
GME,27.98,2024-07-26,8,Call,37,1.09,1.15,1.35,1005,437,2.3,0.245908,2024-07-17
GME,27.98,2024-07-19,1,Call,29,1.11,1.07,1.13,10745,4405,2.44,0.425302,2024-07-17
GME,27.98,2024-07-19,1,Put,29,2.04,2.14,2.11,1650,633,2.61,-0.580232,2024-07-17
GME,27.98,2024-07-26,8,Call,41,0.82,0.94,0.97,1100,389,2.83,0.194632,2024-07-17
GME,27.98,2024-07-19,1,Put,27.5,0.97,1.07,1.07,2196,713,3.08,-0.418235,2024-07-17
GME,27.98,2024-07-26,8,Call,29,2.28,2.43,2.48,4335,1147,3.78,0.495272,2024-07-17
GME,28.54,2024-07-19,2,Call,30.5,1.17,1.27,1.3,2381,1317,1.81,0.38924,2024-07-16
GME,28.54,2024-07-26,9,Call,40,1.26,1.29,1.33,4821,3848,1.25,0.241056,2024-07-16
GME,28.54,2024-07-26,9,Put,25.5,1,1.05,1.14,650,457,1.42,-0.260028,2024-07-16
GME,28.54,2024-10-18,93,Call,28,6.95,7.05,7.5,851,588,1.45,0.626971,2024-07-16
GME,28.54,2024-07-19,2,Call,29,1.59,1.59,1.65,5952,3255,1.83,0.491023,2024-07-16
GME,28.54,2024-07-26,9,Call,25.5,3.85,4.1,4.4,2982,1291,2.31,0.738134,2024-07-16
GME,28.54,2024-07-19,2,Call,39,0.4,0.45,0.7,2056,857,2.4,0.136033,2024-07-16
GME,28.54,2024-07-26,9,Call,28.5,2.8,3.05,3.05,1526,577,2.64,0.554728,2024-07-16
GME,28.54,2024-07-19,2,Put,26,0.3,0.31,0.35,8639,3126,2.76,-0.177983,2024-07-16
GME,28.54,2024-07-19,2,Call,28.5,1.68,1.85,1.84,4295,1437,2.99,0.534048,2024-07-16
GME,28.54,2024-07-19,2,Put,25.5,0.19,0.22,0.24,6976,2209,3.16,-0.13522,2024-07-16
GME,28.54,2024-07-19,2,Put,28,1.19,1.35,1.41,2947,798,3.69,-0.418553,2024-07-16
GME,28.54,2024-10-18,93,Call,100,2.05,2.2,2.2,6816,1426,4.78,0.208227,2024-07-16
GME,28.54,2024-07-19,2,Put,26.5,0.47,0.52,0.61,4499,912,4.93,-0.245486,2024-07-16
GME,28.54,2024-07-19,2,Call,31.5,1.01,1.07,1.2,979,160,6.12,0.333225,2024-07-16
GME,28.54,2024-07-19,2,Put,27,0.7,0.7,0.84,8788,1415,6.21,-0.300912,2024-07-16
GME,28.54,2024-07-26,9,Put,27,1.72,1.88,1.9,1328,181,7.34,-0.361112,2024-07-16
GME,28.54,2024-07-19,2,Call,32,1,1.01,1.05,9873,4323,2.28,0.311889,2024-07-16
GME,28.54,2024-07-26,9,Call,27.5,3.05,3.25,3.45,1367,613,2.23,0.607546,2024-07-16
GME,28.54,2024-07-26,9,Put,26,1.22,1.27,1.35,992,463,2.14,-0.293448,2024-07-16
GME,28.54,2024-07-19,2,Call,28,1.82,1.9,1.95,15911,7545,2.11,0.58107,2024-07-16
GME,28.54,2024-07-26,9,Call,28,2.91,3.06,3.2,3399,1733,1.96,0.579097,2024-07-16
GME,27,2024-07-19,3,Call,28,1.25,1.29,1.3,8584,4824,1.78,0.440688,2024-07-15
GME,27,2024-07-19,3,Call,28.5,1.14,1.19,1.2,1592,837,1.9,0.404715,2024-07-15
GME,27,2024-07-26,10,Put,24.5,0.87,0.91,0.97,607,310,1.96,-0.268797,2024-07-15
GME,27,2024-07-19,3,Put,24.5,0.28,0.3,0.31,5704,2453,2.33,-0.176015,2024-07-15
GME,27,2024-07-19,3,Call,29.5,1,1.02,1.08,1270,519,2.45,0.344292,2024-07-15
GME,27,2024-07-19,3,Call,26.5,1.66,1.69,1.7,5406,1874,2.88,0.581611,2024-07-15
GME,27,2024-07-26,10,Call,26.5,2.51,2.59,2.7,1526,499,3.06,0.576533,2024-07-15
GME,27,2024-07-19,3,Put,25.5,0.61,0.65,0.68,2565,819,3.13,-0.296359,2024-07-15
GME,27,2024-07-19,3,Call,27.5,1.37,1.37,1.44,7864,2216,3.55,0.479903,2024-07-15
GME,27,2024-07-19,3,Put,26,0.88,0.9,0.91,5266,1449,3.63,-0.359043,2024-07-15
GME,27,2024-07-19,3,Put,27,1.51,1.5,1.63,2182,591,3.69,-0.470778,2024-07-15
GME,27,2024-07-19,3,Put,26.5,1.2,1.22,1.23,1857,174,10.67,-0.418605,2024-07-15
GME,27,2024-08-23,38,Call,30,3.6,3.6,3.8,533,419,1.27,0.490578,2024-07-15
GME,27,2024-07-26,10,Call,29,1.95,2.1,2.09,816,621,1.31,0.442889,2024-07-15
GME,27,2024-07-19,3,Call,29,1.07,1.12,1.15,3326,2399,1.39,0.374838,2024-07-15
GME,27,2024-07-26,10,Call,27,2.44,2.46,2.5,2234,1552,1.44,0.544918,2024-07-15
GME,27,2024-07-19,3,Call,27,1.5,1.54,1.55,11171,6627,1.69,0.528315,2024-07-15
GME,26.05,2024-08-09,27,Put,19.5,0.19,0.21,0.24,891,208,4.28,-0.075284,2024-07-12
GME,26.05,2024-07-19,6,Call,27,1.27,1.28,1.29,7048,5290,1.33,0.444006,2024-07-12
GME,26.05,2024-07-19,6,Call,28,1.09,1.09,1.16,4410,3286,1.34,0.374823,2024-07-12
GME,26.05,2024-07-19,6,Put,40,14.1,14.37,14.65,1053,753,1.4,-0.880734,2024-07-12
GME,26.05,2024-07-19,6,Call,27.5,1.15,1.18,1.25,1879,1265,1.49,0.407347,2024-07-12
GME,26.05,2024-07-12,0,Put,27,0,1.05,1.35,1350,901,1.5,-0.816055,2024-07-12
GME,26.05,2024-07-19,6,Call,33,0.52,0.66,0.71,1881,1150,1.64,0.203576,2024-07-12
GME,26.05,2024-07-12,0,Call,25.5,0.32,0.5,0.75,7854,4664,1.68,0.706641,2024-07-12
GME,26.05,2024-07-19,6,Call,26,1.52,1.55,1.57,10372,6053,1.71,0.534004,2024-07-12
GME,26.05,2024-08-09,27,Call,25,3.35,3.5,3.65,1185,662,1.79,0.610733,2024-07-12
GME,26.05,2024-07-26,13,Put,21,0.13,0.16,0.2,1276,688,1.85,-0.07864,2024-07-12
GME,26.05,2024-07-19,6,Put,22.5,0.14,0.14,0.17,2187,1158,1.89,-0.093974,2024-07-12
GME,26.05,2024-07-19,6,Call,26.5,1.35,1.42,1.42,2670,1285,2.08,0.486983,2024-07-12
GME,26.05,2024-07-19,6,Put,24.5,0.58,0.6,0.65,2387,1106,2.16,-0.28545,2024-07-12
GME,26.05,2024-07-19,6,Call,28.5,0.94,1.03,1.06,772,355,2.17,0.34833,2024-07-12
GME,26.05,2024-07-12,0,Call,26,0.06,0.1,0.14,26468,9460,2.8,0.609405,2024-07-12
GME,26.05,2024-07-12,0,Put,26.5,0.35,0.5,0.55,1845,606,3.04,-0.814052,2024-07-12
GME,26.05,2024-07-19,6,Put,28,2.91,3.04,3.2,1287,409,3.15,-0.624439,2024-07-12
GME,26.05,2024-07-19,6,Put,26,1.4,1.42,1.45,2296,469,4.9,-0.466535,2024-07-12
GME,26.05,2024-07-19,6,Put,25.5,1.05,1.11,1.15,1497,198,7.56,-0.410087,2024-07-12
GME,26.05,2024-07-19,6,Put,36,10.2,10.47,10.75,1064,111,9.59,-0.844265,2024-07-12
GME,25.57,2024-07-12,0,Put,28,2.39,2.9,2.89,833,292,2.85,-0.826593,2024-07-11
GME,25.57,2024-08-02,21,Put,22,0.66,0.69,0.75,555,445,1.25,-0.205541,2024-07-11
GME,25.57,2024-07-12,0,Put,26,0.75,0.83,0.83,2423,1912,1.27,-0.603321,2024-07-11
GME,25.57,2024-07-12,0,Call,26,0.32,0.32,0.36,14788,11050,1.34,0.376566,2024-07-11
GME,25.57,2024-07-12,0,Put,25,0.16,0.2,0.21,7845,5079,1.54,-0.289353,2024-07-11
GME,25.57,2024-07-19,7,Call,27.5,1.02,1.06,1.1,1008,594,1.7,0.37297,2024-07-11
GME,25.57,2024-09-20,70,Call,35,2.87,2.95,3,615,266,2.31,0.38747,2024-07-11
GME,25.57,2024-07-12,0,Call,25.5,0.43,0.48,0.49,9944,4275,2.33,0.533579,2024-07-11
GME,25.57,2024-07-12,0,Put,25.5,0.4,0.42,0.46,3392,998,3.4,-0.466645,2024-07-11
GME,25.57,2024-07-26,14,Put,22.5,0.46,0.58,0.64,2063,543,3.8,-0.20817,2024-07-11
GME,25.57,2024-07-12,0,Put,26.5,1.06,1.23,1.4,1263,263,4.8,-0.700817,2024-07-11
GME,25.57,2024-08-23,42,Call,20,6.15,6.21,6.85,988,119,8.3,0.841076,2024-07-11
GME,24.97,2024-10-18,99,Call,38,3.3,3.45,3.6,1804,158,11.42,0.394658,2024-07-10
GME,24.97,2024-09-20,71,Call,25,4.75,5.2,5.25,1424,1142,1.25,0.598976,2024-07-10
GME,24.97,2024-07-19,8,Put,35,10.15,10.49,11,951,759,1.25,-0.854219,2024-07-10
GME,24.97,2024-07-19,8,Put,24,0.83,0.96,0.98,3585,2839,1.26,-0.363371,2024-07-10
GME,24.97,2024-07-12,1,Call,30,0.17,0.18,0.18,22025,16646,1.32,0.111114,2024-07-10
GME,24.97,2024-07-12,1,Call,27.5,0.3,0.31,0.31,2840,2128,1.33,0.208258,2024-07-10
GME,24.97,2024-07-12,1,Call,28.5,0.24,0.25,0.25,1541,1148,1.34,0.160369,2024-07-10
GME,24.97,2024-07-19,8,Call,29,0.84,0.92,1.04,1743,1205,1.45,0.290817,2024-07-10
GME,24.97,2024-07-19,8,Call,48,0.26,0.35,0.49,619,411,1.51,0.085917,2024-07-10
GME,24.97,2024-07-12,1,Call,27,0.32,0.34,0.37,10271,5887,1.74,0.237963,2024-07-10
GME,24.97,2024-08-02,22,Put,21,0.52,0.57,0.55,502,289,1.74,-0.173835,2024-07-10
GME,24.97,2024-07-19,8,Call,27.5,1.09,1.15,1.2,990,522,1.9,0.360486,2024-07-10
GME,24.97,2024-07-19,8,Call,26.5,1.23,1.24,1.45,1274,610,2.09,0.410011,2024-07-10
GME,24.97,2024-07-12,1,Call,26,0.45,0.46,0.46,20636,9614,2.15,0.336063,2024-07-10
GME,24.97,2024-07-12,1,Call,25.5,0.56,0.57,0.59,8534,3927,2.17,0.412186,2024-07-10
GME,24.97,2024-07-12,1,Put,24.5,0.33,0.38,0.4,6571,2622,2.51,-0.363175,2024-07-10
GME,24.97,2024-07-12,1,Put,25,0.61,0.66,0.7,9690,3613,2.68,-0.494519,2024-07-10
GME,24.97,2024-07-19,8,Call,25.5,1.45,1.56,1.57,2267,804,2.82,0.48888,2024-07-10
GME,24.97,2024-07-19,8,Put,31,6.4,6.71,7.05,939,312,3.01,-0.77918,2024-07-10
GME,24.97,2024-07-12,1,Call,26.5,0.34,0.41,0.42,7553,2326,3.25,0.285633,2024-07-10
GME,24.97,2024-07-19,8,Call,24.5,1.75,1.82,1.91,3103,811,3.83,0.577952,2024-07-10
GME,24.97,2024-08-16,36,Put,21,0.95,1.03,1.07,2364,603,3.92,-0.222633,2024-07-10
GME,24.97,2024-07-12,1,Put,25.5,0.97,0.99,1.05,5075,189,26.85,-0.606689,2024-07-10
GME,24.97,2024-07-12,1,Put,26,1.38,1.41,1.45,4843,1150,4.21,-0.684669,2024-07-10
GME,24.97,2024-07-12,1,Put,27,2.2,2.3,2.39,2821,296,9.53,-0.786348,2024-07-10
GME,24.6,2024-07-12,2,Put,23.5,0.2,0.26,0.28,6381,2254,2.83,-0.245607,2024-07-09
GME,24.6,2024-07-12,2,Call,31,0.14,0.17,0.18,1435,994,1.44,0.094948,2024-07-09
GME,24.6,2024-07-12,2,Call,27.5,0.26,0.28,0.29,1766,1130,1.56,0.186626,2024-07-09
GME,24.6,2024-09-20,72,Put,20,1.33,1.81,1.9,896,219,4.09,-0.238806,2024-07-09
GME,24.6,2024-09-20,72,Call,30,3.45,3.6,3.65,600,485,1.24,0.463461,2024-07-09
GME,24.6,2024-07-12,2,Call,24.5,0.74,0.77,0.8,5480,3858,1.42,0.536426,2024-07-09
GME,24.18,2024-07-12,6,Call,24,1.03,1.06,1.06,5429,1843,2.95,0.548714,2024-07-05
GME,24.18,2024-07-12,6,Put,23.5,0.56,0.59,0.66,1121,590,1.9,-0.362554,2024-07-05
GME,24.18,2024-07-05,0,Put,24.5,0.25,0.3,0.5,3334,1500,2.22,-0.65194,2024-07-05
GME,24.18,2024-07-12,6,Call,23.5,1.28,1.3,1.41,1100,492,2.24,0.633116,2024-07-05
GME,24.18,2024-07-12,6,Put,24.5,1.1,1.19,1.25,1444,632,2.28,-0.5288,2024-07-05
GME,24.18,2024-07-12,6,Put,22.5,0.22,0.26,0.26,2014,809,2.49,-0.201743,2024-07-05
GME,24.18,2024-07-12,6,Put,24,0.83,0.85,0.9,5104,1691,3.02,-0.45018,2024-07-05
GME,24.18,2024-07-26,20,Call,22,3.3,3.47,3.65,1601,347,4.61,0.693234,2024-07-05
GME,24.18,2024-07-12,6,Call,24.5,0.82,0.85,0.91,1928,775,2.49,0.469152,2024-07-05
GME,24.18,2024-07-12,6,Call,29.5,0.26,0.31,0.31,605,215,2.81,0.150545,2024-07-05
GME,24.18,2024-07-12,6,Call,26.5,0.43,0.57,0.49,932,661,1.41,0.25946,2024-07-05
GME,24.18,2024-07-05,0,Put,25,0.82,0.8,1.34,4806,3378,1.42,-0.703522,2024-07-05
GME,24.18,2024-07-12,6,Call,45,0.08,0.12,0.12,973,651,1.49,0.041725,2024-07-05
GME,24.18,2024-07-05,0,Call,24,0.17,0.2,0.22,14632,9766,1.5,0.815464,2024-07-05
GME,24.18,2024-08-02,27,Call,28,2.08,2.2,2.35,1105,704,1.57,0.414223,2024-07-05
GME,24.37,2024-07-05,1,Call,31.5,0.09,0.12,0.12,635,177,3.59,0.071311,2024-07-04
GME,24.37,2024-07-05,1,Put,26,1.8,1.92,1.97,1204,846,1.42,-0.758265,2024-07-04
GME,24.37,2024-07-05,1,Put,25.5,1.38,1.5,1.55,526,396,1.33,-0.696184,2024-07-04
GME,24.37,2024-07-05,1,Put,26,1.8,1.92,1.97,1204,846,1.42,-0.758265,2024-07-03
GME,24.37,2024-07-05,1,Put,25.5,1.38,1.5,1.55,526,396,1.33,-0.696184,2024-07-03
GME,24.37,2024-07-05,1,Call,31.5,0.09,0.12,0.12,635,177,3.59,0.071311,2024-07-03
GME,23.98,2024-07-12,9,Call,24,1.65,1.68,1.75,1221,937,1.3,0.532432,2024-07-02
GME,23.98,2024-07-12,9,Call,28,0.79,0.84,0.84,2545,1549,1.64,0.280991,2024-07-02
GME,23.98,2024-07-12,9,Call,49,0.14,0.2,0.25,898,143,6.28,0.056378,2024-07-02
GME,23.33,2024-07-12,10,Put,21,0.51,0.51,0.61,708,363,1.95,-0.2252,2024-07-01
GME,23.33,2024-07-05,3,Call,36,0.09,0.11,0.11,815,655,1.24,0.050133,2024-07-01
GME,23.33,2024-07-05,3,Call,29.5,0.2,0.23,0.25,545,417,1.31,0.117991,2024-07-01
GME,23.33,2024-07-12,10,Put,23,1.44,1.53,1.62,1670,1265,1.32,-0.432642,2024-07-01
GME,23.33,2024-07-05,3,Call,32,0.14,0.15,0.16,1558,1162,1.34,0.075486,2024-07-01
GME,23.33,2024-07-12,10,Call,25.5,1.25,1.35,1.41,1438,1044,1.38,0.395595,2024-07-01
GME,23.33,2024-07-05,3,Call,28,0.3,0.32,0.33,5995,4242,1.41,0.163296,2024-07-01
GME,23.33,2024-08-16,45,Call,55,1.23,1.31,1.53,627,429,1.46,0.192922,2024-07-01
GME,23.33,2024-07-05,3,Put,23,0.76,0.76,0.8,7788,5292,1.47,-0.423441,2024-07-01
GME,23.33,2024-07-12,10,Put,22,0.94,0.97,1,1149,764,1.5,-0.334064,2024-07-01
GME,23.33,2024-07-05,3,Call,27,0.39,0.39,0.41,5771,3788,1.52,0.201494,2024-07-01
GME,23.33,2024-07-12,10,Call,24.5,1.42,1.5,1.57,546,354,1.54,0.450431,2024-07-01
GME,23.33,2024-07-26,24,Call,23,3.1,3.4,3.35,519,324,1.6,0.580615,2024-07-01
GME,23.33,2024-07-05,3,Call,24,0.83,0.84,0.88,19195,11785,1.63,0.431056,2024-07-01
GME,23.33,2024-07-19,17,Call,31,1.08,1.29,1.28,1281,767,1.67,0.27126,2024-07-01
GME,23.33,2024-07-05,3,Put,23.5,1.07,1.1,1.13,2410,1293,1.86,-0.505134,2024-07-01
GME,23.33,2024-07-05,3,Call,37,0.1,0.13,0.11,834,442,1.89,0.046661,2024-07-01
GME,23.33,2024-08-02,31,Put,15,0.12,0.13,0.16,1189,480,2.48,-0.04347,2024-07-01
GME,23.33,2024-07-05,3,Put,21,0.12,0.13,0.14,5505,2054,2.68,-0.118107,2024-07-01
GME,23.33,2024-07-05,3,Put,22,0.32,0.33,0.35,8447,2767,3.05,-0.24698,2024-07-01
GME,23.33,2024-07-05,3,Put,22.5,0.5,0.54,0.55,4302,1304,3.3,-0.337657,2024-07-01
GME,23.33,2024-08-16,45,Put,19,1.3,1.33,1.48,5234,205,25.53,-0.225951,2024-07-01
GME,23.33,2024-07-12,10,Call,23,1.88,1.95,2.02,1266,364,3.48,0.566445,2024-07-01
GME,23.33,2024-07-05,3,Call,22,1.64,1.85,1.89,2748,644,4.27,0.712017,2024-07-01
GME,23.33,2024-07-05,3,Call,23,1.15,1.18,1.2,10693,2270,4.71,0.572973,2024-07-01
GME,23.33,2024-07-05,3,Call,23.5,0.95,0.94,1,6016,787,7.64,0.496643,2024-07-01
GME,23.33,2024-07-05,3,Put,21.5,0.19,0.2,0.22,5072,925,5.48,-0.170609,2024-07-01
GME,23.33,2024-07-12,10,Call,23.5,1.73,1.73,1.92,725,152,4.77,0.52286,2024-07-01
GME,23.33,2024-07-05,3,Call,36,0.09,0.11,0.11,815,655,1.24,0.050133,2024-07-01
GME,23.33,2024-07-05,3,Call,29.5,0.2,0.23,0.25,545,417,1.31,0.117991,2024-07-01
GME,23.33,2024-07-12,10,Put,23,1.44,1.53,1.62,1670,1265,1.32,-0.432642,2024-07-01
GME,23.33,2024-07-05,3,Call,32,0.14,0.15,0.16,1558,1162,1.34,0.075486,2024-07-01
GME,23.33,2024-07-12,10,Call,25.5,1.25,1.35,1.41,1438,1044,1.38,0.395595,2024-07-01
GME,24.69,2024-07-05,6,Call,25,1,1.01,1.06,11697,5655,2.07,0.480187,2024-06-28
GME,24.69,2024-07-12,13,Call,25.5,1.56,1.7,1.84,1043,799,1.31,0.478728,2024-06-28
GME,24.69,2024-07-05,6,Call,27,0.58,0.62,0.62,3644,2648,1.38,0.294088,2024-06-28
GME,24.69,2024-07-05,6,Call,28,0.47,0.5,0.53,3901,2644,1.48,0.236014,2024-06-28
GME,24.69,2024-07-05,6,Call,26,0.7,0.72,0.78,8231,4420,1.86,0.363242,2024-06-28
GME,24.69,2024-07-05,6,Put,23.5,0.52,0.53,0.61,1201,636,1.89,-0.301556,2024-06-28
GME,24.69,2024-06-28,0,Put,26,1.22,1.7,2.2,2240,1097,2.04,-0.704761,2024-06-28
GME,24.69,2024-07-05,6,Put,25.5,1.62,1.84,1.83,568,267,2.13,-0.574583,2024-06-28
GME,24.69,2024-06-28,0,Put,25,0.28,0.42,0.45,15098,6359,2.37,-0.698585,2024-06-28
GME,24.69,2024-07-05,6,Put,24,0.74,0.79,0.8,4096,1709,2.4,-0.379527,2024-06-28
GME,24.69,2024-07-05,6,Call,25.5,0.87,0.92,0.94,3744,1538,2.43,0.425298,2024-06-28
GME,24.69,2024-07-05,6,Put,24.5,0.97,0.98,1.13,1278,489,2.61,-0.450098,2024-06-28
GME,24.69,2024-07-05,6,Put,27,2.81,2.97,3.15,1062,386,2.75,-0.697843,2024-06-28
GME,24.69,2024-07-05,6,Call,27.5,0.52,0.52,0.6,1139,382,2.98,0.255296,2024-06-28
GME,24.69,2024-07-26,27,Put,23,1.98,2.15,2.2,767,254,3.02,-0.349688,2024-06-28
GME,24.69,2024-07-12,13,Put,19,0.05,0.1,0.11,3117,754,4.13,-0.052658,2024-06-28
GME,24.69,2024-06-28,0,Put,25.5,0.41,1.06,1.3,5490,1294,4.24,-0.706725,2024-06-28
GME,25.09,2024-06-28,0,Put,26.5,1.52,1.68,1.72,840,143,5.87,-0.752516,2024-06-27
GME,25.09,2024-07-05,7,Call,28.5,0.9,0.95,1,713,561,1.27,0.309784,2024-06-27
GME,25.09,2024-07-05,7,Call,27,1.16,1.2,1.2,3227,2385,1.35,0.388984,2024-06-27
GME,25.09,2024-07-05,7,Put,24,1,1.05,1.07,1833,1261,1.45,-0.358687,2024-06-27
GME,25.09,2024-06-28,0,Put,23.5,0.13,0.13,0.21,3971,2657,1.49,-0.149418,2024-06-27
GME,25.09,2024-07-05,7,Put,23.5,0.75,0.8,0.85,559,372,1.5,-0.305056,2024-06-27
GME,25.09,2024-07-05,7,Call,35,0.42,0.44,0.45,4902,3184,1.54,0.140634,2024-06-27
GME,25.09,2024-06-28,0,Call,25,0.71,0.72,0.75,30061,19176,1.57,0.534522,2024-06-27
GME,25.09,2024-06-28,0,Put,24,0.2,0.27,0.32,9061,5495,1.65,-0.25029,2024-06-27
GME,25.09,2024-07-05,7,Call,31,0.47,0.65,0.65,897,516,1.74,0.215844,2024-06-27
GME,25.09,2024-06-28,0,Call,28.5,0.13,0.15,0.16,2185,1244,1.76,0.121286,2024-06-27
GME,25.09,2024-07-05,7,Put,24.5,1.26,1.35,1.42,623,354,1.76,-0.410122,2024-06-27
GME,25.09,2024-07-05,7,Call,25.5,1.51,1.6,1.64,1993,1089,1.83,0.498776,2024-06-27
GME,25.09,2024-06-28,0,Call,30,0.1,0.1,0.11,52143,27879,1.87,0.077071,2024-06-27
GME,25.09,2024-06-28,0,Call,27,0.25,0.26,0.27,14745,7816,1.89,0.215107,2024-06-27
GME,25.09,2024-07-12,14,Call,30,1.5,1.55,1.59,5839,3056,1.91,0.342596,2024-06-27
GME,25.09,2024-07-05,7,Call,28,0.95,1,1.06,2775,1454,1.91,0.330546,2024-06-27
GME,25.09,2024-07-05,7,Call,27.5,1.03,1.1,1.18,503,252,2,0.359057,2024-06-27
GME,25.09,2024-06-28,0,Put,27,2.06,2.04,2.29,1926,956,2.01,-0.782838,2024-06-27
GME,25.09,2024-07-05,7,Put,26,2.21,2.25,2.49,1156,560,2.06,-0.547424,2024-06-27
GME,25.09,2024-07-05,7,Put,21.5,0.2,0.25,0.28,1586,749,2.12,-0.128414,2024-06-27
GME,25.09,2024-07-05,7,Call,40,0.3,0.3,0.33,9504,4396,2.16,0.092224,2024-06-27
GME,25.09,2024-06-28,0,Call,29.5,0.08,0.13,0.25,1627,751,2.17,0.096933,2024-06-27
GME,25.09,2024-06-28,0,Put,25,0.58,0.62,0.64,11665,5139,2.27,-0.465231,2024-06-27
GME,25.09,2024-07-05,7,Call,24,2.11,2.21,2.25,6363,2801,2.27,0.636909,2024-06-27
GME,25.09,2024-07-05,7,Put,25,1.55,1.62,1.66,2651,1114,2.38,-0.458004,2024-06-27
GME,25.09,2024-06-28,0,Call,30.5,0.08,0.1,0.1,3425,1320,2.59,0.07302,2024-06-27
GME,25.09,2024-06-28,0,Call,25.5,0.49,0.5,0.54,12634,4415,2.86,0.418851,2024-06-27
GME,25.09,2024-06-28,0,Call,26.5,0.3,0.3,0.32,8252,2875,2.87,0.258829,2024-06-27
GME,25.09,2024-06-28,0,Call,26,0.38,0.38,0.4,27672,9331,2.97,0.32697,2024-06-27
GME,25.09,2024-06-28,0,Call,27.5,0.18,0.21,0.22,6322,1808,3.5,0.174165,2024-06-27
GME,25.09,2024-06-28,0,Put,24.5,0.35,0.39,0.4,5943,1452,4.09,-0.345004,2024-06-27
GME,25.09,2024-07-05,7,Put,25.5,1.93,1.94,1.99,505,104,4.86,-0.503291,2024-06-27
GME,25.09,2024-06-28,0,Put,26,1.2,1.37,1.41,4085,534,7.65,-0.652562,2024-06-27
GME,25.09,2024-07-05,7,Call,26.5,1.15,1.35,1.35,6834,252,27.12,0.424957,2024-06-27
GME,25.09,2024-06-28,0,Put,25.5,0.83,0.88,1.02,5313,662,8.03,-0.586063,2024-06-27
GME,24.2,2024-07-26,29,Put,22,1.92,2.12,2.22,2662,199,13.38,-0.325244,2024-06-26
GME,24.2,2024-07-19,22,Put,19.5,0.5,0.56,0.67,2478,101,24.53,-0.1588,2024-06-26
GME,24.2,2024-06-28,1,Call,24.5,0.7,0.72,0.75,6374,4268,1.49,0.462241,2024-06-26
GME,24.2,2024-07-26,29,Put,20,1.01,1.12,1.2,3090,1002,3.08,-0.220587,2024-06-26
GME,24.2,2024-08-16,50,Call,90,0.8,0.88,1,3087,282,10.95,0.121125,2024-06-26
GME,24.2,2024-07-19,22,Put,20.5,0.83,1.01,1.02,2445,159,15.38,-0.228276,2024-06-26
GME,24.93,2024-07-05,9,Put,20,0.24,0.25,0.26,5822,3993,1.46,-0.103027,2024-06-25
GME,24.93,2024-06-28,2,Put,22.5,0.34,0.36,0.4,4873,3892,1.25,-0.192688,2024-06-25
GME,24.93,2024-06-28,2,Call,25.5,1.34,1.38,1.47,3793,2920,1.3,0.477652,2024-06-25
GME,24.93,2024-06-28,2,Call,28,0.82,0.85,0.84,10901,7856,1.39,0.302849,2024-06-25
GME,24.93,2024-07-05,9,Put,22.5,0.93,0.95,1.06,605,422,1.43,-0.272622,2024-06-25
GME,24.93,2024-06-28,2,Put,22,0.2,0.23,0.25,11497,7998,1.44,-0.139779,2024-06-25
GME,24.93,2024-06-28,2,Call,28.5,0.75,0.78,0.82,1201,746,1.61,0.281408,2024-06-25
GME,24.93,2024-06-28,2,Call,25,1.52,1.54,1.55,24606,14420,1.71,0.524303,2024-06-25
GME,24.93,2024-07-05,9,Put,23,1.15,1.2,1.28,3316,1916,1.73,-0.313193,2024-06-25
GME,24.93,2024-06-28,2,Call,24,1.85,1.92,1.99,19453,10820,1.8,0.631192,2024-06-25
GME,24.93,2024-07-12,16,Call,24,3.25,3.2,3.55,795,417,1.91,0.607548,2024-06-25
GME,24.93,2024-07-12,16,Put,18,0.12,0.23,0.23,643,335,1.92,-0.07502,2024-06-25
GME,24.93,2024-06-28,2,Call,23,2.36,2.36,2.5,7848,3892,2.02,0.767395,2024-06-25
GME,24.93,2024-07-12,16,Call,26,2.54,2.68,2.75,1911,929,2.06,0.508577,2024-06-25
GME,24.93,2024-06-28,2,Put,23.5,0.72,0.74,0.74,3780,1830,2.07,-0.309848,2024-06-25
GME,24.93,2024-06-28,2,Call,22.5,2.49,2.72,3.95,2760,1323,2.09,0.824647,2024-06-25
GME,24.93,2024-07-05,9,Call,24,2.59,2.66,2.68,3119,1011,3.09,0.610191,2024-06-25
GME,24.93,2024-07-12,16,Put,19,0.28,0.33,0.39,649,187,3.47,-0.104422,2024-06-25
GME,24.93,2024-07-26,30,Call,23,4.5,4.5,5.05,609,164,3.71,0.653949,2024-06-25
GME,24.93,2024-07-05,9,Call,24.5,2.41,2.41,2.57,6380,1379,4.63,0.574294,2024-06-25
GME,24.93,2024-06-28,2,Call,23.5,2.05,2.13,2.2,5161,765,6.75,0.694115,2024-06-25
GME,23.65,2024-06-28,3,Put,21.5,0.24,0.25,0.28,1791,1397,1.28,-0.173754,2024-06-24
GME,23.65,2024-06-28,3,Call,23.5,1.08,1.2,1.25,1165,373,3.12,0.544567,2024-06-24
GME,23.65,2024-06-28,3,Put,23.5,0.94,1,1.08,3789,1521,2.49,-0.455117,2024-06-24
GME,23.65,2024-07-26,31,Call,24,3.1,3.2,3.55,1009,412,2.45,0.552188,2024-06-24
GME,23.65,2024-06-28,3,Call,24,0.95,0.97,1.02,12739,5978,2.13,0.474554,2024-06-24
GME,23.65,2024-07-05,10,Put,23,1.19,1.25,1.38,1405,722,1.95,-0.401085,2024-06-24
GME,23.65,2024-06-28,3,Put,22,0.34,0.38,0.41,10589,5604,1.89,-0.236994,2024-06-24
GME,23.65,2024-06-28,3,Call,28.5,0.27,0.3,0.32,775,419,1.85,0.154501,2024-06-24
GME,23.65,2024-07-05,10,Call,24.5,1.31,1.31,1.52,1107,598,1.85,0.455229,2024-06-24
GME,23.65,2024-06-28,3,Call,24.5,0.78,0.84,0.86,5035,2731,1.84,0.414713,2024-06-24
GME,23.65,2024-06-28,3,Call,25,0.67,0.71,0.75,18715,10607,1.76,0.360236,2024-06-24
GME,23.65,2024-06-28,3,Call,27,0.38,0.42,0.45,4866,3576,1.36,0.216781,2024-06-24
GME,23.65,2024-06-28,3,Call,25.5,0.58,0.63,0.65,3101,2407,1.29,0.317899,2024-06-24
GME,23.93,2024-06-28,6,Put,21.5,0.47,0.47,0.51,1364,536,2.54,-0.214347,2024-06-21
GME,23.93,2024-06-28,6,Put,23,1.01,1.03,1.05,4758,3598,1.32,-0.369356,2024-06-21
GME,23.93,2024-06-28,6,Put,20.5,0.27,0.29,0.3,1073,726,1.48,-0.141889,2024-06-21
GME,23.93,2024-06-28,6,Call,27.5,0.79,0.87,0.89,945,602,1.57,0.296233,2024-06-21
GME,23.93,2024-06-28,6,Put,21,0.34,0.35,0.35,7544,4719,1.6,-0.17087,2024-06-21
GME,23.93,2024-06-28,6,Call,25,1.21,1.22,1.34,11719,7071,1.66,0.434715,2024-06-21
GME,23.93,2024-08-16,55,Put,20,2.05,2.13,2.15,5946,3312,1.8,-0.263304,2024-06-21
GME,23.93,2024-07-05,13,Call,27,1.31,1.48,1.53,2764,1366,2.02,0.378081,2024-06-21
GME,23.93,2024-06-28,6,Put,22.5,0.78,0.79,0.83,3250,1552,2.09,-0.313703,2024-06-21
GME,23.93,2024-06-28,6,Call,28,0.75,0.8,0.8,6614,3147,2.1,0.273975,2024-06-21
GME,23.93,2024-06-28,6,Put,24,1.52,1.55,1.63,3799,1765,2.15,-0.475634,2024-06-21
GME,23.93,2024-06-28,6,Call,25.5,1.14,1.16,1.2,3164,1417,2.23,0.40222,2024-06-21
GME,23.93,2024-06-21,0,Put,24.5,0.49,0.55,0.6,8833,3863,2.29,-0.875702,2024-06-21
GME,23.93,2024-07-05,13,Call,26,1.5,1.63,1.79,1852,801,2.31,0.420821,2024-06-21
GME,23.93,2024-06-28,6,Call,26,1.01,1.04,1.09,8087,3428,2.36,0.366991,2024-06-21
GME,23.93,2024-06-28,6,Call,32,0.51,0.54,0.55,5881,2495,2.36,0.174266,2024-06-21
GME,23.93,2024-06-21,0,Call,23.5,0.08,0.5,0.58,2339,940,2.49,0.783051,2024-06-21
GME,23.93,2024-06-28,6,Call,23,2,2.04,2.1,3047,1169,2.61,0.62619,2024-06-21
GME,23.93,2024-07-12,20,Call,25,2.41,2.55,2.67,1887,702,2.69,0.505788,2024-06-21
GME,23.93,2024-06-28,6,Call,24,1.56,1.59,1.6,6551,2250,2.91,0.52645,2024-06-21
GME,23.93,2024-07-12,20,Call,40,0.81,0.9,0.98,3560,1138,3.13,0.183802,2024-06-21
GME,23.93,2024-06-28,6,Put,24.5,1.85,1.88,1.9,1869,435,4.3,-0.524621,2024-06-21
GME,23.93,2024-07-05,13,Call,23,2.5,2.55,2.73,1520,275,5.53,0.61268,2024-06-21
GME,23.93,2024-06-28,6,Put,23.5,1.28,1.28,1.34,2317,382,6.07,-0.423036,2024-06-21
GME,23.93,2024-06-28,6,Call,24.5,1.36,1.41,1.46,3462,498,6.95,0.48026,2024-06-21
GME,25.59,2024-06-28,7,Call,26.5,1.89,1.97,2.14,3214,292,11.01,0.48542,2024-06-20
GME,25.59,2024-06-21,0,Call,27.5,0.44,0.45,0.51,2083,1569,1.33,0.274464,2024-06-20
GME,25.59,2024-06-21,0,Call,30.5,0.24,0.23,0.26,950,711,1.34,0.136877,2024-06-20
GME,25.59,2024-07-05,14,Put,21,0.64,0.68,0.77,573,424,1.35,-0.177127,2024-06-20
GME,25.59,2024-06-21,0,Put,24,0.25,0.29,0.3,13470,9741,1.38,-0.217769,2024-06-20
GME,25.59,2024-06-28,7,Call,110,0.09,0.11,0.16,761,545,1.4,0.022326,2024-06-20
GME,25.59,2024-06-21,0,Put,23.5,0.16,0.17,0.18,5769,3670,1.57,-0.146778,2024-06-20
GME,25.59,2024-06-21,0,Call,24,1.5,1.6,1.75,10173,5898,1.72,0.970027,2024-06-20
GME,25.59,2024-06-21,0,Call,27,0.55,0.55,0.59,13298,7553,1.76,0.326114,2024-06-20
GME,25.59,2024-06-28,7,Call,25.5,2.15,2.29,2.54,1673,858,1.95,0.549707,2024-06-20
GME,25.59,2024-06-28,7,Call,24.5,2.5,2.55,2.86,751,385,1.95,0.624774,2024-06-20
GME,25.59,2024-06-28,7,Call,26,1.99,2.1,2.29,5244,2595,2.02,0.515838,2024-06-20
GME,25.59,2024-06-21,0,Call,24.5,1.19,1.35,1.5,7296,3467,2.1,0.752786,2024-06-20
GME,25.59,2024-06-21,0,Call,25.5,0.77,0.85,0.95,11638,5206,2.24,0.533398,2024-06-20
GME,25.59,2024-06-28,7,Call,22,3.7,3.96,4.35,6988,622,11.23,0.841679,2024-06-20
GME,25.59,2024-06-28,7,Call,27,1.6,1.84,1.93,3602,1558,2.31,0.456767,2024-06-20
GME,25.59,2024-07-05,14,Call,90,0.33,0.33,0.4,1262,521,2.42,0.057394,2024-06-20
GME,25.59,2024-06-21,0,Put,24.5,0.39,0.48,0.47,9294,3759,2.47,-0.293163,2024-06-20
GME,25.59,2024-06-28,7,Put,23.5,1.18,1.2,1.36,585,197,2.97,-0.306078,2024-06-20
GME,25.59,2024-06-28,7,Put,24.5,1.6,1.82,1.95,959,240,4,-0.380626,2024-06-20
GME,25.59,2024-06-28,7,Call,105,0.11,0.17,0.25,1880,464,4.05,0.032219,2024-06-20
GME,25.59,2024-06-28,7,Call,27.5,1.54,1.7,1.86,769,130,5.92,0.428708,2024-06-20
GME,24.7,2024-06-28,9,Put,20.5,0.34,0.37,0.49,612,421,1.45,-0.141248,2024-06-19
GME,24.7,2024-06-28,9,Put,24,1.65,1.66,1.7,1275,1031,1.24,-0.403893,2024-06-19
GME,24.7,2024-07-26,37,Call,25,3.95,4.15,4.55,1013,814,1.24,0.573217,2024-06-19
GME,24.7,2024-06-21,2,Call,26,0.65,0.69,0.72,13333,10613,1.26,0.35945,2024-06-19
GME,24.7,2024-06-21,2,Put,24,0.66,0.66,0.7,12600,9469,1.33,-0.367783,2024-06-19
GME,24.7,2024-06-28,9,Call,32,0.71,0.8,0.87,1611,1170,1.38,0.223508,2024-06-19
GME,24.7,2024-06-21,2,Call,24,1.35,1.35,1.42,6882,4923,1.4,0.632856,2024-06-19
GME,24.7,2024-06-28,9,Call,25.5,1.73,2,1.99,1439,989,1.46,0.487225,2024-06-19
GME,24.7,2024-07-12,23,Call,25,3.1,3.25,3.35,617,423,1.46,0.552874,2024-06-19
GME,24.7,2024-06-21,2,Call,29.5,0.32,0.35,0.36,998,590,1.69,0.168524,2024-06-19
GME,24.7,2024-07-05,16,Call,30,1.45,1.5,1.55,6013,3498,1.72,0.332304,2024-06-19
GME,24.7,2024-06-21,2,Call,28.5,0.39,0.4,0.43,2006,1151,1.74,0.200076,2024-06-19
GME,24.7,2024-06-21,2,Put,23.5,0.46,0.51,0.54,5361,2765,1.94,-0.29744,2024-06-19
GME,24.7,2024-07-05,16,Call,58,0.3,0.5,0.44,1609,820,1.96,0.078321,2024-06-19
GME,24.7,2024-06-28,9,Call,39,0.42,0.43,0.57,691,353,1.96,0.119602,2024-06-19
GME,24.7,2024-06-21,2,Put,23,0.33,0.33,0.38,13814,6607,2.09,-0.221923,2024-06-19
GME,24.7,2024-06-21,2,Call,24.5,1.1,1.1,1.19,5237,2180,2.4,0.551781,2024-06-19
GME,24.7,2024-06-21,2,Call,25.5,0.75,0.79,0.82,9555,3734,2.56,0.41233,2024-06-19
GME,24.7,2024-06-21,2,Put,24.5,0.89,0.88,0.95,7967,2438,3.27,-0.448171,2024-06-19
GME,24.7,2024-10-18,121,Put,16,1.3,1.36,1.45,2904,684,4.25,-0.144156,2024-06-19
GME,24.7,2024-06-28,9,Put,24,1.65,1.66,1.7,1275,1031,1.24,-0.403893,2024-06-18
GME,24.7,2024-07-26,37,Call,25,3.95,4.15,4.55,1013,814,1.24,0.573217,2024-06-18
GME,24.7,2024-06-21,2,Call,26,0.65,0.69,0.72,13333,10613,1.26,0.35945,2024-06-18
GME,24.7,2024-06-21,2,Put,24,0.66,0.66,0.7,12600,9469,1.33,-0.367783,2024-06-18
GME,24.7,2024-06-28,9,Call,32,0.71,0.8,0.87,1611,1170,1.38,0.223508,2024-06-18
GME,24.7,2024-06-21,2,Call,24,1.35,1.35,1.42,6882,4923,1.4,0.632856,2024-06-18
GME,24.7,2024-06-28,9,Put,20.5,0.34,0.37,0.49,612,421,1.45,-0.141248,2024-06-18
GME,24.7,2024-06-28,9,Call,25.5,1.73,2,1.99,1439,989,1.46,0.487225,2024-06-18
GME,24.7,2024-07-12,23,Call,25,3.1,3.25,3.35,617,423,1.46,0.552874,2024-06-18
GME,24.7,2024-06-21,2,Call,29.5,0.32,0.35,0.36,998,590,1.69,0.168524,2024-06-18
GME,24.7,2024-07-05,16,Call,30,1.45,1.5,1.55,6013,3498,1.72,0.332304,2024-06-18
GME,24.7,2024-06-21,2,Call,28.5,0.39,0.4,0.43,2006,1151,1.74,0.200076,2024-06-18
GME,24.7,2024-06-21,2,Put,23.5,0.46,0.51,0.54,5361,2765,1.94,-0.29744,2024-06-18
GME,24.7,2024-07-05,16,Call,58,0.3,0.5,0.44,1609,820,1.96,0.078321,2024-06-18
GME,24.7,2024-06-28,9,Call,39,0.42,0.43,0.57,691,353,1.96,0.119602,2024-06-18
GME,24.7,2024-06-21,2,Put,23,0.33,0.33,0.38,13814,6607,2.09,-0.221923,2024-06-18
GME,24.7,2024-06-21,2,Call,24.5,1.1,1.1,1.19,5237,2180,2.4,0.551781,2024-06-18
GME,24.7,2024-06-21,2,Call,25.5,0.75,0.79,0.82,9555,3734,2.56,0.41233,2024-06-18
GME,24.7,2024-06-21,2,Put,24.5,0.89,0.88,0.95,7967,2438,3.27,-0.448171,2024-06-18
GME,24.7,2024-10-18,121,Put,16,1.3,1.36,1.45,2904,684,4.25,-0.144156,2024-06-18
GME,25.22,2024-06-28,10,Put,26,3.2,3.28,3.4,901,512,1.76,-0.486265,2024-06-17
GME,25.22,2024-06-28,10,Put,23,1.3,1.4,1.49,2648,1396,1.9,-0.308654,2024-06-17
GME,25.22,2024-06-28,10,Call,35,1.2,1.24,1.25,7509,3844,1.95,0.254676,2024-06-17
GME,25.22,2024-06-21,3,Call,29,0.93,0.95,0.95,12289,6146,2,0.300431,2024-06-17
GME,25.22,2024-07-26,38,Call,95,0.85,0.93,0.99,1121,553,2.03,0.121947,2024-06-17
GME,25.22,2024-06-21,3,Call,26.5,1.31,1.39,1.41,3796,1838,2.07,0.434571,2024-06-17
GME,25.22,2024-06-21,3,Put,26,2.22,2.25,2.29,8719,4168,2.09,-0.531595,2024-06-17
GME,25.22,2024-06-21,3,Call,39,0.43,0.42,0.47,3700,1715,2.16,0.124443,2024-06-17
GME,25.22,2024-06-21,3,Put,21.5,0.19,0.2,0.2,6150,2577,2.39,-0.111208,2024-06-17
GME,25.22,2024-06-21,3,Put,25,1.54,1.55,1.55,39867,16679,2.39,-0.445932,2024-06-17
GME,25.22,2024-06-28,10,Call,22.5,3.6,3.85,4.3,841,351,2.4,0.725334,2024-06-17
GME,25.22,2024-06-21,3,Call,28,1.06,1.07,1.1,15976,6548,2.44,0.343084,2024-06-17
GME,25.22,2024-06-28,10,Call,26,2.45,2.58,2.89,2348,956,2.46,0.515318,2024-06-17
GME,25.22,2024-06-21,3,Put,24,0.93,0.96,0.99,15129,6044,2.5,-0.343748,2024-06-17
GME,25.22,2024-07-26,38,Call,30,3.85,4.01,4.15,1120,447,2.51,0.487617,2024-06-17
GME,25.22,2024-06-21,3,Call,27,1.22,1.24,1.29,13003,4812,2.7,0.398393,2024-06-17
GME,25.22,2024-06-21,3,Call,35.5,0.51,0.52,0.55,1125,416,2.7,0.15327,2024-06-17
GME,25.22,2024-06-21,3,Put,28,3.75,3.81,3.9,8720,3182,2.74,-0.661309,2024-06-17
GME,25.22,2024-06-21,3,Call,42.5,0.38,0.38,0.42,567,193,2.94,0.101591,2024-06-17
GME,25.22,2024-06-21,3,Call,39.5,0.42,0.4,0.46,532,175,3.04,0.120898,2024-06-17
GME,25.22,2024-06-21,3,Call,25.5,1.6,1.64,1.65,8142,2613,3.12,0.509772,2024-06-17
GME,25.22,2024-06-21,3,Put,23,0.51,0.51,0.56,12577,2442,5.15,-0.232187,2024-06-17
GME,25.22,2024-07-19,31,Call,60,1.06,1.05,1.36,3844,2967,1.3,0.173606,2024-06-17
GME,25.22,2024-07-19,31,Call,32,3,3.14,3.4,1178,890,1.32,0.424414,2024-06-17
GME,25.22,2024-06-28,10,Put,27,3.95,4.1,4.4,1231,927,1.33,-0.529324,2024-06-17
GME,25.22,2024-06-28,10,Call,30,1.75,1.78,1.94,13575,9893,1.37,0.364269,2024-06-17
GME,25.22,2024-07-05,17,Call,28,2.46,2.8,2.99,631,462,1.37,0.466709,2024-06-17
GME,25.22,2024-06-21,3,Call,33.5,0.58,0.57,0.62,728,525,1.39,0.181576,2024-06-17
GME,25.22,2024-06-28,10,Call,40,0.87,0.9,0.9,8228,5737,1.43,0.186379,2024-06-17
GME,25.22,2024-07-05,17,Put,20,0.55,0.65,0.75,2697,1881,1.43,-0.159705,2024-06-17
GME,25.22,2024-06-21,3,Call,36,0.5,0.52,0.54,4343,2984,1.46,0.150384,2024-06-17
GME,25.22,2024-07-05,17,Call,95,0.25,0.3,0.28,2116,1393,1.52,0.047706,2024-06-17
GME,25.22,2024-08-16,59,Put,16,0.65,0.63,0.75,2510,1634,1.54,-0.106026,2024-06-17
GME,25.22,2024-06-21,3,Call,22.5,2.57,3.1,3.4,1556,1013,1.54,0.813367,2024-06-17
GME,25.22,2024-06-28,10,Put,24,1.89,2.02,2,972,633,1.54,-0.373563,2024-06-17
GME,25.22,2024-06-21,3,Call,40.5,0.4,0.42,0.44,735,471,1.56,0.114121,2024-06-17
GME,25.22,2024-07-05,17,Call,30,2.25,2.33,2.45,5833,3649,1.6,0.403313,2024-06-17
GME,25.22,2024-06-21,3,Put,26.5,2.55,2.64,2.7,2130,1302,1.64,-0.567322,2024-06-17
GME,25.22,2024-07-05,17,Call,29,2.3,2.3,2.68,1085,653,1.66,0.418964,2024-06-17
GME,25.22,2024-06-21,3,Call,24.5,1.9,1.97,2.09,2789,1669,1.67,0.602657,2024-06-17
GME,25.22,2024-06-28,10,Put,25,2.48,2.6,2.7,4980,2843,1.75,-0.432922,2024-06-17
GME,25.22,2024-06-21,3,Put,22,0.26,0.28,0.28,21633,4680,4.62,-0.145938,2024-06-17
GME,25.22,2024-06-21,3,Put,22.5,0.37,0.4,0.41,11132,1945,5.72,-0.190141,2024-06-17
GME,25.22,2024-06-21,3,Put,21,0.14,0.15,0.15,11646,3582,3.25,-0.086168,2024-06-17
GME,25.22,2024-06-21,3,Put,24.5,1.23,1.25,1.29,4069,1195,3.41,-0.396938,2024-06-17
GME,25.22,2024-06-21,3,Put,27,3,2.94,3.1,8150,2245,3.63,-0.598512,2024-06-17
GME,25.22,2024-06-21,3,Put,23.5,0.7,0.73,0.77,5488,774,7.09,-0.289884,2024-06-17
GME,25.22,2024-06-21,3,Call,26,1.45,1.49,1.6,20193,5438,3.71,0.469196,2024-06-17
GME,25.22,2024-06-28,10,Put,22.5,1.01,1.15,1.25,945,242,3.9,-0.274362,2024-06-17
GME,25.22,2024-06-21,3,Call,38.5,0.44,0.45,0.48,771,186,4.15,0.126318,2024-06-17
GME,25.22,2024-07-19,31,Call,36,2.5,2.65,2.72,1138,262,4.34,0.36163,2024-06-17
GME,25.22,2024-07-05,17,Call,27,2.73,2.95,3.15,1330,306,4.35,0.497057,2024-06-17
GME,25.22,2024-06-21,3,Put,25.5,1.64,1.88,1.93,6892,855,8.06,-0.491247,2024-06-17
GME,28.7,2024-06-28,13,Put,28,4.1,4.1,4.25,694,382,1.82,-0.396689,2024-06-14
GME,28.7,2024-06-21,6,Call,31.5,2.58,2.72,2.79,1453,782,1.86,0.454154,2024-06-14
GME,28.7,2024-06-28,13,Put,22,0.85,0.87,1,1876,967,1.94,-0.157856,2024-06-14
GME,28.7,2024-06-21,6,Put,23.5,0.53,0.55,0.59,1094,533,2.05,-0.152474,2024-06-14
GME,28.7,2024-06-14,0,Call,28,0.65,0.85,1.2,29773,13928,2.14,0.758779,2024-06-14
GME,28.7,2024-06-28,13,Put,21,0.56,0.56,1.85,2280,994,2.29,-0.116356,2024-06-14
GME,28.7,2024-06-21,6,Put,27,1.93,2.01,2.19,4281,1824,2.35,-0.355842,2024-06-14
GME,28.7,2024-06-14,0,Call,22,6.6,6.9,9,2373,958,2.48,0.92644,2024-06-14
GME,28.7,2024-06-21,6,Put,26.5,1.61,1.85,1.9,1635,634,2.58,-0.330013,2024-06-14
GME,28.7,2024-07-19,34,Put,21,1.63,1.79,2.04,1494,554,2.7,-0.185609,2024-06-14
GME,28.7,2024-06-28,13,Put,27,3.4,3.5,3.75,1050,385,2.73,-0.362008,2024-06-14
GME,28.7,2024-07-05,20,Call,60,1.68,1.76,1.99,4573,1421,3.22,0.215925,2024-06-14
GME,28.7,2024-07-12,27,Put,20,0.95,1.01,1.47,2023,601,3.37,-0.138538,2024-06-14
GME,28.7,2024-06-21,6,Put,28,2.75,2.76,2.79,5796,1391,4.17,-0.40979,2024-06-14
GME,28.7,2024-06-21,6,Call,37.5,1.7,1.77,2,1439,343,4.2,0.305048,2024-06-14
GME,28.7,2024-06-14,0,Put,29,0.08,0.33,0.4,13854,3281,4.22,-0.823808,2024-06-14
GME,28.7,2024-07-19,34,Put,22,2.25,2.33,2.4,1304,582,2.24,-0.216482,2024-06-14
GME,28.7,2024-06-14,0,Call,27,1.22,1.79,2.22,11020,8168,1.35,0.881506,2024-06-14
GME,28.7,2024-06-21,6,Put,31,4.85,4.95,5.1,804,596,1.35,-0.536287,2024-06-14
GME,28.7,2024-06-14,0,Put,30,1.1,1.08,1.48,11743,8378,1.4,-0.78805,2024-06-14
GME,28.7,2024-06-21,6,Put,21,0.15,0.16,0.17,3196,2221,1.44,-0.056773,2024-06-14
GME,28.7,2024-06-21,6,Put,26,1.5,1.58,1.55,5059,3489,1.45,-0.299152,2024-06-14
GME,28.7,2024-06-21,6,Call,28,3.35,3.55,3.65,7340,4873,1.51,0.590114,2024-06-14
GME,28.7,2024-06-21,6,Call,31,2.75,2.83,2.98,5761,3673,1.57,0.470842,2024-06-14
GME,28.7,2024-06-14,0,Put,29.5,0.55,0.61,2.92,3761,2378,1.58,-0.507731,2024-06-14
GME,28.7,2024-06-21,6,Put,23,0.44,0.44,0.53,2750,1728,1.59,-0.128654,2024-06-14
GME,28.7,2024-06-21,6,Put,29,3.35,3.45,3.6,3215,1908,1.69,-0.456767,2024-06-14
GME,28.7,2024-06-21,6,Call,29,3.2,3.2,3.4,7509,4412,1.7,0.543633,2024-06-14
GME,28.7,2024-06-14,0,Call,27.5,1,1.27,2.5,6461,3576,1.81,0.87323,2024-06-14
GME,28.7,2024-06-21,6,Put,22.5,0.28,0.34,0.5,1912,1058,1.81,-0.10576,2024-06-14
GME,28.7,2024-06-14,0,Call,28.5,0.25,0.3,0.6,16776,1856,9.04,0.671672,2024-06-14
GME,28.7,2024-06-21,6,Call,32.5,2.45,2.48,2.6,9589,611,15.69,0.421071,2024-06-14
GME,29.12,2024-06-21,7,Put,20.5,0.3,0.34,0.42,1298,882,1.47,-0.081499,2024-06-13
GME,29.12,2024-06-14,0,Call,54,0.16,0.22,0.2,664,537,1.24,0.049286,2024-06-13
GME,29.12,2024-06-14,0,Put,28,1.38,1.43,1.43,5187,3958,1.31,-0.376178,2024-06-13
GME,29.12,2024-06-14,0,Call,44,0.27,0.31,0.33,1118,853,1.31,0.091184,2024-06-13
GME,29.12,2024-06-14,0,Put,23,0.15,0.15,0.16,10719,7411,1.45,-0.06625,2024-06-13
GME,29.12,2024-06-14,0,Put,24.5,0.28,0.31,0.32,2580,1760,1.47,-0.124204,2024-06-13
GME,29.12,2024-06-21,7,Put,26,2.25,2.43,2.52,2829,1910,1.48,-0.308174,2024-06-13
GME,29.12,2024-06-14,0,Put,24,0.24,0.24,0.25,11329,7535,1.5,-0.100501,2024-06-13
GME,29.12,2024-06-14,0,Call,33,1,1.05,1.05,5848,3846,1.52,0.305648,2024-06-13
GME,29.12,2024-06-14,0,Put,22.5,0.12,0.15,0.14,4813,3157,1.52,-0.056732,2024-06-13
GME,29.12,2024-06-14,0,Put,29,1.96,2,2.02,5121,3151,1.63,-0.455284,2024-06-13
GME,29.12,2024-06-14,0,Put,28.5,1.61,1.72,1.72,2951,1792,1.65,-0.416627,2024-06-13
GME,29.12,2024-06-14,0,Put,25,0.38,0.4,0.4,20573,12460,1.65,-0.15216,2024-06-13
GME,29.12,2024-06-21,7,Put,26.5,2.65,2.74,2.99,608,365,1.67,-0.328535,2024-06-13
GME,29.12,2024-06-14,0,Call,26,2.88,3.6,3.7,5853,3326,1.76,0.805865,2024-06-13
GME,29.12,2024-06-14,0,Call,32,1.15,1.15,1.2,7628,4133,1.85,0.343916,2024-06-13
GME,29.12,2024-06-14,0,Call,35,0.75,0.74,0.78,28521,15363,1.86,0.23027,2024-06-13
GME,29.12,2024-06-14,0,Put,29.5,2.25,2.36,2.36,3012,1468,2.05,-0.490847,2024-06-13
GME,29.12,2024-07-05,21,Put,19,0.85,1.05,1.16,1430,685,2.09,-0.124963,2024-06-13
GME,29.12,2024-06-14,0,Call,29.5,1.65,1.91,1.95,3517,1635,2.15,0.506899,2024-06-13
GME,29.12,2024-06-14,0,Call,30,1.69,1.69,1.7,62506,29005,2.16,0.46899,2024-06-13
GME,29.12,2024-06-14,0,Put,25.5,0.45,0.49,0.52,3576,1643,2.18,-0.180436,2024-06-13
GME,29.12,2024-06-28,14,Put,26,3.7,3.9,4.1,534,236,2.26,-0.316385,2024-06-13
GME,29.12,2024-06-14,0,Call,29,1.97,2.04,2.07,9082,3240,2.8,0.543605,2024-06-13
GME,29.12,2024-06-14,0,Call,28,2.41,2.41,2.5,22420,7804,2.87,0.628328,2024-06-13
GME,29.12,2024-06-28,14,Put,19,0.5,0.58,0.64,3601,1234,2.92,-0.094515,2024-06-13
GME,29.12,2024-06-14,0,Put,27.5,1.15,1.29,1.2,5975,2035,2.94,-0.334467,2024-06-13
GME,29.12,2024-06-14,0,Put,26.5,0.72,0.78,0.81,6504,2116,3.07,-0.253604,2024-06-13
GME,29.12,2024-06-14,0,Call,27.5,2.64,2.72,2.9,8245,2572,3.21,0.669708,2024-06-13
GME,29.12,2024-06-14,0,Call,28.5,2.2,2.25,2.35,4826,1464,3.3,0.58398,2024-06-13
GME,29.12,2024-06-14,0,Put,26,0.61,0.61,0.65,9550,2838,3.37,-0.213976,2024-06-13
GME,29.12,2024-06-14,0,Call,43,0.29,0.3,0.38,3575,1051,3.4,0.092061,2024-06-13
GME,29.12,2024-07-12,28,Call,95,2.1,2.31,2.72,2497,605,4.13,0.216891,2024-06-13
GME,29.12,2024-06-21,7,Call,34.5,3.25,3.35,3.5,1066,255,4.18,0.438908,2024-06-13
GME,29.12,2024-06-14,0,Put,27,0.93,1,1,14208,3203,4.44,-0.296277,2024-06-13
GME,29.12,2024-06-14,0,Call,26.5,3.2,3.2,3.5,5772,1166,4.95,0.771358,2024-06-13
GME,29.12,2025-01-17,218,Put,115,88,91.3,91.1,542,100,5.42,-0.659345,2024-06-13
GME,29.12,2024-06-14,0,Call,27,2.88,3,3.1,20946,3313,6.32,0.713503,2024-06-13
GME,29.12,2024-06-21,7,Call,36.5,2.88,3.25,3.25,2963,109,27.18,0.41147,2024-06-13
GME,25.46,2024-06-21,8,Put,22,1.61,1.54,1.8,4379,2105,2.08,-0.272469,2024-06-12
GME,25.46,2024-06-14,1,Put,22.5,0.93,1.01,1.1,2744,2219,1.24,-0.256087,2024-06-12
GME,25.46,2024-06-14,1,Call,26.5,2.25,2.31,2.4,1404,1114,1.26,0.495028,2024-06-12
GME,25.46,2024-06-21,8,Put,26,4.35,4.35,4.5,1473,1160,1.27,-0.441035,2024-06-12
GME,25.46,2024-06-21,8,Put,19.5,0.31,0.68,0.75,3211,2469,1.3,-0.149293,2024-06-12
GME,25.46,2024-06-14,1,Put,35,10.2,10.4,10.7,1731,1331,1.3,-0.789208,2024-06-12
GME,25.46,2024-06-21,8,Put,23.5,2.52,2.73,2.8,640,492,1.3,-0.343859,2024-06-12
GME,25.46,2024-06-14,1,Call,42.5,0.53,0.68,0.63,512,370,1.38,0.134625,2024-06-12
GME,25.46,2024-06-14,1,Put,22,0.86,0.87,0.87,9748,6947,1.4,-0.227122,2024-06-12
GME,25.46,2024-07-19,36,Call,95,1.85,1.87,2.85,600,427,1.41,0.198622,2024-06-12
GME,25.46,2024-08-16,64,Call,125,2.2,2.36,2.4,5468,3859,1.42,0.219565,2024-06-12
GME,25.46,2024-06-21,8,Put,22.5,1.8,1.99,2.22,910,635,1.43,-0.297156,2024-06-12
GME,25.46,2024-06-21,8,Call,105,0.6,0.76,0.81,1144,750,1.53,0.101772,2024-06-12
GME,25.46,2024-06-21,8,Put,27,5.05,5.23,5.35,2325,1512,1.54,-0.469735,2024-06-12
GME,25.46,2024-06-21,8,Put,18.5,0.36,0.39,0.5,1026,652,1.57,-0.101219,2024-06-12
GME,25.46,2024-06-21,8,Put,23,2.41,2.31,2.5,1461,915,1.6,-0.322619,2024-06-12
GME,25.46,2024-06-14,1,Put,24,1.63,1.62,1.8,10733,6622,1.62,-0.357368,2024-06-12
GME,25.46,2024-06-21,8,Put,29,6.75,7,6.9,2185,1295,1.69,-0.524557,2024-06-12
GME,25.46,2024-06-14,1,Call,28.5,1.82,1.85,1.85,2106,1241,1.7,0.405659,2024-06-12
GME,25.46,2024-08-16,64,Call,70,3.35,3.2,4.5,1171,650,1.8,0.345342,2024-06-12
GME,25.46,2024-06-28,15,Call,37,3.25,3.5,3.8,1070,578,1.85,0.405796,2024-06-12
GME,25.46,2024-06-14,1,Put,30,6,6.02,6.1,16320,8441,1.93,-0.657353,2024-06-12
GME,25.46,2024-06-14,1,Call,30,1.52,1.56,1.6,50742,26005,1.95,0.349778,2024-06-12
GME,25.46,2024-06-14,1,Put,23,1.24,1.24,1.3,14388,7236,1.99,-0.290954,2024-06-12
GME,25.46,2024-06-14,1,Call,33.5,1.01,1.07,1.1,3293,1652,1.99,0.250491,2024-06-12
GME,25.46,2024-06-14,1,Put,32,7.55,7.57,7.95,1444,727,1.99,-0.73729,2024-06-12
GME,25.46,2026-01-16,583,Put,25,11,11.5,12,1055,431,2.45,-0.2403,2024-06-12
GME,25.46,2024-06-14,1,Put,25,2.25,2.27,2.33,30770,11687,2.63,-0.421641,2024-06-12
GME,25.46,2024-06-14,1,Put,25.5,2.55,2.63,2.66,4368,1511,2.89,-0.451153,2024-06-12
GME,25.46,2024-06-14,1,Call,28,1.9,1.9,2,19477,6645,2.93,0.422503,2024-06-12
GME,25.46,2024-07-05,22,Call,30,5,5,5.45,4017,1356,2.96,0.52745,2024-06-12
GME,25.46,2024-06-28,15,Put,19,0.81,1.15,1.2,1196,397,3.01,-0.174115,2024-06-12
GME,25.46,2024-06-21,8,Call,31.5,2.89,3,3.1,1120,366,3.06,0.424995,2024-06-12
GME,25.46,2024-06-14,1,Call,31,1.36,1.37,1.41,9952,3223,3.09,0.314737,2024-06-12
GME,25.46,2024-06-21,8,Put,31,8.35,8.65,8.75,872,275,3.17,-0.561963,2024-06-12
GME,25.46,2024-06-14,1,Put,30.5,6.3,6.4,6.6,2346,732,3.2,-0.677962,2024-06-12
GME,25.46,2024-06-14,1,Call,36.5,0.85,0.85,0.94,1842,567,3.25,0.198815,2024-06-12
GME,25.46,2024-06-14,1,Put,26,2.9,2.97,3,8512,2601,3.27,-0.47935,2024-06-12
GME,25.46,2024-06-14,1,Put,26.5,3.15,3.15,3.45,5346,1625,3.29,-0.5134,2024-06-12
GME,25.46,2024-07-12,29,Call,95,1.7,2,2,585,178,3.29,0.208032,2024-06-12
GME,25.46,2024-06-14,1,Call,29.5,1.59,1.67,1.78,3141,936,3.36,0.369017,2024-06-12
GME,25.46,2024-06-14,1,Call,33,1.13,1.17,1.2,10981,3073,3.57,0.267342,2024-06-12
GME,25.46,2024-06-14,1,Put,28,4.35,4.43,4.5,9598,2675,3.59,-0.578036,2024-06-12
GME,25.46,2024-06-14,1,Call,30.5,1.33,1.45,1.6,6659,1739,3.83,0.330707,2024-06-12
GME,25.46,2024-06-21,8,Put,28,5.85,5.85,6.15,2790,727,3.84,-0.50507,2024-06-12
GME,25.46,2024-06-14,1,Put,29.5,5.55,5.55,5.75,4305,1106,3.89,-0.644645,2024-06-12
GME,25.46,2024-06-14,1,Call,32,1.2,1.27,1.28,12887,3303,3.9,0.290203,2024-06-12
GME,25.46,2024-06-14,1,Put,32.5,7.85,8.25,8.4,703,174,4.04,-0.72233,2024-06-12
GME,25.46,2024-06-14,1,Put,33,8.3,8.22,8.85,2480,572,4.34,-0.748396,2024-06-12
GME,25.46,2024-06-14,1,Put,27,3.6,3.64,3.75,13228,2883,4.59,-0.533481,2024-06-12
GME,25.46,2024-07-12,29,Put,23,4.55,4.7,5.05,552,117,4.72,-0.317048,2024-06-12
GME,25.46,2024-06-14,1,Call,31.5,1.23,1.23,1.4,6121,1247,4.91,0.292632,2024-06-12
GME,25.46,2024-06-14,1,Put,27.5,3.95,4.05,4.1,9198,1636,5.62,-0.555416,2024-06-12
GME,25.46,2024-06-21,8,Put,32,9.15,9.5,9.7,2511,394,6.37,-0.581759,2024-06-12
GME,25.46,2024-06-21,8,Call,33.5,2.75,2.87,2.84,692,101,6.85,0.392304,2024-06-12
GME,25.46,2024-07-19,36,Call,38,5.1,5.3,5.8,1057,134,7.89,0.483271,2024-06-12
GME,25.46,2024-06-14,1,Call,32.5,1.15,1.24,1.26,5033,621,8.1,0.280783,2024-06-12
GME,25.46,2024-06-14,1,Put,28.5,4.75,4.75,4.9,5236,644,8.13,-0.604554,2024-06-12
GME,25.46,2025-01-17,219,Put,9,0.26,0.35,0.41,5197,551,9.43,-0.035449,2024-06-12
GME,25.46,2024-06-14,1,Put,29,5.15,5.24,5.35,13570,1162,11.68,-0.617551,2024-06-12
GME,25.46,2024-06-28,15,Put,17,0.4,0.47,0.57,11327,830,13.65,-0.094634,2024-06-12
GME,25.46,2024-06-14,1,Put,31,6.8,6.9,7.05,8767,625,14.03,-0.686113,2024-06-12
GME,25.46,2024-06-14,1,Call,35,0.97,0.97,0.98,32957,15390,2.14,0.224919,2024-06-12
GME,25.46,2024-06-14,1,Put,24.5,1.95,2.02,2.15,2849,1323,2.15,-0.390116,2024-06-12
GME,25.46,2024-07-05,22,Put,20,1.77,2.06,2.2,1720,784,2.19,-0.22744,2024-06-12
GME,25.46,2024-06-14,1,Call,27,2.1,2.27,2.34,6534,2836,2.3,0.474846,2024-06-12
GME,25.46,2024-06-14,1,Call,34,1,1.12,1.12,8392,3567,2.35,0.251572,2024-06-12
GME,25.46,2024-06-14,1,Call,29,1.71,1.71,1.78,5864,2481,2.36,0.383106,2024-06-12
GME,25.46,2024-06-21,8,Call,32.5,2.77,3,2.98,814,340,2.39,0.406872,2024-06-12
GME,30.49,2024-06-14,2,Call,25.5,5.7,6.35,6.45,5050,597,8.46,0.774537,2024-06-11
GME,30.49,2024-06-14,2,Call,27,5.45,5.51,5.6,8811,2686,3.28,0.708808,2024-06-11
GME,30.49,2024-06-14,2,Call,39.5,2.41,2.43,2.63,1360,409,3.33,0.346301,2024-06-11
GME,30.49,2024-06-14,2,Call,29.5,4.4,4.55,4.65,2439,676,3.61,0.605114,2024-06-11
GME,30.49,2024-06-14,2,Call,26,5.7,6.01,6.1,10261,2820,3.64,0.754584,2024-06-11
GME,30.49,2024-06-14,2,Call,28,5.05,5.1,5.15,15332,4187,3.66,0.664838,2024-06-11
GME,30.49,2024-06-14,2,Call,30.5,4.2,4.3,4.4,2660,699,3.81,0.570137,2024-06-11
GME,30.49,2024-06-14,2,Call,33.5,3.35,3.5,3.5,2197,545,4.03,0.47834,2024-06-11
GME,30.49,2024-06-14,2,Call,23.5,7.15,7.6,8.9,2455,585,4.2,0.867095,2024-06-11
GME,30.49,2024-06-14,2,Put,25,1.21,1.22,1.23,13511,10599,1.27,-0.206461,2024-06-11
GME,30.49,2024-06-14,2,Put,24,0.88,0.88,0.9,7218,5679,1.27,-0.164643,2024-06-11
GME,30.49,2024-06-14,2,Call,32,3.7,3.8,3.85,3420,2609,1.31,0.51964,2024-06-11
GME,30.49,2024-06-21,9,Put,23,1.8,2.04,2.1,1140,871,1.31,-0.200962,2024-06-11
GME,30.49,2024-06-14,2,Put,19.5,0.17,0.17,0.25,3465,2566,1.35,-0.043091,2024-06-11
GME,30.49,2024-06-14,2,Put,20,0.21,0.21,0.22,29174,20956,1.39,-0.051676,2024-06-11
GME,30.49,2024-06-14,2,Call,31,4,4.1,4.15,3335,2370,1.41,0.552329,2024-06-11
GME,30.49,2024-06-14,2,Put,23.5,0.72,0.76,0.74,4266,2901,1.47,-0.144275,2024-06-11
GME,30.49,2024-06-14,2,Put,26.5,1.8,2,1.99,1552,1004,1.55,-0.272641,2024-06-11
GME,30.49,2024-06-21,9,Call,46,4,4.3,4.45,966,612,1.58,0.402941,2024-06-11
GME,30.49,2024-06-14,2,Put,22.5,0.52,0.53,0.53,3028,1877,1.61,-0.111859,2024-06-11
GME,30.49,2024-06-14,2,Put,24.5,0.9,1.06,1.1,2111,1250,1.69,-0.186519,2024-06-11
GME,30.49,2024-06-14,2,Call,22,8.75,9,9.6,1543,849,1.82,0.895209,2024-06-11
GME,30.49,2024-06-14,2,Call,27.5,5.2,5.36,5.5,6360,3417,1.86,0.685324,2024-06-11
GME,30.49,2024-06-14,2,Put,27.5,2.35,2.44,2.62,2081,1068,1.95,-0.315598,2024-06-11
GME,30.49,2024-06-14,2,Call,24.5,6.7,6.91,7.15,4122,1983,2.08,0.82326,2024-06-11
GME,30.49,2024-06-14,2,Call,34,3.25,3.4,3.4,3781,1774,2.13,0.465464,2024-06-11
GME,30.49,2024-06-14,2,Call,35,3.15,3.15,3.2,21815,10122,2.16,0.438416,2024-06-11
GME,30.49,2024-06-14,2,Call,30,4.35,4.39,4.45,45846,20928,2.19,0.586744,2024-06-11
GME,30.49,2024-06-14,2,Call,26.5,5.65,5.65,5.9,2662,1164,2.29,0.735208,2024-06-11
GME,30.49,2024-06-14,2,Call,29,4.6,4.76,4.8,4848,1988,2.44,0.624329,2024-06-11
GME,30.49,2024-08-16,65,Put,16,1.7,2,2.05,1340,550,2.44,-0.113105,2024-06-11
GME,30.49,2024-06-14,2,Put,25.5,1.38,1.45,1.48,3098,1198,2.59,-0.229651,2024-06-11
GME,30.49,2024-06-14,2,Call,25,6.45,6.65,6.65,35550,13693,2.6,0.79688,2024-06-11
GME,30.49,2024-06-14,2,Call,24,7.05,7.3,7.35,10839,4024,2.69,0.840794,2024-06-11
GME,30.49,2024-06-14,2,Call,28.5,4.75,4.87,4.95,3254,1200,2.71,0.644334,2024-06-11
GME,30.49,2024-06-14,2,Call,23,7.15,8,8.25,4898,1802,2.72,0.884427,2024-06-11
GME,24.83,2024-06-14,3,Call,28.5,2.49,2.53,2.74,1491,855,1.74,0.436391,2024-06-10
GME,24.83,2024-06-14,3,Call,85,0.53,0.6,0.63,1146,924,1.24,0.092784,2024-06-10
GME,24.83,2024-06-14,3,Call,22,4.1,4.55,4.5,790,629,1.26,0.714373,2024-06-10
GME,24.83,2024-06-28,17,Call,26,5.8,6.15,6.55,564,449,1.26,0.605175,2024-06-10
GME,24.83,2024-06-14,3,Call,32,2.14,2.18,2.2,2617,2059,1.27,0.363115,2024-06-10
GME,24.83,2024-06-21,10,Call,31,3.9,4.1,4.1,2147,1689,1.27,0.479305,2024-06-10
GME,24.83,2024-07-05,24,Call,60,3.25,3.45,3.6,686,540,1.27,0.335752,2024-06-10
GME,24.83,2024-06-14,3,Call,20,5.55,5.55,5.95,3504,2728,1.28,0.82465,2024-06-10
GME,24.83,2024-06-21,10,Put,21,2.33,2.48,2.5,1464,1128,1.3,-0.275441,2024-06-10
GME,24.83,2024-06-14,3,Put,28,5.55,5.65,5.85,2449,1864,1.31,-0.556006,2024-06-10
GME,24.83,2024-06-28,17,Call,35,4.65,4.91,5.15,1739,1323,1.31,0.483773,2024-06-10
GME,24.83,2024-07-19,38,Call,70,3.4,3.6,3.85,502,375,1.34,0.331162,2024-06-10
GME,24.83,2024-06-14,3,Call,50,1.22,1.24,1.24,15159,11177,1.36,0.193781,2024-06-10
GME,24.83,2024-06-21,10,Call,21.5,6,6.55,6.5,638,466,1.37,0.704412,2024-06-10
GME,24.83,2024-06-28,17,Call,31,4.95,5.4,5.55,750,543,1.38,0.53026,2024-06-10
GME,24.83,2024-06-14,3,Call,35.5,1.81,1.95,1.9,936,672,1.39,0.30674,2024-06-10
GME,24.83,2024-06-21,10,Call,28,4.4,4.5,4.55,2975,2119,1.4,0.530117,2024-06-10
GME,24.83,2024-06-14,3,Call,33.5,1.94,2.18,2.14,652,455,1.43,0.337671,2024-06-10
GME,24.83,2025-01-17,221,Put,18,4.65,4.7,4.9,783,529,1.48,-0.203276,2024-06-10
GME,24.83,2024-06-14,3,Call,22.5,3.75,4,4.1,1255,842,1.49,0.687079,2024-06-10
GME,24.83,2024-06-14,3,Call,32.5,2.1,2.19,2.21,615,401,1.53,0.358514,2024-06-10
GME,24.83,2024-06-14,3,Call,35,1.88,1.89,2,13434,8666,1.55,0.313313,2024-06-10
GME,24.83,2024-06-21,10,Call,27,4.6,4.85,4.95,2251,1404,1.6,0.556112,2024-06-10
GME,24.83,2024-06-14,3,Put,25.5,3.6,3.6,3.8,1644,1022,1.61,-0.467569,2024-06-10
GME,24.83,2024-06-21,10,Put,25,5.1,5.17,5.3,9996,6003,1.67,-0.402555,2024-06-10
GME,24.83,2024-06-28,17,Put,20,2.8,2.87,2.9,5722,3324,1.72,-0.25212,2024-06-10
GME,24.83,2024-06-21,10,Call,25.5,4.9,5.07,5.3,1830,1065,1.72,0.587678,2024-06-10
GME,24.83,2026-01-16,585,Put,17,4.15,6.25,6.6,1218,707,1.72,-0.164371,2024-06-10
GME,24.83,2024-06-14,3,Call,29.5,2.36,2.45,2.54,942,542,1.74,0.414301,2024-06-10
GME,24.83,2024-06-14,3,Put,19,0.31,0.34,0.35,6661,3808,1.75,-0.107439,2024-06-10
GME,24.83,2024-08-16,66,Call,22,8.9,9.1,9.55,746,419,1.78,0.708817,2024-06-10
GME,24.83,2024-06-21,10,Put,23,3.65,3.75,3.9,1045,580,1.8,-0.343888,2024-06-10
GME,24.83,2024-06-14,3,Put,18,0.2,0.21,0.22,8887,4886,1.82,-0.071902,2024-06-10
GME,24.83,2024-07-05,24,Call,80,2.4,2.8,3,1193,630,1.89,0.274143,2024-06-10
GME,24.83,2025-01-17,221,Put,15,2.6,2.8,2.81,7591,3989,1.9,-0.15216,2024-06-10
GME,24.83,2024-06-28,17,Put,18,1.49,1.83,1.88,648,340,1.91,-0.191262,2024-06-10
GME,24.83,2024-06-14,3,Call,75,0.64,0.64,0.79,2277,1179,1.93,0.102128,2024-06-10
GME,24.83,2024-06-14,3,Call,29,2.33,2.5,2.65,3190,1552,2.06,0.425605,2024-06-10
GME,24.83,2024-08-16,66,Put,13,0.7,1,1,807,379,2.13,-0.094958,2024-06-10
GME,24.83,2024-06-21,10,Call,22.5,5.7,5.7,6.15,913,419,2.18,0.670918,2024-06-10
GME,24.83,2024-06-14,3,Put,26.5,4.3,4.49,4.6,1586,711,2.23,-0.503011,2024-06-10
GME,24.83,2024-06-14,3,Put,17.5,0.14,0.15,0.16,1910,825,2.32,-0.054892,2024-06-10
GME,24.83,2024-06-14,3,Call,30.5,2.2,2.31,2.42,1012,436,2.32,0.390567,2024-06-10
GME,24.83,2024-06-14,3,Put,28.5,5.95,6.2,6.25,994,424,2.34,-0.563214,2024-06-10
GME,24.83,2024-10-18,129,Put,15,1.95,2.2,2.35,5463,2310,2.36,-0.147575,2024-06-10
GME,24.83,2024-06-14,3,Put,18.5,0.23,0.25,0.27,1860,789,2.36,-0.084883,2024-06-10
GME,24.83,2024-07-12,31,Put,20,3.35,3.65,3.9,555,235,2.36,-0.254477,2024-06-10
GME,24.83,2024-07-19,38,Put,18,2.56,2.68,2.8,2462,1011,2.44,-0.205515,2024-06-10
GME,24.83,2024-06-14,3,Put,25,3.2,3.27,3.3,19750,8075,2.45,-0.444327,2024-06-10
GME,24.83,2024-06-14,3,Call,30,2.33,2.38,2.4,29546,10879,2.72,0.402248,2024-06-10
GME,24.83,2024-06-14,3,Put,20,0.55,0.56,0.57,45847,15992,2.87,-0.15691,2024-06-10
GME,24.83,2024-06-14,3,Put,27,4.8,4.83,5.05,4835,1682,2.87,-0.523422,2024-06-10
GME,24.83,2024-06-21,10,Put,19,1.25,1.35,1.4,3419,1179,2.9,-0.194869,2024-06-10
GME,24.83,2024-06-28,17,Put,15,0.5,0.62,0.67,4917,1686,2.92,-0.093586,2024-06-10
GME,24.83,2024-06-14,3,Put,21,0.85,0.89,0.96,17974,6007,2.99,-0.216302,2024-06-10
GME,24.83,2024-07-05,24,Call,95,2.1,2.4,2.4,766,253,3.03,0.23809,2024-06-10
GME,24.83,2024-06-14,3,Put,19.5,0.4,0.41,0.47,5252,1728,3.04,-0.126481,2024-06-10
GME,24.83,2024-06-14,3,Put,24,2.5,2.57,2.65,9618,3053,3.15,-0.39575,2024-06-10
GME,24.83,2024-06-14,3,Put,23,1.85,1.91,1.91,11034,3477,3.17,-0.340729,2024-06-10
GME,24.83,2024-08-16,66,Put,10,0.27,0.28,0.3,7113,2234,3.18,-0.036283,2024-06-10
GME,24.83,2024-06-14,3,Put,26,3.9,4.05,4.2,5262,1627,3.23,-0.485932,2024-06-10
GME,24.83,2025-06-20,374,Put,17,3.4,5.25,5.2,1305,396,3.3,-0.183964,2024-06-10
GME,24.83,2024-06-14,3,Call,23,3.7,3.84,4,3862,1163,3.32,0.657277,2024-06-10
GME,24.83,2024-06-14,3,Put,21.5,1.05,1.1,1.17,3375,957,3.53,-0.247846,2024-06-10
GME,24.83,2024-06-14,3,Put,22,1.31,1.36,1.42,12783,3535,3.62,-0.280463,2024-06-10
GME,24.83,2025-06-20,374,Put,120,95.9,97.75,98.45,530,142,3.73,-0.678314,2024-06-10
GME,24.83,2024-06-14,3,Put,20.5,0.7,0.73,0.75,4631,1214,3.81,-0.187742,2024-06-10
GME,24.83,2024-06-14,3,Call,28,2.5,2.66,2.8,7908,1987,3.98,0.45333,2024-06-10
GME,24.83,2026-01-16,585,Call,32,10.8,12.4,13.5,1019,254,4.01,0.701655,2024-06-10
GME,24.83,2024-06-21,10,Call,24.5,5.05,5.35,5.4,1519,368,4.13,0.613983,2024-06-10
GME,24.83,2024-06-14,3,Put,16.5,0.09,0.1,0.11,1998,458,4.36,-0.037308,2024-06-10
GME,24.83,2024-06-14,3,Call,23.5,3.5,3.65,3.9,1168,262,4.46,0.630112,2024-06-10
GME,24.83,2024-06-14,3,Put,27.5,5.2,5.24,5.45,2139,447,4.79,-0.540067,2024-06-10
GME,24.83,2026-01-16,585,Put,95,72.1,74.45,74.95,1200,237,5.06,-0.552243,2024-06-10
GME,24.83,2024-06-14,3,Call,27,2.7,2.78,2.8,4994,980,5.1,0.481738,2024-06-10
"Downloaded from Barchart.com as of 03-16-2026 10:14am CDT"
